Teorico,Practico,Time[s],Latitude,Longitude,Speed[m/s],Distance,Altitude[m],dist_Acum
1.0,1.0,0.0,-0.251986,-78.521246,1.3888888888888888,0.0,2841,0.0
,,1.0,-0.251968,-78.521241,1.8333333333333333,2.0779433272983856,2841,2.0779433272983856
,,6.0,-0.251876,-78.521203,2.1944444444444446,11.071683777163527,2839,13.149627104461912
,,11.0,-0.251846,-78.521198,0.0,3.382922425644369,2839,16.53254953010628
,,102.0,-0.251798,-78.521215,1.3333333333333333,5.663984770270725,2849,22.196534300377003
,,107.0,-0.251688,-78.521191,2.7777777777777777,12.52311044699994,2846,34.71964474737695
,,112.0,-0.25165,-78.52118,0.0,4.400257918135225,2846,39.11990266551217
,,136.0,-0.25165,-78.52118,0.0,0.0,2846,39.11990266551217
,,136.0,-0.25165,-78.52118,0.0,0.0,2846,39.11990266551217
,,136.0,-0.25165,-78.52118,0.0,0.0,2846,39.11990266551217
,,137.0,-0.25165,-78.52118,0.0,0.0,2846,39.11990266551217
,,157.0,-0.251568,-78.521201,1.7777777777777777,9.41519080505284,2841,48.53509347056501
,,160.0,-0.251508,-78.521251,3.8333333333333335,8.687293379370303,2841,57.22238684993531
,,162.0,-0.251468,-78.52131,3.75,7.928536271343311,2839,65.15092312127862
,,164.0,-0.251425,-78.521363,4.0,7.591341103079843,2838,72.74226422435846
,,165.0,-0.251395,-78.521381,3.75,3.8914449248287197,2838,76.63370914918718
,,166.0,-0.251361,-78.521386,3.8333333333333335,3.8224881382737643,2837,80.45619728746095
,,167.0,-0.251325,-78.521383,3.888888888888889,4.018153403925042,2837,84.474350691386
,,168.0,-0.251286,-78.521371,4.666666666666667,4.53866411323836,2836,89.01301480462435
,,173.0,-0.251068,-78.521305,7.75,25.335000627784442,2834,114.34801543240879
,,178.0,-0.250725,-78.521201,4.416666666666667,39.86698071961209,2834,154.2149961520209
,,183.0,-0.250568,-78.52114,3.4444444444444446,18.73485813797155,2828,172.94985428999243
,,188.0,-0.250473,-78.52111,0.0,11.081184027707051,2827,184.03103831769948
,,200.0,-0.250398,-78.5211,2.0,8.416062637426126,2830,192.44710095512562
,,205.0,-0.250238,-78.521043,4.777777777777778,18.89235950119213,2826,211.33946045631774
,,210.0,-0.249968,-78.520963,6.527777777777778,31.322581347191438,2826,242.66204180350917
,,215.0,-0.249698,-78.520868,4.916666666666667,31.83677412939478,2823,274.49881593290394
,,220.0,-0.249548,-78.520806,4.25,18.05350553715697,2818,292.5523214700609
,,223.0,-0.249431,-78.520795,3.8333333333333335,13.071279142271914,2817,305.62360061233284
,,228.0,-0.249223,-78.520781,4.777777777777778,23.18815146498943,2820,328.81175207732224
,,231.0,-0.249083,-78.520723,5.944444444444445,16.855609204217224,2820,345.66736128153946
,,236.0,-0.248813,-78.520621,7.25,32.10359750021865,2819,377.7709587817581
,,241.0,-0.248428,-78.520485,9.444444444444445,45.41674295686206,2820,423.18770173862015
,,246.0,-0.248046,-78.520338,8.777777777777779,45.527200184814774,2818,468.7149019234349
,,251.0,-0.247615,-78.520181,10.38888888888889,51.021591150690064,2821,519.736493074125
,,256.0,-0.247171,-78.520011,11.13888888888889,52.882207400528884,2823,572.6187004746538
,,261.0,-0.246766,-78.519861,9.86111111111111,48.038487346714874,2820,620.6571878213687
,,266.0,-0.246311,-78.519695,11.36111111111111,53.87251248217778,2819,674.5297003035464
,,271.0,-0.245806,-78.519528,11.777777777777779,59.162717055473145,2817,733.6924173590196
,,276.0,-0.245306,-78.519355,11.36111111111111,58.849774896684664,2815,792.5421922557043
,,278.0,-0.245183,-78.519261,7.555555555555555,17.21902417989363,2813,809.7612164355979
,,283.0,-0.245013,-78.519176,2.0555555555555554,21.140946113282986,2806,830.9021625488809
,,284.0,-0.244993,-78.519173,2.0,2.2494837110486876,2805,833.1516462599296
,,289.0,-0.244975,-78.519178,0.0,2.077943406079958,2807,835.2295896660096
,,294.0,-0.244911,-78.519165,1.2222222222222223,7.2640804697679595,2807,842.4936701357775
,,299.0,-0.244831,-78.51912,3.4722222222222223,10.209519136980136,2808,852.7031892727576
,,304.0,-0.244636,-78.519065,5.555555555555555,22.536038445110915,2809,875.2392277178685
1.0,1.0,309.0,-0.244456,-78.519008,3.1666666666666665,21.00122372479659,2810,896.2404514426651
,,312.0,-0.244381,-78.519001,1.7222222222222223,8.378493125670207,2814,904.6189445683352
,,317.0,-0.244363,-78.519001,0.0,2.0021369981280426,2815,906.6210815664633
,,329.0,-0.244398,-78.518951,1.2222222222222223,6.78862428452019,2835,913.4097058509835
,,332.0,-0.244415,-78.518926,1.1111111111111112,3.362727551487736,2837,916.7724334024713
,,337.0,-0.244371,-78.518948,1.5833333333333333,5.471774346124277,2841,922.2442077485955
,,342.0,-0.244255,-78.519003,2.9722222222222223,14.279478309426702,2846,936.5236860580222
,,347.0,-0.244255,-78.519003,2.9722222222222223,0.0,2846,936.5236860580222
,,352.0,-0.244255,-78.519003,0.0,0.0,0,936.5236860580222
,,354.0,-0.242901,-78.518275,10.166666666666666,170.9935912085986,2839,1107.5172772666208
,,359.0,-0.242461,-78.518088,11.416666666666666,53.177676067810765,2838,1160.6949533344316
,,364.0,-0.241931,-78.517858,13.11111111111111,64.26342044735739,2835,1224.958373781789
,,369.0,-0.241403,-78.517628,11.972222222222221,64.05940950578432,2832,1289.0177832875734
,,374.0,-0.24092,-78.517415,11.61111111111111,58.715994023473655,2829,1347.733777311047
,,379.0,-0.240438,-78.51721,11.36111111111111,58.26025617194371,2825,1405.9940334829907
,,384.0,-0.239931,-78.517005,12.527777777777779,60.828916324167814,2821,1466.8229498071585
,,389.0,-0.239435,-78.51677,12.13888888888889,61.0488700116634,2816,1527.871819818822
1.0,,394.0,-0.23897,-78.51655,10.472222222222221,57.218442146762776,2812,1585.0902619655847
,1.0,399.0,-0.238693,-78.516405,4.194444444444445,34.77664989604471,2810,1619.8669118616294
,,404.0,-0.238651,-78.51638,0.0,5.436612448576735,2810,1625.303524310206
,,416.0,-0.238628,-78.516383,1.1111111111111112,2.5799563658735,2811,1627.8834806760797
,,421.0,-0.238443,-78.516283,6.944444444444445,23.391299834040442,2810,1651.27478051012
,,426.0,-0.238068,-78.516096,10.333333333333334,46.60959983682493,2807,1697.884380346945
,,431.0,-0.237596,-78.515915,11.916666666666666,56.22824136129326,2807,1754.112621708238
,,436.0,-0.237103,-78.515708,11.666666666666666,59.473881913623735,2807,1813.5865036218618
,,440.0,-0.236708,-78.515541,12.083333333333334,47.70106969168895,2804,1861.2875733135506
,,441.0,-0.236708,-78.515541,12.083333333333334,0.0,2804,1861.2875733135506
,,446.0,-0.236198,-78.515271,9.194444444444445,64.18633718125423,2800,1925.4739104948048
,,451.0,-0.235883,-78.515041,7.277777777777778,43.383071853729895,2797,1968.8569823485348
,,456.0,-0.235675,-78.514873,4.555555555555555,29.739687987717677,2794,1998.5966703362524
1.0,,461.0,-0.235633,-78.51485,0.0,5.326261268255135,2792,2003.9229316045075
,1.0,473.0,-0.235618,-78.514821,1.2777777777777777,3.6315915016047122,2789,2007.5545231061124
,,478.0,-0.235456,-78.51467,8.277777777777779,24.63297973005498,2783,2032.1875028361674
,,483.0,-0.235063,-78.514416,10.027777777777779,52.04842092072877,2777,2084.235923756896
,,484.0,-0.234981,-78.514391,9.38888888888889,9.535316195189672,2776,2093.771239952086
,,489.0,-0.234685,-78.514295,5.277777777777778,34.61229447082691,2774,2128.383534422913
,,494.0,-0.23452,-78.514265,1.7222222222222223,18.6538051132725,2772,2147.0373395361853
,,499.0,-0.234425,-78.514243,3.111111111111111,10.846472629458335,2771,2157.8838121656436
,,504.0,-0.234206,-78.514196,7.194444444444445,24.913983740337944,2767,2182.7977959059817
,,507.0,-0.234011,-78.514158,7.194444444444445,22.097808975327972,2764,2204.8956048813097
,,509.0,-0.233908,-78.5141,6.111111111111111,13.148167978204539,2761,2218.0437728595143
,,511.0,-0.233828,-78.514028,5.277777777777778,11.971510243603236,2761,2230.015283103118
,,516.0,-0.233718,-78.513943,0.0,15.46249904731415,2762,2245.4777821504317
,,539.0,-0.233648,-78.513976,1.5277777777777777,8.607911352497613,2769,2254.085693502929
,,544.0,-0.233648,-78.513976,0.0,0.0,2769,2254.085693502929
,,546.0,-0.233573,-78.513935,4.055555555555555,9.507367672253144,2769,2263.5930611751824
,,548.0,-0.233478,-78.513908,5.805555555555555,10.985311899618978,2768,2274.578373074801
,,553.0,-0.233233,-78.513873,3.5277777777777777,27.52797470490709,2768,2302.1063477797084
,,558.0,-0.233015,-78.513861,5.861111111111111,24.284811709313786,2766,2326.3911594890224
,,563.0,-0.232711,-78.513845,9.5,33.860669754861064,2766,2360.2518292438835
,,568.0,-0.232118,-78.513826,11.416666666666666,65.99313849919201,2770,2426.2449677430754
,,571.0,-0.231831,-78.513786,9.444444444444445,32.23151421173381,2774,2458.476481954809
,,573.0,-0.23168,-78.513731,8.63888888888889,17.875139643641045,2776,2476.35162159845
,,578.0,-0.231388,-78.513568,5.388888888888889,37.19678729558693,2780,2513.548408894037
,,583.0,-0.231246,-78.51348,3.4444444444444446,18.581666498233457,2780,2532.1300753922706
,,588.0,-0.231045,-78.513343,6.722222222222222,27.056458486334623,2779,2559.186533878605
1.0,,593.0,-0.230713,-78.513148,7.75,42.82686337279186,2781,2602.013397251397
,1.0,598.0,-0.230591,-78.513075,0.0,15.813781954820742,2783,2617.8271792062174
,,612.0,-0.230546,-78.513053,1.5277777777777777,5.571484650536608,2786,2623.398663856754
,,617.0,-0.230393,-78.51297,5.888888888888889,19.360985861981487,2788,2642.7596497187355
,,622.0,-0.230088,-78.512805,8.36111111111111,38.57118971340265,2790,2681.3308394321384
,,627.0,-0.229695,-78.512673,9.75,46.11314686190561,2792,2727.443986294044
,,632.0,-0.229243,-78.512606,10.75,50.82520960862034,2795,2778.2691959026643
,,635.0,-0.228936,-78.512646,12.527777777777779,34.43618412254897,2798,2812.7053800252133
,,640.0,-0.228485,-78.512715,9.305555555555555,50.74835075309617,2800,2863.4537307783094
,,645.0,-0.228028,-78.512775,10.38888888888889,51.26825942851931,2801,2914.7219902068287
,,650.0,-0.227566,-78.512833,10.027777777777779,51.791547111744116,2800,2966.5135373185726
,,655.0,-0.227225,-78.5129,5.333333333333333,38.65455625921637,2799,3005.168093577789
,,660.0,-0.227098,-78.512943,2.0,14.913913609702202,2798,3020.0820071874914
1.0,,665.0,-0.226896,-78.512971,5.861111111111111,22.68324791829485,2793,3042.7652551057863
,1.0,670.0,-0.226593,-78.512978,5.944444444444445,33.711631959468804,2795,3076.476887065255
,,675.0,-0.22639,-78.512961,2.4444444444444446,22.65869249734509,2798,3099.1355795626
,,680.0,-0.226368,-78.512958,0.0,2.4697027416657056,2799,3101.6052823042655
,,690.0,-0.226321,-78.512948,1.6944444444444444,5.344820269693722,2803,3106.950102573959
,,695.0,-0.22613,-78.512928,6.166666666666667,21.36104984393006,2805,3128.3111524178894
,,700.0,-0.225786,-78.512875,8.36111111111111,38.71452676096455,2808,3167.025679178854
,,705.0,-0.225381,-78.512835,9.5,45.267259112541204,2811,3212.292938291395
,,710.0,-0.224928,-78.512791,10.777777777777779,50.624236011664564,2814,3262.9171743030593
,,715.0,-0.224508,-78.512723,7.333333333333333,47.324853615013545,2818,3310.242027918073
,,718.0,-0.224338,-78.512715,5.694444444444445,18.929997129687045,2820,3329.1720250477597
,,719.0,-0.224295,-78.512735,5.333333333333333,5.274914465882815,2820,3334.4469395136425
,,720.0,-0.224258,-78.512765,5.444444444444445,5.298308162389088,2819,3339.745247676032
,,722.0,-0.224188,-78.512828,5.583333333333333,10.475074617018441,2818,3350.2203222930502
,,727.0,-0.224023,-78.513033,7.638888888888889,29.270433798342307,2820,3379.4907560913925
,,729.0,-0.22389,-78.51317,6.611111111111111,21.238116482290007,2820,3400.7288725736826
,,730.0,-0.223836,-78.513186,6.166666666666667,6.264517227046922,2820,3406.9933898007293
,,731.0,-0.223785,-78.513186,5.444444444444445,5.672721494710861,2820,3412.6661112954403
,,732.0,-0.22374,-78.51317,4.916666666666667,5.312311793689679,2821,3417.97842308913
,,733.0,-0.223706,-78.51315,4.194444444444445,4.387581850362983,2821,3422.366004939493
,,738.0,-0.223635,-78.513106,0.0,9.290834615193074,2824,3431.656839554686
,,743.0,-0.223575,-78.513075,2.3055555555555554,7.511914312407748,2827,3439.168753867094
,,744.0,-0.223555,-78.513061,2.6666666666666665,2.715459493116579,2827,3441.8842133602107
,,745.0,-0.223535,-78.513046,2.7222222222222223,2.7807382111207914,2827,3444.6649515713316
,,750.0,-0.223431,-78.51298,2.8055555555555554,13.7006683819053,2828,3458.365619953237
,,755.0,-0.223401,-78.512958,0.0,4.137977992411651,2828,3462.503597945649
,,768.0,-0.223373,-78.512945,1.1111111111111112,3.4337379705704616,2828,3465.937335916219
,,773.0,-0.223313,-78.512905,3.4444444444444446,8.020878591488726,2828,3473.958214507708
,,776.0,-0.223235,-78.512833,3.8055555555555554,11.807098549351275,2828,3485.7653130570593
,,777.0,-0.22323,-78.512805,3.2222222222222223,3.163678569094002,2827,3488.928991626153
,,778.0,-0.22324,-78.512773,3.8055555555555554,3.7290777520850606,2827,3492.6580693782385
,,779.0,-0.223263,-78.512748,3.888888888888889,3.7785259126875093,2827,3496.436595290926
,,780.0,-0.223291,-78.512733,3.111111111111111,3.5331830142745453,2827,3499.9697783052006
1.0,1.0,785.0,-0.22339,-78.512648,3.4722222222222223,14.513635118292436,2826,3514.483413423493
,,790.0,-0.223461,-78.512576,1.1111111111111112,11.247377462984629,2826,3525.7307908864777
,,795.0,-0.223461,-78.512576,0.0,0.0,2826,3525.7307908864777
,,813.0,-0.223485,-78.512525,1.6388888888888888,6.269417459225684,2831,3532.0002083457034
,,814.0,-0.2235,-78.512505,3.111111111111111,2.780732290721793,2831,3534.7809406364254
,,816.0,-0.22353,-78.512453,3.75,6.677458505233454,2832,3541.458399141659
,,817.0,-0.22353,-78.512418,3.888888888888889,3.893014536035128,2831,3545.351413677694
,,819.0,-0.223506,-78.512348,4.555555555555555,8.230951613947079,2830,3553.582365291641
,,820.0,-0.223481,-78.512311,4.972222222222222,4.966856293806151,2830,3558.5492215854474
,,821.0,-0.223445,-78.512276,5.861111111111111,5.58478043813776,2830,3564.1340020235853
,,826.0,-0.223238,-78.512076,4.916666666666667,32.01572408151634,2827,3596.1497261051018
,,831.0,-0.223091,-78.511948,3.638888888888889,21.680618088244085,2825,3617.830344193346
,,832.0,-0.223075,-78.511916,3.6944444444444446,3.979455361959111,2826,3621.809799555305
,,835.0,-0.223028,-78.511855,1.4166666666666667,8.565378672349444,2825,3630.3751782276545
,,840.0,-0.223028,-78.511855,0.0,0.0,2825,3630.3751782276545
,,847.0,-0.222985,-78.511838,1.6388888888888888,5.143096721920725,2827,3635.5182749495752
,,851.0,-0.222901,-78.511721,5.583333333333333,16.020491511646078,2829,3651.5387664612213
,,856.0,-0.222673,-78.511483,8.472222222222221,36.65983161926143,2832,3688.1985980804825
,,861.0,-0.222433,-78.511238,6.722222222222222,38.14779431890303,2836,3726.3463923993854
,,866.0,-0.222255,-78.511083,5.194444444444445,26.253218747731495,2839,3752.599611147117
,,871.0,-0.22208,-78.510945,5.388888888888889,24.789213185158193,2841,3777.388824332275
,,876.0,-0.221876,-78.510791,4.666666666666667,28.43040717494504,2841,3805.81923150722
,,881.0,-0.221818,-78.510753,0.0,7.712630719875173,2842,3813.531862227095
,,888.0,-0.221791,-78.510743,1.7222222222222223,3.202566516796065,2842,3816.7344287438914
,,890.0,-0.22176,-78.510715,2.7222222222222223,4.646410113681252,2843,3821.3808388575726
,,893.0,-0.2217,-78.510636,4.111111111111111,11.03414888270558,2844,3832.4149877402783
,,898.0,-0.221526,-78.510446,6.25,28.65662613763886,2847,3861.071613877917
,,903.0,-0.221306,-78.510275,5.083333333333333,30.99314334793291,2845,3892.06475722585
,,908.0,-0.221155,-78.510198,2.138888888888889,18.853345700321782,2845,3910.9181029261717
,,909.0,-0.221145,-78.510188,1.3888888888888888,1.5730215293140362,2844,3912.491124455486
,,914.0,-0.221131,-78.510158,0.0,3.6823401801086537,2843,3916.1734646355944
,,919.0,-0.221111,-78.510118,0.0,4.974319728472652,2842,3921.147784364067
,,924.0,-0.221081,-78.510088,1.2777777777777777,4.719064594529101,2840,3925.866848958596
,,925.0,-0.221068,-78.510081,1.5833333333333333,1.6422860582734518,2839,3927.5091350168695
,,926.0,-0.22106,-78.510065,2.138888888888889,1.989727897753112,2839,3929.498862914623
,,927.0,-0.221045,-78.510051,2.4166666666666665,2.2822374589158283,2838,3931.7811003735387
,,932.0,-0.220925,-78.509965,3.4444444444444446,16.421339865433698,2836,3948.2024402389725
,,937.0,-0.220803,-78.509885,3.388888888888889,16.227325249105224,2834,3964.429765488078
,,942.0,-0.220671,-78.509783,3.9444444444444446,18.555005116308067,2833,3982.984770604386
,,947.0,-0.220493,-78.509628,5.083333333333333,26.253220091678244,2830,4009.237990696064
,,952.0,-0.220335,-78.5095,3.3333333333333335,22.617638921276917,2828,4031.855629617341
,,953.0,-0.220321,-78.509476,2.861111111111111,3.0904914077808705,2827,4034.946121025122
,,954.0,-0.220321,-78.509451,2.5,2.780725273051858,2827,4037.7268462981738
,,956.0,-0.220336,-78.509413,2.8055555555555554,4.544087403000101,2826,4042.270933701174
,,957.0,-0.220356,-78.509393,3.4722222222222223,3.1460431406717015,2826,4045.4169768418456
,,962.0,-0.220466,-78.509216,5.194444444444445,23.17975720318981,2824,4068.596734045035
,,967.0,-0.220558,-78.509061,3.6944444444444446,20.04873980816027,2822,4088.6454738531957
,,971.0,-0.220636,-78.508948,3.638888888888889,15.272472074263971,2819,4103.917945927459
,,973.0,-0.220661,-78.508918,1.1666666666666667,4.34364483622974,2818,4108.261590763689
,,974.0,-0.220675,-78.508906,1.7222222222222223,2.0509703422459697,2819,4110.312561105935
,1.0,979.0,-0.220731,-78.50885,0.0,8.808920690858782,2816,4119.121481796794
,,1047.0,-0.220823,-78.508735,1.6944444444444444,16.380949991558374,2829,4135.502431788353
,,1048.0,-0.22083,-78.50872,2.0833333333333335,1.8411701217565033,2829,4137.343601910109
,,1049.0,-0.220831,-78.508701,2.361111111111111,2.116276232503852,2829,4139.459878142613
,,1050.0,-0.220823,-78.508683,2.1944444444444446,2.1909600323418985,2829,4141.6508381749545
,,1051.0,-0.220808,-78.508671,2.0833333333333335,2.136649130681545,2828,4143.787487305636
,,1052.0,-0.220786,-78.508658,2.9166666666666665,2.8423466451804997,2827,4146.629833950817
,,1057.0,-0.220606,-78.508521,6.666666666666667,25.160749220181724,2828,4171.790583170999
,,1062.0,-0.220376,-78.508351,4.972222222222222,31.812426901243946,2829,4203.603010072243
,,1067.0,-0.22022,-78.508211,6.583333333333333,23.31471504270301,2830,4226.917725114946
,,1072.0,-0.219966,-78.508003,4.972222222222222,36.51649533318195,2831,4263.434220448128
,,1077.0,-0.219781,-78.507878,4.666666666666667,24.834353863381434,2827,4288.26857431151
,,1082.0,-0.219588,-78.507716,5.75,28.027405078719582,2826,4316.295979390229
,,1087.0,-0.21942,-78.50758,6.583333333333333,24.042046976155717,2825,4340.338026366385
,,1092.0,-0.219135,-78.507336,7.388888888888889,41.7312230010336,2825,4382.069249367419
,,1097.0,-0.218881,-78.50712,6.777777777777778,37.08665497304646,2825,4419.155904340465
,,1102.0,-0.21868,-78.506966,4.472222222222222,28.164802608059716,2824,4447.320706948524
,,1105.0,-0.218628,-78.50693,1.1111111111111112,7.034775738298107,2824,4454.355482686822
,,1110.0,-0.218628,-78.50693,0.0,0.0,2824,4454.355482686822
,,1138.0,-0.218621,-78.506915,1.1666666666666667,1.8411703445882786,2829,4456.19665303141
,,1143.0,-0.218553,-78.506848,3.5277777777777777,10.618188095217098,2834,4466.8148411266275
,,1148.0,-0.218423,-78.506715,6.055555555555555,20.686578921562724,2837,4487.50142004819
,,1153.0,-0.21812,-78.506451,7.805555555555555,44.70055467328168,2842,4532.201974721472
,,1158.0,-0.217928,-78.50626,3.4722222222222223,30.123468661784653,2844,4562.325443383256
,,1163.0,-0.217915,-78.506243,0.0,2.3804115177675116,2844,4564.7058549010235
,,1176.0,-0.217856,-78.506271,1.1111111111111112,7.264073445623065,2839,4571.969928346646
,,1179.0,-0.217823,-78.506246,1.5833333333333333,4.604956692944869,2838,4576.574885039591
,,1184.0,-0.217823,-78.506246,0.0,0.0,2838,4576.574885039591
,,1205.0,-0.217751,-78.506203,1.1666666666666667,9.328047951720219,2831,4585.902932991311
1.0,1.0,1208.0,-0.217721,-78.506153,2.9722222222222223,6.485723633512379,2832,4592.388656624823
,,1210.0,-0.2177,-78.506083,4.777777777777778,8.128861023277587,2832,4600.517517648101
,,1215.0,-0.217623,-78.505773,8.277777777777779,35.52876810784721,2833,4636.046285755948
,,1217.0,-0.217553,-78.505638,8.416666666666666,16.914520419265827,2833,4652.960806175213
,,1222.0,-0.217278,-78.505353,8.583333333333334,44.05162448094795,2833,4697.012430656161
,,1227.0,-0.216975,-78.505063,10.166666666666666,46.65130801585221,2835,4743.663738672013
,,1232.0,-0.216621,-78.504665,11.805555555555555,59.246749169509265,2835,4802.910487841523
,,1237.0,-0.216225,-78.504328,11.722222222222221,57.83773567188236,2835,4860.748223513405
,,1242.0,-0.215783,-78.503978,12.86111111111111,62.7105729657452,2836,4923.45879647915
,,1247.0,-0.215345,-78.503681,10.333333333333334,58.8627343616838,2840,4982.3215308408335
,,1252.0,-0.214938,-78.503431,9.972222222222221,53.12876640101129,2839,5035.450297241845
,,1257.0,-0.214583,-78.503275,6.666666666666667,43.13088753206436,2839,5078.58118477391
1.0,,1262.0,-0.214363,-78.503128,5.694444444444445,29.430475847719585,2836,5108.011660621629
,1.0,1267.0,-0.214216,-78.503058,1.7777777777777777,18.109956085303242,2834,5126.121616706932
,,1272.0,-0.214216,-78.503058,0.0,0.0,2834,5126.121616706932
,,1287.0,-0.214181,-78.503063,1.8333333333333333,3.9325679178350628,2832,5130.054184624768
,,1292.0,-0.213973,-78.502946,7.805555555555555,26.54476349004865,2832,5156.598948114816
,,1297.0,-0.213635,-78.502745,8.722222222222221,43.74097280516982,2830,5200.339920919986
,,1302.0,-0.213261,-78.502538,10.027777777777779,47.54661074459361,2828,5247.88653166458
,,1304.0,-0.213123,-78.502425,10.027777777777779,19.83911944142119,2827,5267.725651106
,,1309.0,-0.21272,-78.502161,11.11111111111111,53.58739353181155,2823,5321.313044637812
,,1314.0,-0.212325,-78.501886,9.36111111111111,53.53483432644268,2822,5374.847878964254
,,1319.0,-0.212033,-78.501655,7.972222222222222,41.4134030736466,2821,5416.261282037901
,,1324.0,-0.21183,-78.501513,3.0277777777777777,27.55554381401805,2821,5443.816825851919
,,1329.0,-0.21182,-78.501503,0.0,1.573022011973353,2821,5445.389847863892
,,1352.0,-0.21182,-78.501503,0.0,0.0,2821,5445.389847863892
,,1353.0,-0.21182,-78.501503,0.0,0.0,2821,5445.389847863892
,,1376.0,-0.21179,-78.501458,1.2222222222222223,6.015644549666811,2818,5451.405492413559
,,1381.0,-0.21165,-78.501338,6.527777777777778,20.509708543999402,2816,5471.915200957558
,,1386.0,-0.2113,-78.501118,10.777777777777779,45.982383547310334,2816,5517.897584504869
,,1391.0,-0.210758,-78.500888,12.944444444444445,65.49003288170965,2816,5583.387617386578
,,1396.0,-0.210365,-78.500741,11.194444444444445,46.671182870802134,2817,5630.05880025738
,,1401.0,-0.209723,-78.500491,14.25,76.63268621018995,2816,5706.69148646757
,,1406.0,-0.209156,-78.500273,12.13888888888889,67.56810601729613,2817,5774.2595924848665
,,1411.0,-0.208801,-78.500136,5.638888888888889,42.32492474108518,2817,5816.5845172259515
,,1416.0,-0.208736,-78.500113,0.0,7.669208659054309,2818,5824.253725885006
1.0,,1430.0,-0.208698,-78.500123,1.4722222222222223,4.37063709524671,2819,5828.624362980253
,1.0,1435.0,-0.208505,-78.500053,7.083333333333333,22.835713681597454,2818,5851.4600766618505
,,1440.0,-0.208161,-78.49992,8.166666666666666,41.02327043597269,2818,5892.483347097823
,,1445.0,-0.207761,-78.499763,11.0,47.79631164547478,2817,5940.279658743298
,,1450.0,-0.207241,-78.499606,12.277777777777779,60.418247186294835,2817,6000.697905929593
,,1455.0,-0.206756,-78.499445,9.86111111111111,56.841128781116254,2817,6057.539034710709
,,1459.0,-0.206451,-78.499398,8.11111111111111,34.32552856694326,2817,6091.8645632776515
,,1464.0,-0.20609,-78.499363,7.194444444444445,40.34224692296784,2816,6132.20681020062
,,1469.0,-0.20577,-78.499301,8.055555555555555,36.25545761643857,2814,6168.462267817058
,,1474.0,-0.205348,-78.499155,10.527777777777779,49.66878818795566,2814,6218.131056005013
,,1479.0,-0.20489,-78.498945,10.777777777777779,56.04299829830014,2812,6274.174054303314
1.0,,1484.0,-0.204435,-78.498758,10.63888888888889,54.717114242378095,2812,6328.8911685456915
,1.0,1489.0,-0.204126,-78.498625,5.333333333333333,37.41851194688329,2812,6366.309680492574
,,1494.0,-0.204033,-78.498588,0.0,11.132979856813574,2812,6377.4426603493885
,,1512.0,-0.203973,-78.498571,1.1111111111111112,6.936494609012521,2820,6384.379154958401
,,1513.0,-0.203953,-78.498571,2.0,2.2245966645907065,2820,6386.603751622992
,,1514.0,-0.203931,-78.498563,2.6666666666666665,2.6038217114906566,2819,6389.207573334483
,,1517.0,-0.203855,-78.498528,3.111111111111111,9.306809913197501,2819,6398.514383247681
,,1522.0,-0.203763,-78.49849,0.0,11.071689164821533,2819,6409.586072412502
,,1542.0,-0.203743,-78.498481,1.1111111111111112,2.439458093293836,2820,6412.025530505796
,,1547.0,-0.20363,-78.498426,3.2222222222222223,13.978701377755257,2819,6426.004231883551
,,1552.0,-0.203501,-78.498365,1.8333333333333333,15.87197613117489,2819,6441.876208014726
,,1557.0,-0.203501,-78.498365,0.0,0.0,2819,6441.876208014726
,,1577.0,-0.203413,-78.498301,1.3333333333333333,12.103087973467332,2819,6453.979295988193
,,1582.0,-0.203263,-78.49823,5.861111111111111,18.459104910291607,2819,6472.438400898485
,,1587.0,-0.203005,-78.498121,9.194444444444445,31.153260480382336,2818,6503.591661378868
,,1592.0,-0.202518,-78.4979,10.277777777777779,59.4855430515527,2817,6563.07720443042
,,1597.0,-0.202046,-78.497685,12.694444444444445,57.69048977628843,2815,6620.767694206709
,,1602.0,-0.201523,-78.497451,11.666666666666666,63.73035777206186,2816,6684.498051978771
1.0,,1607.0,-0.201136,-78.49727,6.722222222222222,47.521258308892044,2816,6732.019310287664
,1.0,1612.0,-0.200938,-78.497193,3.9444444444444446,23.63023474294771,2815,6755.649545030611
,,1617.0,-0.200873,-78.49717,0.0,7.669209078221657,2814,6763.318754108833
,,1635.0,-0.200843,-78.497166,1.1666666666666667,3.3664252552809177,2814,6766.6851793641135
,,1640.0,-0.20078,-78.497135,1.6388888888888888,7.809877569683048,2814,6774.495056933796
,,1645.0,-0.200768,-78.49713,0.0,1.4459865184647056,2814,6775.941043452261
,,1656.0,-0.200768,-78.49713,0.0,0.0,2814,6775.941043452261
,,1657.0,-0.200768,-78.49713,0.0,0.0,2814,6775.941043452261
,,1671.0,-0.200735,-78.497116,1.3333333333333333,3.9872406036217622,2814,6779.928284055883
,,1676.0,-0.20058,-78.497046,6.0,18.917228893342607,2813,6798.845512949225
,,1681.0,-0.200231,-78.496896,10.277777777777779,42.252804692814564,2813,6841.09831764204
,,1686.0,-0.199766,-78.496691,11.5,56.52505851672035,2813,6897.62337615876
,,1691.0,-0.199361,-78.496506,12.277777777777779,49.5253358441314,2812,6947.148712002891
,,1696.0,-0.198756,-78.496233,12.5,73.8278832991069,2812,7020.976595301999
1.0,,1701.0,-0.198246,-78.49603,11.86111111111111,61.055807814251175,2812,7082.03240311625
,1.0,1706.0,-0.19779,-78.495846,8.777777777777779,54.69427711191815,2813,7136.726680228168
,,1711.0,-0.197586,-78.495761,5.027777777777778,24.581771498763725,2813,7161.308451726932
,,1716.0,-0.197525,-78.49574,0.0,7.175828497041732,2813,7168.484280223974
,,1734.0,-0.197481,-78.495768,1.1666666666666667,5.801028436351499,2813,7174.285308660325
,,1739.0,-0.197323,-78.495698,6.25,19.22183529448457,2811,7193.50714395481
,,1744.0,-0.196965,-78.495535,10.472222222222221,43.75345144213779,2811,7237.260595396948
,,1749.0,-0.196473,-78.495325,12.444444444444445,59.50156525401591,2810,7296.762160650964
,,1754.0,-0.195935,-78.495075,13.416666666666666,65.98688337668665,2807,7362.749044027651
,,1759.0,-0.195371,-78.494816,13.36111111111111,69.03208937116518,2806,7431.781133398816
,,1764.0,-0.194856,-78.494606,11.11111111111111,61.862638318374856,2810,7493.64377171719
,,1769.0,-0.194401,-78.494413,11.416666666666666,54.97427695208794,2811,7548.618048669278
,,1774.0,-0.193918,-78.49423,11.805555555555555,57.450786591138936,2809,7606.0688352604175
,,1779.0,-0.193391,-78.494011,12.944444444444445,63.47798507206624,2809,7669.546820332484
,,1784.0,-0.192871,-78.493795,12.027777777777779,62.630937294061965,2810,7732.177757626546
,,1789.0,-0.192381,-78.493593,11.86111111111111,58.95218295052689,2810,7791.129940577072
1.0,,1794.0,-0.191891,-78.493385,11.13888888888889,59.20975314841109,2811,7850.339693725484
,1.0,1799.0,-0.191443,-78.493203,9.444444444444445,53.785994034403366,2811,7904.125687759887
,,1804.0,-0.191178,-78.493095,4.361111111111111,31.82978646370279,2810,7935.95547422359
,,1809.0,-0.191123,-78.493078,0.0,6.40320383926682,2811,7942.358678062857
,,1828.0,-0.191073,-78.493093,1.2777777777777777,5.806365092941265,2807,7948.165043155798
,,1833.0,-0.190915,-78.493023,6.055555555555555,19.22183649059067,2807,7967.3868796463885
,,1838.0,-0.190573,-78.492873,9.916666666666666,41.538609680823484,2809,8008.925489327212
,,1843.0,-0.190131,-78.49269,10.277777777777779,53.21073284584036,2811,8062.136222173052
,,1848.0,-0.189686,-78.492515,10.75,53.1871316127651,2812,8115.323353785818
,,1853.0,-0.189306,-78.492355,7.444444444444445,45.86119734123196,2812,8161.184551127049
,,1858.0,-0.189038,-78.492241,5.638888888888889,32.39440872454324,2814,8193.578959851593
,,1863.0,-0.188835,-78.49215,4.361111111111111,24.744553286094995,2815,8218.323513137688
,,1868.0,-0.188716,-78.49209,3.0833333333333335,14.823628259339062,2814,8233.147141397027
,,1873.0,-0.188678,-78.492071,0.0,4.725626771308831,2813,8237.872768168336
,,1905.0,-0.188581,-78.492041,1.8333333333333333,11.293520652684037,2821,8249.16628882102
,,1910.0,-0.188393,-78.491963,6.611111111111111,22.639557010987833,2821,8271.805845832007
,,1915.0,-0.188015,-78.491811,10.75,45.31680740919063,2821,8317.122653241197
1.0,1.0,1920.0,-0.187528,-78.491618,11.13888888888889,58.267618342978096,2820,8375.390271584174
,,1925.0,-0.187206,-78.491495,4.472222222222222,38.3400761657934,2819,8413.730347749968
,,1927.0,-0.187163,-78.49148,1.1666666666666667,5.065536052300115,2819,8418.795883802268
,,1932.0,-0.187163,-78.49148,0.0,0.0,2819,8418.795883802268
,,1944.0,-0.187145,-78.491488,1.3888888888888888,2.1909716938694284,2818,8420.986855496138
,,1949.0,-0.186978,-78.491425,6.361111111111111,19.853187840311506,2818,8440.84004333645
,,1954.0,-0.186616,-78.491305,9.805555555555555,42.419833793900274,2818,8483.25987713035
,,1959.0,-0.186113,-78.491133,13.416666666666666,59.129164920607046,2818,8542.389042050956
,,1960.0,-0.185998,-78.4911,13.472222222222221,13.30765760515005,2818,8555.696699656106
,,1961.0,-0.185885,-78.491061,13.166666666666666,13.296494462803357,2818,8568.99319411891
,,1966.0,-0.185335,-78.4909,12.805555555555555,63.7435968619538,2819,8632.736790980864
1.0,,1971.0,-0.184778,-78.49073,12.5,64.77633368472719,2819,8697.513124665591
,1.0,1976.0,-0.184395,-78.49061,5.5,44.643067429043754,2819,8742.156192094635
,,1981.0,-0.184333,-78.49059,0.0,7.2461740569892426,2819,8749.402366151624
,,1996.0,-0.18431,-78.490575,1.1111111111111112,3.054261995630574,2819,8752.456628147254
,,2001.0,-0.184256,-78.490565,1.2777777777777777,6.10853237818038,2819,8758.565160525435
,,2006.0,-0.184245,-78.49056,0.0,1.343993998932275,2819,8759.909154524368
,,2011.0,-0.18418,-78.490533,2.8055555555555554,7.828867752532925,2820,8767.7380222769
,,2016.0,-0.183941,-78.490463,7.972222222222222,27.700683882902002,2822,8795.438706159803
,,2021.0,-0.183493,-78.490325,12.222222222222221,52.14150449034899,2822,8847.580210650152
,,2026.0,-0.182896,-78.490143,15.222222222222221,69.42137720595034,2821,8917.001587856103
,,2031.0,-0.1822,-78.489941,16.194444444444443,80.61052367621956,2821,8997.612111532322
,,2036.0,-0.181488,-78.489735,16.305555555555557,82.44371240250359,2819,9080.055823934827
,,2041.0,-0.180785,-78.489521,15.944444444444445,81.7372444464953,2818,9161.793068381321
,,2046.0,-0.180106,-78.48932,15.527777777777779,78.76467149455574,2817,9240.557739875876
,,2051.0,-0.179453,-78.489128,14.333333333333334,75.70762301107442,2815,9316.26536288695
,,2056.0,-0.178908,-78.489001,9.805555555555555,62.24438186347618,2814,9378.509744750427
,,2061.0,-0.178545,-78.488933,11.11111111111111,41.07875336408613,2812,9419.588498114514
,,2066.0,-0.178051,-78.48883,6.111111111111111,56.12919000968833,2812,9475.717688124201
1.0,,2071.0,-0.177955,-78.488813,0.0,10.84419411357518,2811,9486.561882237776
,1.0,2088.0,-0.177915,-78.488833,1.5277777777777777,4.974344567845438,2811,9491.536226805621
,,2093.0,-0.177841,-78.488831,0.0,8.234013292939995,2810,9499.770240098562
,,2110.0,-0.177803,-78.488788,1.3333333333333333,6.382869673583682,2822,9506.153109772145
,,2115.0,-0.177676,-78.488761,5.333333333333333,14.441896241498158,2823,9520.595006013644
,,2120.0,-0.177195,-78.48867,11.916666666666666,54.45060152448075,2819,9575.045607538124
,,2125.0,-0.176701,-78.488571,15.305555555555555,56.0400700250095,2816,9631.085677563135
,,2130.0,-0.175815,-78.488398,17.694444444444443,100.41070842941367,2806,9731.496385992548
,,2135.0,-0.175061,-78.48824,16.305555555555557,85.68883620535385,2802,9817.185222197902
,,2140.0,-0.174371,-78.488113,14.86111111111111,78.03776421439245,2804,9895.222986412295
,,2145.0,-0.173716,-78.487976,15.777777777777779,74.4321111364859,2805,9969.65509754878
,,2150.0,-0.172985,-78.487833,16.333333333333332,82.85016028277164,2804,10052.505257831552
,,2155.0,-0.172295,-78.487688,14.5,78.42490561374059,2805,10130.930163445293
,,2160.0,-0.171716,-78.487583,11.5,65.45248635290304,2806,10196.382649798195
1.0,1.0,2165.0,-0.171215,-78.487498,9.305555555555555,56.5224808818579,2807,10252.905130680054
,,2170.0,-0.170973,-78.487471,2.611111111111111,27.08463420473238,2805,10279.989764884785
,,2175.0,-0.170973,-78.487471,0.0,0.0,2805,10279.989764884785
,,2196.0,-0.170915,-78.48752,1.3333333333333333,8.445398307433834,2814,10288.43516319222
,,2201.0,-0.170803,-78.487501,3.4722222222222223,12.635727066175034,2815,10301.070890258396
,,2205.0,-0.170605,-78.487445,7.444444444444445,22.887405816170215,2815,10323.958296074567
,,2209.0,-0.170291,-78.487371,10.472222222222221,35.882949615228114,2810,10359.841245689795
,,2214.0,-0.169715,-78.48727,14.5,65.04586270369786,2805,10424.887108393494
,,2219.0,-0.168983,-78.487133,17.02777777777778,82.83395804655007,2801,10507.721066440045
,,2224.0,-0.168205,-78.486971,17.055555555555557,88.39292661007727,2799,10596.113993050121
,,2229.0,-0.167461,-78.486815,16.444444444444443,84.55455992069905,2799,10680.668552970821
,,2234.0,-0.166738,-78.486671,15.777777777777779,81.99870726239202,2798,10762.667260233213
,,2239.0,-0.166185,-78.48657,16.02777777777778,62.5275827805017,2799,10825.194843013714
,,2244.0,-0.165356,-78.486411,15.416666666666666,93.89022087056523,2803,10919.08506388428
,,2249.0,-0.164645,-78.48628,15.88888888888889,80.41554304159084,2803,10999.50060692587
,,2254.0,-0.164025,-78.48613,10.472222222222221,70.95206376912479,2805,11070.452670694995
,,2259.0,-0.163556,-78.486036,10.472222222222221,53.20425672366484,2805,11123.656927418659
,,2264.0,-0.16311,-78.48595,9.444444444444445,50.52234118583319,2804,11174.179268604492
,,2265.0,-0.16302,-78.485931,9.805555555555555,10.231329198852137,2804,11184.410597803344
,,2266.0,-0.162931,-78.485915,9.5,10.058152821854105,2804,11194.468750625198
,,2271.0,-0.162493,-78.485851,9.555555555555555,49.23600434269777,2803,11243.704754967895
,,2276.0,-0.162165,-78.485808,4.0,36.79555934377872,2803,11280.500314311674
1.0,,2281.0,-0.162136,-78.485805,0.0,3.2428788966555753,2803,11283.74319320833
,1.0,2301.0,-0.16206,-78.485788,1.8888888888888888,8.662367523464045,2802,11292.405560731793
,,2306.0,-0.16185,-78.485755,6.777777777777778,23.64490697152565,2802,11316.050467703319
,,2311.0,-0.161448,-78.485688,9.5,45.33116746590219,2801,11361.38163516922
,,2311.0,-0.161448,-78.485688,9.5,0.0,2801,11361.38163516922
,,2316.0,-0.160993,-78.485626,10.38888888888889,51.07726378133066,2802,11412.45889895055
,,2321.0,-0.160623,-78.485573,6.527777777777778,41.57511352019712,2802,11454.034012470747
,,2326.0,-0.160508,-78.48555,0.0,13.044749102949027,2802,11467.078761573695
,,2398.0,-0.160466,-78.485545,1.3888888888888888,4.7046403878874985,2801,11471.783401961582
,,2403.0,-0.160291,-78.485516,6.416666666666667,19.7306780321426,2802,11491.514079993725
,,2408.0,-0.15991,-78.485458,9.916666666666666,42.86679639639476,2799,11534.38087639012
,,2413.0,-0.159361,-78.485383,13.527777777777779,61.63236491010606,2800,11596.013241300227
,,2418.0,-0.158756,-78.48529,13.36111111111111,68.08446448148159,2801,11664.097705781709
,,2423.0,-0.158116,-78.485178,13.916666666666666,72.2689171077693,2805,11736.366622889478
,,2427.0,-0.157676,-78.485056,11.13888888888889,50.78758167795313,2811,11787.15420456743
,,2432.0,-0.157251,-78.484828,9.86111111111111,53.64560860099504,2813,11840.799813168425
,,2434.0,-0.157076,-78.48478,9.722222222222221,20.184148967659326,2813,11860.983962136084
,,2435.0,-0.15699,-78.484781,9.444444444444445,9.566412316112167,2813,11870.550374452196
,,2440.0,-0.156623,-78.48486,11.13888888888889,41.75638950135495,2813,11912.306763953551
,,2442.0,-0.156286,-78.484893,13.194444444444445,37.66374074159333,2813,11949.970504695144
,,2447.0,-0.155686,-78.484835,13.11111111111111,67.04898688732906,2813,12017.019491582472
,,2452.0,-0.155138,-78.484791,11.444444444444445,61.15011049578604,2813,12078.169602078258
,,2457.0,-0.154651,-78.484721,10.63888888888889,54.72563909040684,2816,12132.895241168666
,,2462.0,-0.15429,-78.484678,9.38888888888889,40.43781759987671,2817,12173.333058768543
,,2467.0,-0.153843,-78.484616,7.805555555555555,50.195717039296575,2818,12223.52877580784
,,2472.0,-0.153496,-78.484593,7.027777777777778,38.6814433035999,2819,12262.210219111439
,,2473.0,-0.153443,-78.484621,6.722222222222222,6.667293210609641,2819,12268.87751232205
,,2474.0,-0.153405,-78.484661,5.888888888888889,6.136811614310987,2819,12275.01432393636
,,2475.0,-0.153381,-78.484708,5.805555555555555,5.869926337880786,2817,12280.884250274241
,,2476.0,-0.153371,-78.484756,5.194444444444445,5.453647034136002,2817,12286.337897308376
,,2478.0,-0.153375,-78.484853,5.555555555555555,10.798424898328083,2817,12297.136322206705
,,2483.0,-0.153435,-78.485166,8.527777777777779,35.4487048861157,2818,12332.58502709282
,,2488.0,-0.153543,-78.485573,9.444444444444445,46.83711315597078,2818,12379.422140248791
,,2493.0,-0.153666,-78.485973,8.472222222222221,46.54777154186422,2818,12425.969911790655
,,2498.0,-0.153725,-78.486293,7.555555555555555,36.193350790670635,2818,12462.163262581325
,,2503.0,-0.153758,-78.486668,9.027777777777779,41.87223212443525,2819,12504.03549470576
,,2508.0,-0.153796,-78.487103,9.305555555555555,48.569068933287106,2819,12552.604563639048
,,2513.0,-0.153846,-78.487438,4.972222222222222,37.674611992551405,2818,12590.2791756316
,,2514.0,-0.153871,-78.487465,4.055555555555555,4.0928871959747966,2817,12594.372062827575
,,2516.0,-0.153938,-78.487496,4.055555555555555,8.211438809417237,2818,12602.583501636993
,,2517.0,-0.153975,-78.487501,4.194444444444445,4.152911199587984,2817,12606.73641283658
,,2518.0,-0.154016,-78.487498,4.722222222222222,4.572614929896185,2817,12611.309027766476
,,2523.0,-0.154255,-78.487463,6.361111111111111,26.867471502906366,2816,12638.176499269382
,,2528.0,-0.154531,-78.48739,5.75,31.75508714175819,2816,12669.931586411141
,,2532.0,-0.154666,-78.487305,3.6944444444444446,17.74453939401832,2817,12687.67612580516
,,2536.0,-0.154731,-78.487235,1.4722222222222223,10.625194104252511,2818,12698.301319909411
,,2538.0,-0.154741,-78.487206,2.3055555555555554,3.4120444662775373,2818,12701.713364375688
,,2539.0,-0.154741,-78.48718,3.0277777777777777,2.891965117060365,2818,12704.605329492748
,,2543.0,-0.154761,-78.487041,4.111111111111111,15.62011405329875,2818,12720.225443546047
,,2544.0,-0.154786,-78.487011,4.194444444444445,4.343654493203844,2818,12724.569098039252
,,2546.0,-0.154858,-78.486958,5.555555555555555,9.944332461687248,2819,12734.51343050094
,,2551.0,-0.155091,-78.486825,6.888888888888889,29.84150919207934,2816,12764.35493969302
,,2555.0,-0.155255,-78.486705,4.194444444444445,22.60344963664119,2817,12786.95838932966
,,2556.0,-0.155266,-78.486673,3.75,3.7637659015688962,2817,12790.72215523123
,,2558.0,-0.155271,-78.486631,1.7777777777777777,4.704623612360539,2817,12795.42677884359
,,2559.0,-0.15527,-78.486616,1.6388888888888888,1.6721449370264945,2817,12797.098923780617
,,2564.0,-0.15527,-78.486616,0.0,0.0,2817,12797.098923780617
,,2566.0,-0.155268,-78.486583,1.1666666666666667,3.6773060651831564,2819,12800.7762298458
,,2567.0,-0.15526,-78.48657,2.0,1.6978451953953209,2820,12802.474075041195
,,2569.0,-0.155233,-78.486523,3.388888888888889,6.029009706997051,2819,12808.503084748192
,,2570.0,-0.155215,-78.486493,4.0,3.8914443419853533,2819,12812.394529090177
,,2575.0,-0.155121,-78.486378,2.9166666666666665,16.520870562502182,2818,12828.91539965268
,,2577.0,-0.155085,-78.486376,2.138888888888889,4.010448625464068,2816,12832.925848278144
,,2578.0,-0.155061,-78.486386,2.861111111111111,2.8919740965714134,2816,12835.817822374716
,,2583.0,-0.154946,-78.486431,2.611111111111111,13.735864464761685,2816,12849.553686839477
,,2588.0,-0.154826,-78.486478,2.8055555555555554,14.334838933812195,2812,12863.888525773289
,,2593.0,-0.154723,-78.486543,1.4166666666666667,13.54721340235632,2813,12877.435739175646
,,2598.0,-0.154711,-78.486551,0.0,1.604177669091969,2813,12879.039916844738
,,2640.0,-0.154643,-78.486635,1.5277777777777777,12.021031949527499,2825,12891.060948794266
,,2644.0,-0.154561,-78.48666,2.9166666666666665,9.535320065668786,2821,12900.596268859934
,,2645.0,-0.154526,-78.486655,4.055555555555555,3.9325681813480147,2821,12904.528837041282
,,2646.0,-0.15449,-78.486631,5.138888888888889,4.812533020279574,2821,12909.341370061562
,,2647.0,-0.154456,-78.486595,5.638888888888889,5.507831997798375,2821,12914.84920205936
,,2652.0,-0.154266,-78.48643,5.027777777777778,27.990342178867593,2821,12942.839544238228
,,2653.0,-0.154223,-78.486433,4.777777777777778,4.79450894574442,2821,12947.634053183972
,,2654.0,-0.154181,-78.486451,4.833333333333333,5.082604178343447,2822,12952.716657362316
,,2655.0,-0.154146,-78.486488,5.638888888888889,5.66507210895742,2822,12958.381729471274
,,2656.0,-0.154126,-78.486533,5.388888888888889,5.477417503008907,2822,12963.859146974282
,,2657.0,-0.15412,-78.486586,6.305555555555555,5.932815873730219,2821,12969.791962848012
,,2659.0,-0.154123,-78.486703,6.583333333333333,13.01812078907455,2822,12982.810083637087
,,2664.0,-0.154165,-78.487048,7.5,38.657470241366504,2822,13021.467553878454
,,2669.0,-0.154185,-78.48733,3.388888888888889,31.44548715386749,2821,13052.913041032321
,,2674.0,-0.154193,-78.487351,0.0,2.499571715888865,2822,13055.41261274821
,,2675.0,-0.154226,-78.487398,2.361111111111111,6.3877153980717205,2821,13061.800328146282
,,2676.0,-0.154246,-78.487413,2.861111111111111,2.7807422042030687,2821,13064.581070350485
,,2677.0,-0.154275,-78.487428,3.75,3.631612950608929,2820,13068.212683301093
,,2678.0,-0.154308,-78.487435,4.0,3.75225503729764,2820,13071.964938338391
,,2680.0,-0.154388,-78.487438,4.833333333333333,8.904641093043102,2818,13080.869579431434
,,2683.0,-0.154525,-78.487416,5.194444444444445,15.433714130603573,2819,13096.303293562038
1.0,1.0,2688.0,-0.154733,-78.487336,4.25,24.788025250733572,2817,13121.09131881277
