archivo,Speed_1_media,Speed_1_maximo,Speed_1_desviacion,Speed_2_media,Speed_2_maximo,Speed_2_desviacion,Speed_3_media,Speed_3_maximo,Speed_3_desviacion,Speed_4_media,Speed_4_maximo,Speed_4_desviacion,Speed_5_media,Speed_5_maximo,Speed_5_desviacion,Speed_6_media,Speed_6_maximo,Speed_6_desviacion,Speed_7_media,Speed_7_maximo,Speed_7_desviacion,Speed_8_media,Speed_8_maximo,Speed_8_desviacion,Speed_9_media,Speed_9_maximo,Speed_9_desviacion,Speed_10_media,Speed_10_maximo,Speed_10_desviacion,Speed_11_media,Speed_11_maximo,Speed_11_desviacion,Speed_12_media,Speed_12_maximo,Speed_12_desviacion,Speed_13_media,Speed_13_maximo,Speed_13_desviacion,Speed_14_media,Speed_14_maximo,Speed_14_desviacion,Speed_15_media,Speed_15_maximo,Speed_15_desviacion,Speed_16_media,Speed_16_maximo,Speed_16_desviacion,Speed_17_media,Speed_17_maximo,Speed_17_desviacion,Speed_18_media,Speed_18_maximo,Speed_18_desviacion,Speed_19_media,Speed_19_maximo,Speed_19_desviacion,Speed_20_media,Speed_20_maximo,Speed_20_desviacion,Speed_21_media,Speed_21_maximo,Speed_21_desviacion,Speed_22_media,Speed_22_maximo,Speed_22_desviacion
V1-01.08.2024-C1NS.M07.csv,6.392156862745098,11.25,2.532441650204815,8.276785714285714,12.27777777777778,4.0997819802102935,8.678104575163399,12.166666666666666,3.539406397812261,7.563888888888888,10.694444444444445,3.5875762540770353,7.16919191919192,10.833333333333334,4.148022259393264,6.888888888888889,10.11111111111111,3.3335879532382684,7.707671957671958,11.916666666666666,3.9566089718524684,5.262626262626263,9.305555555555555,2.83699011398458,5.229938271604938,10.166666666666666,3.3915237474177884,4.2905092592592595,9,2.71994111227275,5.070707070707071,10.833333333333334,3.6886447461271348,6.363247863247863,10.333333333333334,3.5456216395741023,4.421957671957672,8.36111111111111,3.078607728145592,5.4185185185185185,9.305555555555555,3.035984702829418,5.246031746031746,8.11111111111111,2.3409231754277298,4.2367724867724865,8.833333333333334,2.806952609362184,7.300653594771242,9.666666666666666,2.708836051884884,4.93719806763285,9.36111111111111,3.3524202837128425,7.44017094017094,9.38888888888889,2.3016713754591005,6.255050505050505,10.27777777777778,3.521493135150756,5.3158831908831905,11.416666666666666,2.804192977642474,0,0,0
V1-01.08.2024-C1NS.M31.csv,6.979629629629629,12.5,3.601075799477185,9.211538461538462,13.416666666666666,4.5435347970541375,7.640350877192982,12.75,4.656675386882491,8.279239766081872,13.36111111111111,5.111333141348005,6.8568376068376065,12.444444444444445,5.2111763370741,5.5853174603174605,12.13888888888889,4.572286146307695,9.71875,13.416666666666666,3.771398139953027,7.476190476190476,11.72222222222222,4.893317348560314,7.119047619047619,11.77777777777778,4.8539865809304,6.016339869281046,10.416666666666666,4.26613968397606,8.838541666666666,11.36111111111111,2.9447277772484783,5.966666666666666,11.416666666666666,4.056387172835398,5.5931372549019605,8.777777777777779,2.8323619858744875,6.326923076923077,9.555555555555555,3.4959955385151935,4.7518518518518515,10.694444444444445,3.629159212578174,4.24,11.25,3.1287413817292182,6.9225146198830405,12.333333333333334,4.1998021842844055,6.152777777777778,12.27777777777778,3.4432352136302633,7.970370370370371,9.666666666666666,2.253120182878624,6.1005291005291005,10.416666666666666,3.817211227834676,3.560066476733143,11.555555555555555,3.0573465607553807,1.2962962962962963,2.7222222222222223,1.365732893888318
V1-01.08.2024-C1NS.T10.csv,6.400106837606837,11.194444444444445,3.2129131720385162,7.136363636363637,12.083333333333334,4.538976031673388,9.738888888888889,11.666666666666666,2.4832285763210553,6.571256038647343,11.055555555555555,4.247200058795556,9.317901234567902,11.13888888888889,3.22913264949559,5.931623931623932,11.36111111111111,4.6463902448774475,7.959722222222222,11.305555555555555,3.5968620696223867,5.867283950617284,8.472222222222221,2.479342811116344,6.363095238095238,10.77777777777778,4.285062399546799,5.738562091503268,9.5,3.2874454125099004,5.84837962962963,10.694444444444445,3.5790004808895888,6.2592592592592595,10.416666666666666,3.8997250766090485,6.317460317460317,8.11111111111111,1.6773062918530206,3.3550724637681157,6.833333333333333,2.3181619045533557,5.200854700854701,9.194444444444445,3.37127621589164,3.943376068376068,9.72222222222222,2.715245944902697,5.937134502923977,10.75,3.3594251728350555,5.502415458937198,10.38888888888889,3.3805879566879957,7.22420634920635,9.36111111111111,2.3418004769007985,5.291666666666667,8.63888888888889,2.8705319548306205,4.326530612244898,9.5,2.462171033338542,0,0,0
V1-01.08.2024-C1NS.T81.csv,6.324829931972789,12.88888888888889,4.022075321845653,9.559343434343434,13.36111111111111,3.748204503085933,7.054232804232805,14.38888888888889,5.40307037332864,7.751262626262626,11.055555555555555,3.798829429153075,6.596153846153847,12.333333333333334,4.1748933505854104,7.932098765432099,12.083333333333334,4.438996468048499,6.686342592592593,13.72222222222222,4.561681982541172,6.677083333333334,12.52777777777778,4.745831213911295,6.77991452991453,11.36111111111111,4.389877138187628,4.45679012345679,9.666666666666666,3.334275768491108,4.6440329218107,10.11111111111111,3.8628327115316585,5.569444444444445,10.75,4.153937107705993,5.555555555555555,9.02777777777778,2.6305423559448258,4.082010582010582,7.611111111111111,2.8138008129036494,4.174603174603175,9.5,3.372766097194479,4.75,9.5,2.514337969493481,6.1535087719298245,9.97222222222222,3.4191420374178843,5.421957671957672,10.22222222222222,3.4738953640816366,6.359477124183006,8.472222222222221,1.9357312363522934,5.411616161616162,8.833333333333334,3.0882526223621154,5.333796296296296,13.11111111111111,3.24936813463709,0,0,0
V1-01.08.2024-C1NS.V12.csv,7.347222222222222,14.333333333333334,4.085928670466137,11.243055555555555,15.47222222222222,4.54177843809743,8.631944444444445,16.083333333333332,5.72177722110021,9.67156862745098,14.333333333333334,4.889719737778023,6.868055555555555,14.02777777777778,4.96354508747437,8.061728395061728,14.083333333333334,4.974777776261211,9.854166666666666,14.944444444444445,4.957219244066663,6.722222222222222,13.555555555555555,5.052633029332383,5.6477272727272725,10.88888888888889,3.664395103278352,5.8314814814814815,13.194444444444445,4.48933758693081,4.517676767676767,10.11111111111111,3.4254757302710006,7.023148148148148,13.416666666666666,4.825749206694331,6.151851851851852,10.583333333333334,3.8616801377359824,4.9222222222222225,10.02777777777778,3.827566400503661,5.279411764705882,11.72222222222222,3.6123458170704015,5.407407407407407,11.055555555555555,2.684458099812441,9.732905982905983,14.5,4.374030440207808,5.113425925925926,12.444444444444445,3.9358697424849507,8.47420634920635,13.52777777777778,4.0602429340483255,7.957407407407407,13.166666666666666,4.469742813970986,5.41796875,14.02777777777778,3.786393166851472,0,0,0
V1-01.08.2024-C1NS.V15.csv,6.737222222222222,11.194444444444445,2.9322911057307723,7.657407407407407,11.13888888888889,3.813376987279417,8.498366013071895,10.63888888888889,2.2018920426619752,6.450231481481482,10.38888888888889,3.416013440232696,5.7,8.666666666666666,3.0264705201808604,5.367063492063492,9.194444444444445,3.3230642847638245,7.453703703703703,10.38888888888889,3.2729523489029444,6.413194444444445,9.555555555555555,3.494781871689252,4.888888888888888,9.5,3.597477637752048,5.109477124183006,9,3.460138286629576,7.874183006535947,9.86111111111111,2.627003895013366,6.409259259259259,8.472222222222221,2.402404243528538,5.046783625730995,8.055555555555555,2.5827699609976236,3.9325396825396823,7.083333333333333,2.531431599621568,5.502314814814815,7.444444444444445,2.2887901546976575,3.6495726495726495,8.833333333333334,2.6533821524807757,6.527777777777778,8.722222222222221,2.1975963960919196,5.208333333333333,10.22222222222222,2.952409243911138,6.697916666666667,7.861111111111111,1.3575681401476807,5.531565656565657,8.527777777777779,2.7445137334416962,4.433040935672515,11.36111111111111,2.8844485752306546,0,0,0
V1-01.08.2024-C1NS.V42.csv,6.020061728395062,12.22222222222222,3.314202687782249,11.647660818713451,16.555555555555557,4.676934733784418,10.327380952380953,14.25,2.1643692227553966,8.056818181818182,10.88888888888889,2.6453135003331125,7.845959595959596,10.75,2.953507112717173,7.480555555555555,12.944444444444445,5.097338697495211,9.722222222222221,13.11111111111111,3.6586050547308404,5.308333333333334,10.416666666666666,3.521914783871973,7.935897435897436,10.055555555555555,2.189821214521165,6.651709401709401,8.472222222222221,1.5721099695161207,6.341269841269842,10.27777777777778,3.5059709084049757,5.512152777777778,8.222222222222221,2.5976201665823644,5.895424836601308,8.166666666666666,2.425203023267704,6.017094017094017,10.11111111111111,4.136846041675101,6.6342592592592595,13.25,4.397412662232229,5.909090909090909,9.916666666666666,1.4873179508500824,7.29320987654321,9.36111111111111,2.5464319631119166,6.464912280701754,10.11111111111111,2.341674576844407,6.957407407407407,8.222222222222221,1.0702232098907356,5.761904761904762,9.38888888888889,2.976134126450678,3.639367816091954,10.416666666666666,2.879641886783278,0,0,0
V1-01.08.2024-C1NS.V43.csv,7.028368794326241,13.36111111111111,3.866648313654205,9.237268518518519,13.88888888888889,4.44995868043283,9.901041666666666,14.194444444444445,4.534923567647342,8.230994152046783,12.63888888888889,4.392160179433582,9.432098765432098,13.11111111111111,4.106630232388749,7.87962962962963,13.833333333333334,5.265317894568589,7.208333333333333,14.555555555555555,5.190525995667395,7.670634920634921,11.77777777777778,3.9734337886641953,7.518518518518518,11.555555555555555,4.051979420492259,6.0777777777777775,9.61111111111111,3.5479084431517753,6.438131313131313,11.916666666666666,4.404449107926079,6.1646825396825395,11.61111111111111,3.9559010263659187,5.175925925925926,9.194444444444445,2.780864298282307,4.907407407407407,9,2.729365710614889,3.9956140350877196,7.972222222222222,2.4779594816197608,4.578947368421053,9.194444444444445,2.8609052898205034,7.541666666666667,10.38888888888889,2.9735805134481983,5.269444444444445,11.36111111111111,3.3093815393271755,7.175347222222222,8.833333333333334,2.137306262728762,4.680555555555555,7.916666666666667,2.2648748768067315,3.7369714847590956,10.944444444444445,2.624973940610498,0,0,0
V1-01.08.2024-C1NS.V48.csv,7.5633074935400515,13.916666666666666,3.6375927938439614,7.977969348659005,14.02777777777778,5.332146751839631,7.843567251461988,15.11111111111111,4.982963177396603,9.640432098765432,13.88888888888889,4.946210966491252,9.709876543209877,13.97222222222222,4.606425646413891,5.105902777777778,13.916666666666666,4.6405709830099475,9.48202614379085,13.97222222222222,5.019338962110224,6.833333333333333,12.5,3.6947809184937195,8.704545454545455,13.88888888888889,5.373406636172768,6.166666666666667,13.77777777777778,5.012462422946053,8.236928104575163,13.555555555555555,4.991448296859125,8.648148148148149,13.833333333333334,4.893124504331525,9.777777777777777,13.97222222222222,3.6644914984738097,4.890740740740741,10.47222222222222,3.344895072385304,5.9646464646464645,9.555555555555555,3.226268793122636,5.378787878787879,11.25,3.1995708286039686,9.335470085470085,12.805555555555555,4.241829193848048,5.0350241545893715,13.97222222222222,3.733025718891922,6.661764705882353,8.166666666666666,1.5612567675635198,5.6722222222222225,13.166666666666666,3.440400478530791,4.088283828382838,13.916666666666666,3.461054030293542,0,0,0
V1-01.08.2024-C1NS.V49.csv,8.626705653021443,13.97222222222222,3.7606221456848306,11.104377104377104,14.86111111111111,4.249864004173025,9.00925925925926,14.944444444444445,4.826771260140758,8.522569444444445,11.25,3.346832265837524,8.101307189542483,10.833333333333334,3.6600311009290087,6.497222222222222,11.97222222222222,4.039199373507993,9.427579365079364,13.833333333333334,4.493920468305191,8.722222222222221,12.63888888888889,3.9931568693534625,5.596153846153846,13.305555555555555,4.56502559570685,7.063131313131313,11.416666666666666,3.988705595357847,8.368312757201647,12.22222222222222,4.035158229178641,6.964285714285714,10.833333333333334,2.9588763567497423,6.606060606060606,10.416666666666666,3.032532749503364,4.868312757201646,9.72222222222222,2.9796774520044766,8.594017094017094,11.555555555555555,3.05051221963666,6.316425120772947,12.88888888888889,3.714428550450223,9.436507936507937,14.333333333333334,4.110164519937418,6.66765873015873,11.97222222222222,3.429473323095815,9.174382716049383,12.75,2.5839008715880523,7.712301587301588,12.38888888888889,4.033702994414529,4.741102430555555,12.805555555555555,3.59921307541599,0,0,0
V2-01.08.2024-C1NS.M07.csv,7.537247474747475,13.666666666666666,3.556847023920564,10.869565217391305,16.305555555555557,5.734140004122966,9.868518518518519,14.25,4.162212787103321,7.244708994708994,12.63888888888889,5.1070003022329695,7.72008547008547,12.22222222222222,4.226110866734299,5.99537037037037,13.666666666666666,4.52999780323004,9.126543209876543,16.86111111111111,5.941062673623538,4.9646464646464645,13.416666666666666,5.0302187277427395,6.77579365079365,12.22222222222222,4.563424310693097,5.450292397660818,13.25,4.699916262309018,7.720833333333333,12.444444444444445,3.0923420236178822,4.777777777777778,10.944444444444445,4.148752338896468,4.906432748538012,8.527777777777779,2.359989031238238,4.311111111111111,7.194444444444445,2.2701090418145986,4.160130718954249,8.11111111111111,2.64067062313142,5.1930555555555555,11.86111111111111,3.1954991266805233,7.511437908496732,11.86111111111111,3.530921319560059,4.604166666666667,9.61111111111111,2.7946858598574496,7.178571428571429,10.47222222222222,2.716672222341388,5.228535353535353,11.11111111111111,3.7042320901349277,3.39527027027027,10.944444444444445,2.7667343158051345,0,0,0
V2-01.08.2024-C1NS.M31.csv,3.866228070175439,11.666666666666666,2.729750401342199,7.132616487455197,12.333333333333334,4.153594987580627,7.873611111111111,12.805555555555555,5.001904080267846,7.162878787878787,12.333333333333334,4.5001575471681665,6.099206349206349,12.02777777777778,4.736550839121282,5.593253968253968,11.305555555555555,4.011877059815543,7.59920634920635,13.055555555555555,4.175643768550452,6.792929292929293,11.444444444444445,4.096923033075555,4.833333333333333,10.166666666666666,3.4804100991351383,5.1157407407407405,10.77777777777778,3.810570499395622,5.207854406130268,10.88888888888889,3.514846477602422,6.512820512820513,10.166666666666666,4.101427775470908,4.25,9.36111111111111,3.4460121880225554,5.251736111111111,8.63888888888889,2.815950101525209,5.1923076923076925,8.944444444444445,2.6043416370469665,4.277777777777778,11.666666666666666,3.1179447105596654,5.619949494949495,10.88888888888889,3.835416449212727,7.461419753086419,11.72222222222222,3.1200434750512622,8.80324074074074,10.944444444444445,2.6629935333283195,6.490277777777778,11.61111111111111,4.368310582556947,5.528344671201814,12.38888888888889,3.4464809251779833,0,0,0
V2-01.08.2024-C1NS.T10.csv,4.837813620071684,9.97222222222222,2.984566968690557,7.242592592592592,11.86111111111111,4.64378130825931,8.930555555555555,11.11111111111111,3.1821260072357167,6.253333333333334,11.25,4.53216613060366,9.506172839506172,11.36111111111111,2.955325080357464,8.08641975308642,11,4.0871213638114545,7.640000000000001,10.77777777777778,3.5054473335411065,7.166666666666667,10.944444444444445,4.460878182194466,5.5964052287581705,11.055555555555555,3.8320010472524393,5.769097222222222,9.805555555555555,3.805815329738698,6.567460317460317,9.75,2.601112229883882,6.80982905982906,9.61111111111111,3.2923961168982436,5.445987654320987,7.75,2.263915899077459,3.759722222222222,7.805555555555555,2.8450519470734554,4.9743589743589745,8,3.146652590126578,4.286231884057971,10.38888888888889,2.5722505122935515,5.906944444444444,8.472222222222221,2.2437964983028142,4.456896551724138,8.277777777777779,2.660050760997912,6.988888888888889,9.13888888888889,2.2024116971971015,5.334595959595959,9.25,3.0929348724591508,5.034226190476191,10.02777777777778,2.8525590095980022,0,0,0
V2-01.08.2024-C1NS.T81.csv,7.116049382716049,12.63888888888889,3.7412744018774418,8.6,14.25,5.128417760311638,6.536666666666667,15.63888888888889,5.168369641684544,6.336666666666667,12.38888888888889,4.455341964031595,5.617063492063492,11.11111111111111,4.286111022088013,6.164529914529915,11.36111111111111,3.6396037878904957,8.503086419753087,12.88888888888889,4.035820108003084,4.8181818181818175,10.22222222222222,3.781969970460305,4.652116402116402,11.055555555555555,4.109070618311019,4.511437908496732,9.666666666666666,3.294625645305021,8.366319444444445,11.194444444444445,2.31147652804694,6.51984126984127,10.63888888888889,3.4053897801885893,4.222222222222222,6.944444444444445,2.5640907557083024,3.763888888888889,6.888888888888889,2.0138729245855114,4.546875,7.611111111111111,2.778216979167274,4.665123456790123,8.055555555555555,2.5835261053632728,6.574074074074074,9.61111111111111,2.577132553912532,4.961111111111111,8.36111111111111,2.9518382010930235,7.178571428571429,9.75,1.378969461792674,5.461640211640212,10.583333333333334,3.7003865767195694,4.908119658119658,11.666666666666666,3.410399686930679,0,0,0
V2-01.08.2024-C1NS.V12.csv,5.832304526748971,14.194444444444445,3.64680777319437,8.439102564102564,14.75,5.355601770379029,7.991161616161616,16.02777777777778,5.430865167723363,8.293055555555556,14.02777777777778,4.114334864928563,8.032407407407408,13.88888888888889,5.368999447682094,5.675347222222222,12.13888888888889,3.2685639292302393,7.384920634920635,15.583333333333334,5.321110746518961,6.017676767676768,12.694444444444445,4.36083284192325,8.12962962962963,13.88888888888889,4.886267279955477,5.992592592592593,12.38888888888889,3.9767216534174925,8.476190476190476,12.583333333333334,4.827832803310361,7.590277777777778,12.86111111111111,4.241319864372315,7.136904761904762,10.38888888888889,2.7954451888915903,4.4526143790849675,8.222222222222221,3.0072694317880364,3.8244949494949494,8.88888888888889,2.4352488529051532,3.9305555555555554,9.38888888888889,2.7947653077505645,7.635416666666667,12.5,4.41261606709167,5.511574074074074,12.694444444444445,3.756787707952978,8.232142857142858,13.77777777777778,3.8078024925508536,7.737847222222222,13,4.0019152918429475,4.3872053872053876,13.833333333333334,3.969368345397113,0,0,0
V2-01.08.2024-C1NS.V15.csv,6.605235042735043,12.083333333333334,4.0018466467007965,8.87820512820513,11.77777777777778,3.3536977649984157,9.159722222222223,11,2.693527908263175,6.654589371980676,11,4.422672573692367,6.51984126984127,10.88888888888889,3.648026769103992,5.451388888888889,11.77777777777778,3.9327225409838085,7.784722222222222,11.36111111111111,3.999135658319836,7.166666666666667,10.944444444444445,3.8812566829769763,7.061111111111111,11.5,4.525783473541649,5.5702614379084965,11.11111111111111,3.9558486066814154,6.35978835978836,11.36111111111111,3.889191220296396,5.572222222222223,10.52777777777778,3.4918934843176572,5.879084967320261,9.305555555555555,2.6587872083013466,4.111111111111112,6.611111111111111,1.95839352853813,5.679292929292929,8.277777777777779,2.7658176864622646,4.648989898989899,10.75,2.973396957368704,7.142156862745098,11.916666666666666,4.148430955627597,6.003623188405797,11.305555555555555,3.701986911795563,6.435763888888889,9,1.9467900865133103,5.515555555555555,11.61111111111111,3.7461750039865764,4.181261770244821,11.77777777777778,3.3282441996764995,0,0,0
V2-01.08.2024-C1NS.V42.csv,6.537211740041929,13.194444444444445,3.0947800123614204,8.844444444444445,16.444444444444443,5.747768622326621,6.927777777777778,14.13888888888889,4.631765199456681,7.253787878787879,12.86111111111111,4.462153009896249,6.061111111111111,10.22222222222222,3.4347694381827765,4.898148148148148,10.75,3.772604807180066,7.5,11.72222222222222,3.7623498386054006,5.227777777777778,11.13888888888889,3.3392385963408158,7.365079365079366,11.77777777777778,3.5995023322329405,4.388888888888888,9.86111111111111,3.6712647172354593,7.8316993464052285,12.38888888888889,3.8860414996077854,4.944444444444445,11.5,3.925816735029418,5.228070175438597,9.13888888888889,2.7319299529414187,5.166666666666667,8.666666666666666,3.20890447056851,4.254901960784314,9.666666666666666,2.7971069726567683,4.404040404040404,11.666666666666666,3.091238582255119,5.827485380116959,9.805555555555555,2.565509648951291,4.430555555555555,9.666666666666666,2.802658019685713,7.605555555555555,10.416666666666666,2.413841625562468,6.568181818181818,13.166666666666666,3.6767910494846183,4.101132686084142,12.805555555555555,3.1713712863506207,0,0,0
V2-01.08.2024-C1NS.V43.csv,6.806737588652482,11.666666666666666,3.082750942989595,7.40625,13.194444444444445,4.567520512054285,9.715686274509805,13.77777777777778,4.009687937781169,7.888888888888888,11.666666666666666,4.066364759757348,8.347222222222221,12.083333333333334,4.161857493983241,6.396464646464646,10.11111111111111,3.4361479587777928,8.53654970760234,13.666666666666666,3.7337674809062253,4.651515151515151,9.36111111111111,3.4010565632391967,6.132352941176471,11.055555555555555,4.114283327222301,3.9247685185185186,9.25,3.1590454009591515,6.657407407407407,11.305555555555555,4.030576794114536,5.071895424836601,11.305555555555555,4.301039957588816,5.591503267973856,11.36111111111111,3.32198247790606,4.151960784313726,9.555555555555555,3.2993802852785143,6.212962962962963,10.944444444444445,3.5117514226693602,4.39520202020202,11.555555555555555,3.2385888375334937,5.726010101010101,12.02777777777778,4.09646590144814,5.377525252525253,11.13888888888889,3.3123863339555437,7.905982905982906,10.77777777777778,2.7340431756106556,6.6798245614035086,10.52777777777778,3.5699622339177712,3.53003003003003,12.27777777777778,3.0391343296796665,0,0,0
V2-01.08.2024-C1NS.V48.csv,4.5151143790849675,14.083333333333334,3.2511937178685066,8.306513409961685,15.416666666666666,5.6130137959371496,10.737179487179487,15.72222222222222,3.8841508071749082,8.369883040935672,13.97222222222222,4.736706658834088,8.902777777777779,13.88888888888889,4.856130605550253,5.976851851851851,13.97222222222222,4.841060138260229,7.470899470899471,13.97222222222222,5.444639141859413,9.412698412698413,13.72222222222222,4.622654798897568,7.953703703703703,13.666666666666666,5.368810002040464,6.246527777777778,13.055555555555555,4.628457722046694,9.15,13.72222222222222,4.616961769262983,5.598958333333333,13.666666666666666,4.527998957901515,6.7896825396825395,12.083333333333334,3.7518231447537933,5.366666666666666,10.416666666666666,3.521166157839063,5.854166666666667,9.194444444444445,3.0325609748556968,5.261904761904762,13.666666666666666,3.49098896707709,8.52991452991453,12.444444444444445,3.149267125586538,7.1836419753086425,14.444444444444445,4.072354620814555,8.012820512820513,11.416666666666666,2.8316674338347814,6.001388888888889,9.805555555555555,3.393493121446122,5.208605664488017,12.333333333333334,3.5258585004354894,0,0,0
V2-01.08.2024-C1NS.V49.csv,7.090766823161189,12.944444444444445,3.7401751300212203,11.191919191919192,16.25,3.9767684965766814,10.553030303030303,15.416666666666666,4.212454842527259,8.48989898989899,13.166666666666666,4.661107894347621,7.0774853801169595,12.22222222222222,3.7942358788386943,6.507309941520468,13,4.0596107126137575,8.82986111111111,14.25,4.369010094232397,4.356725146198831,11.444444444444445,3.7120769142039993,6.123333333333333,12.5,4.245035226482116,4.112612612612613,11.444444444444445,3.6119535220268713,5.445736434108527,11.13888888888889,3.480650899433773,6.315656565656566,11.72222222222222,4.047734226732714,5.838477366255144,9.13888888888889,2.7977278996685633,5.089743589743589,8.722222222222221,2.709907607330166,4.909722222222222,9.083333333333334,2.5217418779021443,4.236531986531986,10.52777777777778,2.928721131460339,7.827546296296297,10.583333333333334,2.8262079956910204,4.683641975308642,10.166666666666666,2.845610482863775,8.391666666666666,10.583333333333334,2.0693762499066506,6.512544802867383,10.944444444444445,3.5986025430496613,4.975134408602151,11.97222222222222,3.476621095337376,0,0,0
V3-01.08.2024-C1NS.M07.csv,6.792483660130719,15.27777777777778,4.373949090505354,10.489417989417989,16.25,5.337646376621229,7.259722222222222,16.02777777777778,5.555089710001076,8.599415204678362,15.416666666666666,5.4069659557045755,6.951388888888888,13.055555555555555,4.429427360237258,8.330246913580247,14.194444444444445,5.649918134930178,6.555555555555555,9.805555555555555,2.735240978392314,4.66919191919192,9.02777777777778,3.4619950392911196,8.166666666666666,13.055555555555555,4.7849106961750465,3.4393004115226335,9.444444444444445,2.8058944222557587,6.76,9.72222222222222,2.8305051244008124,5.130208333333333,9.72222222222222,3.7787814400690993,4.901960784313726,8.166666666666666,2.1593184043765987,4.651041666666667,9.555555555555555,2.5256496688970937,3.376984126984127,6.472222222222222,2.1114687458142174,4.686507936507937,10.944444444444445,2.85113068941304,5.545893719806763,12.52777777777778,3.8434266246920847,5.035024154589372,8.63888888888889,2.7020124035858717,8.641203703703704,12.333333333333334,3.586873952252198,5.843567251461988,10.055555555555555,3.2899597142923054,4.292162698412699,13.555555555555555,4.154362273547136,0,0,0
V3-01.08.2024-C1NS.M31.csv,5.773737373737374,12.27777777777778,3.154199060461296,7.653256704980842,13.36111111111111,4.944743284450793,9.661111111111111,13.055555555555555,4.040609009050636,9.396825396825397,12.38888888888889,3.931288141948699,7.847222222222222,12.02777777777778,4.87772733318498,4.949346405228758,11.444444444444445,4.219094182280629,9.461988304093568,13.833333333333334,4.338160204677419,6.146464646464646,12.22222222222222,4.80913628492253,8.732323232323232,12.13888888888889,4.36972385076981,5.677777777777778,10.22222222222222,3.6170555468397443,8.825925925925926,11.305555555555555,2.424759907991935,4.66374269005848,10.055555555555555,3.598826382591106,6.340740740740741,8.527777777777779,2.4459876682300448,4.788194444444445,8.722222222222221,3.0925350682163892,3.0535714285714284,6.944444444444445,2.178923973106921,4.874269005847953,11.5,3.0486505652984626,6.907407407407407,11.666666666666666,3.9601775889406414,5.063492063492063,10.52777777777778,3.4757131187681107,8.398148148148149,10.333333333333334,2.6007028029382027,5.632575757575758,9.86111111111111,3.829890062880701,3.855475040257649,11.11111111111111,3.3518263554619336,0,0,0
V3-01.08.2024-C1NS.T10.csv,5.984204793028322,11.305555555555555,3.0517160468017717,8.143004115226338,11.416666666666666,4.387946883812303,9.017973856209151,11.305555555555555,3.224764639590813,7.193181818181818,11.36111111111111,4.285368079428549,7.8560606060606055,11.11111111111111,4.21072664218646,7.3106060606060606,10.055555555555555,3.8760665235164664,7.345959595959596,11.055555555555555,3.808761898716123,6.126543209876543,10.166666666666666,4.094964328687564,5.44281045751634,9.38888888888889,3.4226808882219584,4.711988304093567,8.833333333333334,2.974474318784184,5.792824074074074,8.833333333333334,2.967121443351993,5.565359477124183,9.61111111111111,3.9372971873163314,3.957070707070707,8.055555555555555,2.5536674540084325,3.7270531400966185,7.25,2.5020565639562036,4.4526143790849675,7.277777777777778,2.4408465612091925,4.669444444444444,9.75,2.710439651774769,5.6798941798941796,10.47222222222222,3.58144458241143,5.258101851851852,10.27777777777778,3.3087405916221444,6.566666666666666,8.277777777777779,1.703229891556646,3.8953703703703706,8.222222222222221,2.3740257948320966,5.34241452991453,10.88888888888889,3.034646828076119,0,0,0
V3-01.08.2024-C1NS.T81.csv,6.978395061728395,12.444444444444445,3.2215466947372295,7.875,13.833333333333334,4.892059040448662,7.0688405797101455,13.166666666666666,4.626737165531121,7.549707602339181,13.36111111111111,5.181195380898961,6.485042735042735,12.38888888888889,3.749736194160771,4.484375,12.02777777777778,4.16564146338116,7.288359788359789,13.77777777777778,4.729777258595991,6.763888888888888,11.72222222222222,4.516748178651035,5.410493827160494,9.97222222222222,3.3949848146037858,4.240277777777778,9.61111111111111,3.2957219572687153,7.023809523809524,10.055555555555555,2.5545330942867026,6.9914529914529915,9.916666666666666,2.9595477557635625,2.7243589743589745,7.083333333333333,2.0550456200835985,2.768939393939394,5.388888888888889,1.7127746149197647,3.9962962962962965,7.75,2.6511591643573618,4.3121693121693125,9.444444444444445,2.631479433589826,6.125,10.27777777777778,3.7489931040924347,5.178030303030303,12.88888888888889,3.7554551649306913,6.0359477124183005,9,2.3757058061431024,5.218253968253968,11.61111111111111,3.9677547305007317,4.342749529190207,10.88888888888889,3.204069333850802,0,0,0
V3-01.08.2024-C1NS.V12.csv,7.146412037037037,13.194444444444445,3.0716892970085086,7.8277777777777775,15.944444444444445,5.738864687482583,7.172979797979798,15.166666666666666,4.616199555971161,7.201058201058201,14.02777777777778,4.814041197516027,5.976190476190476,13.055555555555555,4.243995494990276,5.8760683760683765,14.13888888888889,4.605789758942225,8.504166666666666,14.25,5.238196259088899,6.33080808080808,13.055555555555555,4.489089216952068,8.694444444444445,14.02777777777778,5.146031072823904,5.435185185185185,14.083333333333334,4.8063086237479276,9.973684210526315,13.61111111111111,2.801847471359127,6.641025641025641,13.52777777777778,4.9555438976265975,4.564009661835748,9.5,3.3019188336768246,4.563271604938271,8.88888888888889,2.7803061296581535,4.00462962962963,8.277777777777779,2.826890181332306,4.466183574879227,11.666666666666666,3.5938003548586486,6.058479532163743,12.166666666666666,4.159601981370242,4.881687242798354,12.083333333333334,3.5875347445348944,8.365079365079366,14.194444444444445,4.167519245292495,7.733660130718954,11.805555555555555,3.7175818248134105,5.526004728132388,13.88888888888889,4.498648199533451,0,0,0
V3-01.08.2024-C1NS.V15.csv,6.267171717171717,11.305555555555555,3.3306766286555405,7.300000000000001,11.444444444444445,4.184447374470705,7.184722222222222,11.11111111111111,3.8076761816734668,7.308201058201059,11.194444444444445,4.248782548590679,5.95925925925926,10.11111111111111,3.446681727748112,5.226190476190476,11.25,4.1946051526191415,7.293981481481481,11.25,3.824307765997372,6.611111111111111,10.944444444444445,4.264848529619739,6.007407407407408,11.444444444444445,4.128869125883185,5.090909090909091,10.333333333333334,3.7910905895901474,6.2108585858585865,11,3.8421382955543875,4.543859649122807,9.666666666666666,3.576703549497853,5.397058823529411,7.555555555555555,2.3051322550223703,4.807291666666667,6.972222222222222,2.129391341338623,3.9411764705882355,7.5,2.8243300983986286,4.7407407407407405,10.583333333333334,3.0778450241585973,6.546296296296296,9.61111111111111,2.596398544725002,4.17911877394636,9.72222222222222,3.3218932838604514,6.170138888888888,8.166666666666666,1.6008895096858564,6.613425925925926,10.02777777777778,3.0769771350299675,5.235867446393762,11.86111111111111,3.544712053603557,0,0,0
V3-01.08.2024-C1NS.V42.csv,6.388888888888889,14.38888888888889,3.3245075465924914,9.421296296296296,16.333333333333332,5.594073398137872,7.401388888888889,15.305555555555555,5.86305069622775,8.501461988304094,12.63888888888889,4.033345169737956,6.93287037037037,11.555555555555555,4.7731575372123185,6.027777777777778,11.97222222222222,4.229358613292964,7.7103174603174605,15,5.366905126320069,6.912698412698413,11.666666666666666,4.872537590922815,6.348958333333333,12.444444444444445,4.701457272876477,5.444444444444445,10.416666666666666,3.3406863344506297,6.75,11.805555555555555,4.134328701756192,5.516666666666667,9.805555555555555,3.1933538511010884,4.074074074074074,8.055555555555555,2.638703697205522,2.883744855967078,6.222222222222222,1.8695756776469405,4.175925925925926,7.138888888888889,2.5318880473014986,5.073611111111111,10.38888888888889,3.132915900090048,5.9,9.916666666666666,3.071468399423144,3.5574074074074074,10.416666666666666,2.281523568635372,6.330409356725147,9.38888888888889,2.762859550505562,5.455128205128205,8.944444444444445,2.735286981615434,4.75524109014675,12.86111111111111,3.3311115129271016,0,0,0
V3-01.08.2024-C1NS.V43.csv,4.757996632996633,10.38888888888889,2.91710727299387,7.728927203065134,14.944444444444445,5.077538413332547,10.126984126984127,15.666666666666666,4.71109440870631,6.8731884057971016,13.305555555555555,4.673124335547082,7.540404040404041,13.72222222222222,5.460836486205063,5.938034188034188,11.77777777777778,4.94448545871142,8.407894736842104,13.916666666666666,4.277076788721106,7.083333333333333,11.055555555555555,4.536857517234505,6.020370370370371,11.72222222222222,4.596343567625463,3.798611111111111,8.472222222222221,2.709137793366673,8.821895424836601,11.666666666666666,1.9648252036690517,5.213541666666667,9.916666666666666,3.4894272813826643,5.202160493827161,9.194444444444445,3.123193821616197,4.2936507936507935,8.944444444444445,2.9125840663511515,5.0476190476190474,10.75,3.7669595695093054,4.548941798941799,10.333333333333334,2.9154746871447093,7.42483660130719,11.61111111111111,3.273917287364258,5.8769841269841265,11.36111111111111,3.39878531575252,8.073412698412698,10.63888888888889,2.4033701197356043,6.213333333333333,11.11111111111111,4.095524758229095,5.8217592592592595,11.194444444444445,3.083404325494849,0,0,0
V3-01.08.2024-C1NS.V48.csv,6.54224537037037,13.833333333333334,3.572350577971741,9.293803418803419,15.27777777777778,5.184605495170371,7.531944444444444,14.694444444444445,5.075824312010194,7.588888888888889,11.305555555555555,3.6896497489132516,9.080555555555556,13.88888888888889,4.260958799408958,6.914141414141414,10.944444444444445,3.463287494471152,8.094444444444445,12.86111111111111,4.027847347654873,8.166666666666666,12.13888888888889,4.329057719728479,7.997685185185185,13.833333333333334,4.694936892665649,2.963991769547325,6.222222222222222,1.9887924165892554,10.34074074074074,12.88888888888889,2.3402078122146297,6.373931623931624,13.61111111111111,4.662553513972282,5.087719298245614,11.055555555555555,3.502672201024595,4.033333333333333,8.333333333333334,2.7456268021550474,6.858333333333333,11.444444444444445,3.926721835813856,4.345555555555555,13.166666666666666,3.234730670440441,7.827160493827161,13.11111111111111,4.519410203456379,6.888888888888889,14.5,3.845486088058248,6.542592592592593,10.333333333333334,2.8496237774719404,6.671052631578948,11.72222222222222,4.3763422706542885,4.9627976190476195,13.666666666666666,4.093688432546394,0,0,0
V3-01.08.2024-C1NS.V49.csv,6.1126331811263315,11.416666666666666,3.35599259022826,9.454415954415953,15.47222222222222,5.373544377220289,9.444444444444445,13.166666666666666,2.838299025477177,9.059386973180077,13.416666666666666,4.39196900745578,7.905228758169935,12.805555555555555,4.810721561158765,6.301388888888889,11.72222222222222,3.8432184076688682,8.039562289562289,14.86111111111111,4.58847580985988,8.775252525252526,13.055555555555555,3.862498842251905,9.102941176470589,13.916666666666666,4.477920419929165,5.991898148148148,11.555555555555555,4.207405345354131,7.019607843137255,11.77777777777778,3.6040888041112638,5.710648148148148,10.38888888888889,3.5741598552111475,5.119047619047619,7.861111111111111,2.140776746125629,4.148745519713262,6.305555555555555,2.007605759134476,4.311111111111111,7.694444444444445,2.5621894572444903,4.902329749103942,9.61111111111111,2.8366345235421737,7.184444444444445,10.02777777777778,3.105793653497765,5.923400673400674,9.666666666666666,2.9871689849598937,7.541666666666667,8.63888888888889,1.5113170475141857,7.1080246913580245,9.805555555555555,2.9286924783587622,6,10.77777777777778,3.1565366622654722,0,0,0
V4-01.08.2024-C1NS.M07.csv,7.301851851851852,13.88888888888889,3.444732596288522,9.885416666666666,14.75,4.132405943861653,9.075617283950617,13.47222222222222,4.668269308875832,8.17251461988304,12.333333333333334,4.596376679425214,7.513888888888889,12.5,4.054878616961376,5.229629629629629,9.38888888888889,3.277903324651494,7.156565656565657,13.166666666666666,4.509009739529161,3.2274305555555554,7.333333333333333,2.6835158045081955,4.571428571428572,11.86111111111111,4.175930178671916,3.0287037037037035,8.722222222222221,2.5869663340282902,6.822463768115942,12.13888888888889,3.8764839952868533,4.998263888888888,9.75,3.5565315319937545,4.559722222222222,9.25,3.4030868698381354,6.564814814814815,8.722222222222221,2.826003330955681,5.75462962962963,12.166666666666666,4.660120970509565,4.7748538011695905,12.333333333333334,3.622464284317497,7.3088235294117645,13.416666666666666,4.602924065109574,4.327586206896552,10.583333333333334,3.2635923481494986,8.31712962962963,11.5,2.741082325264883,5.7101449275362315,11.11111111111111,3.6098465743089774,5.153061224489796,11,3.3374883558204744,0,0,0
V4-01.08.2024-C1NS.M31.csv,5.885220125786163,12.02777777777778,3.0630882177114485,8.77991452991453,13.416666666666666,4.7950715637042,10.202380952380953,14.194444444444445,4.577164050162219,6.604444444444444,11.194444444444445,3.6602627157279497,6.446581196581197,12.38888888888889,4.268515428492618,5.564102564102565,10.88888888888889,3.897401143819659,8.938888888888888,15.88888888888889,4.874210420721605,4.855555555555556,10.77777777777778,3.866930954498504,9.007575757575758,13.555555555555555,4.755050773266379,3.1733716475095783,9.666666666666666,2.7837599787501226,6.95,10.47222222222222,2.4923632548029864,5.838541666666666,10.833333333333334,3.8426245257486156,4.6375,8,2.3973140394280277,4.068713450292398,7.388888888888889,2.2338117620084965,3.5652777777777778,7.388888888888889,2.2860226440074647,4.1856060606060606,9.97222222222222,2.715551517529898,7.939236111111112,11.36111111111111,2.971282626666616,5.940656565656566,11.305555555555555,3.429266519324986,7.384920634920635,9.25,2.096832537036126,6.719298245614035,10.055555555555555,3.475478654909369,4.579166666666667,12.083333333333334,3.3327362341856746,0,0,0
V4-01.08.2024-C1NS.T10.csv,6.114255765199162,10.77777777777778,2.8742368633798168,7.818452380952381,12.22222222222222,4.42433388732453,9.543981481481481,11.666666666666666,2.3708639433779677,6.271111111111112,11.13888888888889,4.1983538930779325,9.342592592592593,11.25,3.017598843083318,6.136574074074074,10.75,4.652809186285265,8.412280701754385,11.805555555555555,3.759148228130154,8.444444444444445,10.944444444444445,3.6806551349212584,5.8807189542483655,10.333333333333334,3.705468159496955,5.020833333333333,9.38888888888889,3.0501131089285787,5.703282828282828,9.97222222222222,3.2916416778864885,6.8217592592592595,10.02777777777778,3.4002429918560666,4.58994708994709,7.027777777777778,2.2514039646130515,3.7386363636363638,6.527777777777778,1.7168087621819001,4.351307189542483,7.638888888888889,2.722575465609806,3.1047008547008548,9.666666666666666,2.922035351991929,6.118421052631579,9.916666666666666,3.77742420850504,6.056878306878307,10.833333333333334,3.229774150630343,7.831196581196581,9.72222222222222,2.1763039921298164,4.9622222222222225,9.75,3.274518545957395,4.224074074074074,9.555555555555555,3.0313536766015283,0,0,0
V4-01.08.2024-C1NS.T81.csv,5.782407407407407,8.722222222222221,2.317762504605657,7.401909722222222,10.694444444444445,2.7484199904665982,7.633040935672515,9.916666666666666,2.1111228668322877,7.211640211640212,9.72222222222222,3.160977787054631,5.017361111111112,9.194444444444445,3.1242427065949814,5.009920634920635,8.63888888888889,2.720163340170083,5.926245210727969,9.305555555555555,3.421480637721445,6.645833333333333,9.194444444444445,2.622894301147338,6.515873015873016,9.02777777777778,2.773644666277821,3.939814814814815,7.916666666666667,2.726343457661236,5.537878787878788,7.861111111111111,2.673128544432658,5.632936507936508,9.02777777777778,3.277853442764008,4.784090909090909,7.5,2.446787174306505,3.0652173913043477,6.888888888888889,2.14904137621311,3.1087962962962963,7.333333333333333,2.5090271356943794,4.036616161616162,8.277777777777779,2.413880994434829,5.208994708994709,9.13888888888889,3.244851323512219,4.269230769230769,7.972222222222222,2.425071835906463,6.553703703703704,9.72222222222222,2.32458836190887,5.681818181818182,9.61111111111111,2.9460503666003564,5.2299054373522456,10.27777777777778,2.688559376441996,0,0,0
V4-01.08.2024-C1NS.V12.csv,6.932033096926714,11.444444444444445,3.2501641671171786,7.675347222222222,11.72222222222222,3.3771422062569942,8.79093567251462,11.86111111111111,3.3599805314764764,6.923611111111112,10.63888888888889,3.488163887408584,5.305555555555555,9.36111111111111,3.343226060832136,5.438492063492063,10.833333333333334,3.9011890121934676,8.321428571428571,14.38888888888889,4.436056072056214,6.597222222222222,10.27777777777778,3.8881518575956973,6.876984126984127,11.555555555555555,3.990101033086705,3.4746376811594204,8.722222222222221,3.020226347278656,6.902777777777778,10.27777777777778,3.2031029363810073,6.215811965811966,10.055555555555555,3.261457996373441,4.794973544973545,7.5,2.3861171936036203,4.146198830409356,7.805555555555555,2.4994142335919896,4.905982905982906,8.055555555555555,2.3561914558537422,4.173913043478261,8.722222222222221,2.6297718290998953,5.966666666666667,9.97222222222222,3.1083503832842196,3.886015325670498,9.86111111111111,2.766020204279036,6.71875,9.72222222222222,2.202338707350212,6.451388888888888,9.38888888888889,3.1920455650787103,5.442028985507246,11.055555555555555,3.231021542599703,0,0,0
V4-01.08.2024-C1NS.V15.csv,5.953703703703704,10.52777777777778,3.0990143680815017,7.349462365591398,11.305555555555555,4.214684879247246,8.606481481481483,11.805555555555555,2.519247799864909,5.796296296296296,11.305555555555555,3.9257335799250064,6.137037037037037,10.88888888888889,3.5776604946434465,5.246296296296296,11.86111111111111,3.9721648717508624,6.293333333333333,11.5,4.32991228919233,7.630952380952381,11.97222222222222,3.8214629106128832,6.3353174603174605,11.055555555555555,4.069660874699058,3.6268115942028984,9.5,3.15094255408816,7.083333333333333,10.833333333333334,3.4633838128111427,5.775793650793651,9.13888888888889,3.0014926700796027,4.945833333333333,7.611111111111111,1.8428222230966613,3.2893518518518516,7.027777777777778,2.0921458809531233,4.517361111111111,7.861111111111111,2.7015061147563304,4.1782407407407405,10.166666666666666,2.918695138500207,4.7168803418803416,11.72222222222222,3.8650461102033566,4.542735042735043,11.5,3.3519225252658535,6.733333333333333,8.944444444444445,2.253837605200802,5.998538011695906,9.61111111111111,3.6108080794530695,5.180555555555555,11.13888888888889,4.022872830419985,0,0,0
V4-01.08.2024-C1NS.V42.csv,6.5896464646464645,12.88888888888889,3.6277041931568497,8.9,16.5,6.090891423538375,8.233024691358025,14.194444444444445,4.309461004290748,6.816666666666666,11.61111111111111,3.8789389909449787,5.470238095238095,9.72222222222222,3.4181944379018603,5.42962962962963,11.666666666666666,4.1335971640211016,8.792328042328043,15.416666666666666,4.766440190226627,6.430555555555555,11,4.206476488041321,6.055555555555555,11.86111111111111,3.909892261378928,4.474867724867725,9.555555555555555,3.293218161807396,9.947916666666666,12.13888888888889,2.1801544806895636,5.444444444444445,11.36111111111111,4.528532413498419,6.420138888888889,10.166666666666666,2.9833191081804453,4.672839506172839,8.36111111111111,2.875417237185668,4.373263888888889,9.86111111111111,3.8913347963023663,4.402046783625731,10.055555555555555,3.0339919301117546,4.772222222222222,8.88888888888889,3.105649968749708,4.1726190476190474,12.63888888888889,3.4905512698919727,6.309941520467836,10.52777777777778,3.2191777757597837,4.832304526748971,9.666666666666666,3.0659833861290826,4.165708812260537,9.72222222222222,3.217559666556712,0,0,0
V4-01.08.2024-C1NS.V43.csv,7.198412698412699,12.86111111111111,2.7012966517624544,6.346031746031746,11.416666666666666,3.631268169315104,9.123611111111112,11.916666666666666,2.7112722096465744,5.287962962962963,9.083333333333334,2.741511176705182,5.171296296296297,11.194444444444445,3.570704680761394,4.454248366013072,10.38888888888889,3.375313502478625,5.7860082304526745,13.666666666666666,4.519431605624358,7.416666666666667,11,2.840094640348727,4.200757575757575,9.86111111111111,3.092714550452035,3.5416666666666665,7.277777777777778,2.5050271516683833,7.091666666666667,11.055555555555555,3.1089317241195835,4.897058823529412,10.583333333333334,3.8273121580450984,5.138888888888888,9.5,2.661662614570022,4.598765432098766,8.63888888888889,2.7022446595884593,3.2596618357487923,7.444444444444445,2.2034180527114873,3.917777777777778,11.916666666666666,3.7775605874386113,6.2749999999999995,10.22222222222222,3.360910534830093,3.375868055555556,8.833333333333334,2.4505969369160288,6.801851851851851,8.666666666666666,1.837443284787026,5.556818181818182,8.472222222222221,2.5384676759286906,3.9040032679738563,11.86111111111111,3.2249210756192075,0,0,0
V4-01.08.2024-C1NS.V48.csv,6.172123015873016,12.166666666666666,3.633236104569922,8.832222222222223,15.88888888888889,5.862589115031621,11.153846153846153,15.583333333333334,3.9250241700753703,9.083333333333332,13.833333333333334,5.312159575149438,7.098290598290598,11.61111111111111,4.079546231105272,7.752525252525253,13.666666666666666,4.616487069401675,6.513888888888889,14.444444444444445,5.251645193747301,4.405092592592593,10.166666666666666,3.882687305068651,8.11111111111111,13.833333333333334,4.870748023406635,3.8968253968253967,9.305555555555555,2.904832378362731,6.220959595959596,12.166666666666666,4.360310455206084,5.701851851851852,12.22222222222222,3.679487965361865,3.111111111111111,7.194444444444445,2.3771653882511394,3.6347736625514404,8,2.4032897249149445,5.1239316239316235,10.88888888888889,3.921467627951941,5.157407407407407,8.63888888888889,2.9636992719379602,9.412393162393162,12.22222222222222,3.355958059197609,4.986666666666667,10.583333333333334,3.2394586088093953,7.92948717948718,11.666666666666666,3.0107748758350894,7.304012345679013,13.25,4.696338831738674,4.789077212806027,13.166666666666666,3.850622895835424,0,0,0
V4-01.08.2024-C1NS.V49.csv,6.878174603174603,12.27777777777778,3.335406939756226,8.371604938271606,14.805555555555555,4.63032343286129,8.113799283154123,14.02777777777778,4.308137546227788,8.519713261648747,12.5,3.5457778864997005,7.337962962962963,11.86111111111111,3.959022701122451,5.909722222222222,11,3.660652823317308,7.931372549019608,12.944444444444445,4.354633586702214,5.514814814814815,11.77777777777778,3.901635384216442,6.261111111111111,12.27777777777778,4.103228491504945,4.597222222222222,10.22222222222222,3.2466942668738366,6.4375,10.52777777777778,3.0079800903572966,6.559343434343434,11.36111111111111,4.053337940611227,5.142857142857143,8.333333333333334,1.907103450036818,4.146701388888889,6.25,2.0597317159974264,3.8955938697318007,7.805555555555555,2.549614116162824,5.000992063492063,10.02777777777778,2.9778703127211537,6.407407407407407,11.77777777777778,3.903321149049995,5.065873015873016,12.38888888888889,3.187638997740323,8.279166666666667,9.5,1.6929332490399627,7.236111111111112,11.555555555555555,3.198108386545209,5.3452883263009845,11.416666666666666,3.4838968505738097,0,0,0
V5-01.08.2024-C1NS.M07.csv,6.448257080610022,12.22222222222222,3.5137473384218683,8.409722222222221,13.11111111111111,4.6241734824202885,10.27579365079365,13.52777777777778,3.1437819113738428,7.106060606060606,11.805555555555555,4.508431877341018,4.589869281045751,9.666666666666666,2.6130778905519643,5.490079365079366,9.13888888888889,2.460360170372521,7.575396825396825,13.166666666666666,3.9383966043367375,4.888888888888888,11.13888888888889,4.754843750813501,7.63034188034188,11.805555555555555,4.238446299514892,4.9068627450980395,9.36111111111111,3.4273762423581675,9.152777777777779,11.5,2.7764626516427477,4.519444444444445,10.333333333333334,3.274246040618042,6.652777777777779,10.694444444444445,3.2338750023561826,5.624183006535947,8.944444444444445,3.2461414304736658,6.7272727272727275,10.02777777777778,3.4822481514895216,5.194444444444445,10.416666666666666,3.2244085813662755,7.985185185185185,12.27777777777778,3.167673654056052,4.3418803418803416,9.083333333333334,3.114698023834271,6.82962962962963,10.63888888888889,2.7332516011353145,6.138888888888889,10.02777777777778,2.944290290698955,5.025205761316872,11.25,3.629417669773847,0,0,0
V5-01.08.2024-C1NS.M31.csv,7.960884353741497,12.333333333333334,3.0789086451943093,10.113425925925926,14.444444444444445,4.202773640257954,9.04783950617284,12.88888888888889,3.5396627748288965,7.709722222222222,11.11111111111111,3.8655258429139,6.269230769230769,10.75,3.6356252083060836,5.071428571428571,12.5,4.392872722452141,8.649122807017545,12.88888888888889,4.247338496562565,7.757936507936508,12.5,5.0096541130846,5.507309941520468,10.416666666666666,3.4152968510864588,3.5046296296296298,7.805555555555555,2.7096186924693577,7.129166666666666,11.194444444444445,3.73049698847575,6.962962962962963,10.944444444444445,3.914478099997625,4.843567251461988,9.194444444444445,3.117074456254839,3.763888888888889,7.916666666666667,2.530795300372715,4.242690058479532,7.333333333333333,2.2512540725749393,5.439542483660131,11.77777777777778,3.4867368198722737,7.784722222222222,12.22222222222222,3.3919612666668084,5.156565656565657,10.63888888888889,2.948491596325601,7.125925925925926,8.944444444444445,1.9171803621095014,5.423280423280423,8.666666666666666,3.1199762676406366,4.377976190476191,9.86111111111111,2.998726247416133,0,0,0
V5-01.08.2024-C1NS.T10.csv,6.497165532879818,11.444444444444445,3.06085527818837,8.38888888888889,12.5,4.115898113893323,7.956140350877193,12.583333333333334,3.7859537954223432,7.473611111111111,11.5,4.533935243766927,6.619658119658119,11.305555555555555,3.937402174227076,5.965277777777778,11.666666666666666,4.3518628214633575,7.478835978835979,11.97222222222222,4.201914840925966,8.805555555555555,11.25,3.3342591306941465,6.923611111111111,11.11111111111111,4.02032516138834,3.4411111111111112,9.38888888888889,2.776149059546883,5.396367521367521,10.944444444444445,3.6410770155077055,6.38034188034188,11.055555555555555,3.585421165652097,3.767361111111111,8.11111111111111,2.8592498108203714,5.436274509803922,8.722222222222221,2.331322809116106,5.041666666666667,7.861111111111111,2.550596307998359,5.287037037037037,10.11111111111111,2.72896656869278,7.143518518518518,10.77777777777778,3.615134134102447,3.9693486590038316,7.861111111111111,2.5562385304976583,7.184523809523809,9.38888888888889,2.2949272877968463,6.544753086419753,11,3.536036327999858,4.306530214424951,8.944444444444445,2.4996801212478226,0,0,0
V5-01.08.2024-C1NS.T81.csv,5.756944444444445,9.38888888888889,2.553517439384612,6.409313725490196,11,3.375881013326685,7.222222222222222,9.083333333333334,1.5747547547865695,6.262731481481482,10.11111111111111,3.2987739386882238,5.767857142857143,8.722222222222221,3.0457809301882075,5.188492063492063,8.833333333333334,3.231955138681644,6.493055555555555,10.47222222222222,3.57186352191743,5.682098765432099,9.5,3.364957369735488,6.884920634920634,10.166666666666666,3.1502207738333077,3.283816425120773,7.027777777777778,2.5299130248174686,5.388888888888889,8.527777777777779,2.869851356899794,5.684523809523809,8.88888888888889,2.989765844223112,5.916666666666667,7.611111111111111,2.1573875376608442,3.7646198830409356,7.027777777777778,2.6317865505433966,4.035185185185185,7.194444444444445,2.450872380647322,4.708333333333333,9.25,2.5349330001283468,6.163580246913581,8.666666666666666,2.6002047446213585,5,8.166666666666666,2.811214106066447,6.187908496732026,10.27777777777778,2.429017954356314,6.393790849673203,10.11111111111111,3.3436073624549416,5.361702127659575,10.63888888888889,2.618696514663975,0,0,0
V5-01.08.2024-C1NS.V12.csv,6.576241134751773,11.13888888888889,3.538400587833163,8.926666666666666,13.194444444444445,4.133711340241895,8.4,11.72222222222222,2.9818652665464707,7.77046783625731,11.194444444444445,3.6198830081321294,5.602430555555555,12.22222222222222,4.224167665232024,5.517857142857143,10.88888888888889,3.9509938274990457,8.63888888888889,12.166666666666666,4.205623979550609,6.070987654320987,9.916666666666666,3.128519965448718,7.708333333333333,13.194444444444445,4.069096204579987,3.9180555555555556,8.944444444444445,3.0111671489789997,6.6494708994708995,10.833333333333334,3.510230596678476,7.132936507936508,10.055555555555555,3.4554926645867576,5.478758169934641,8.944444444444445,2.6698210765161816,4.783625730994152,7.694444444444445,2.6973158136132946,6.194444444444445,10.52777777777778,3.6986817805240086,5.685672514619883,10.055555555555555,3.1504492221048883,8.9265873015873,12.86111111111111,3.978942184161209,4.512222222222222,8.833333333333334,2.358101022454035,6.29320987654321,8.88888888888889,2.2950331229468612,5.0148809523809526,11.11111111111111,2.9539550779567914,4.769916142557652,9.5,3.0891191641480233,0,0,0
V5-01.08.2024-C1NS.V15.csv,7.368961352657005,15.77777777777778,4.0345246303945865,9.504830917874397,16.805555555555557,6.2451364475895845,9.277777777777779,13.416666666666666,3.8118894382346165,6.872474747474747,12.944444444444445,4.423924680030368,8.98611111111111,12.27777777777778,3.679323693222189,6.782828282828283,13.52777777777778,5.005534254823006,7.516203703703704,17.055555555555557,5.676751213403661,7.523809523809524,11.77777777777778,3.7971463108260797,6.015873015873015,11.72222222222222,4.175044487507065,4.665277777777778,10.27777777777778,3.7713381970623083,8.45486111111111,11.416666666666666,3.6992780271034915,6.200854700854701,10.27777777777778,3.489238928944323,4.822222222222222,9.083333333333334,2.859448503468738,5.053921568627451,8.416666666666666,2.5786709455290926,3.035555555555556,7.638888888888889,2.476283077650541,5.083333333333333,9.916666666666666,2.917960375608824,6.374269005847953,11.36111111111111,3.4912364372118203,4.962962962962963,9.555555555555555,3.1365812417100245,6.824652777777778,10.38888888888889,2.1979629259072024,6.678571428571429,15.583333333333334,4.479975779019307,5.775308641975308,11.11111111111111,2.9683717992438132,0,0,0
V5-01.08.2024-C1NS.V42.csv,7.4375,12.583333333333334,3.3205024640182903,6.994949494949495,14.555555555555555,5.117742030883241,9.587037037037037,15.72222222222222,4.617917460241804,7.448412698412699,12.13888888888889,4.4612813523823664,6.833333333333333,12.22222222222222,3.7181431491224557,4.740196078431373,11.5,3.954224733900106,6.622685185185185,12.694444444444445,4.235929287827234,6.459876543209877,10.694444444444445,3.450686299802309,6.091503267973857,10.583333333333334,3.9869671543276763,5.058333333333334,9.5,3.5625262900435506,8.18576388888889,11.13888888888889,2.897063199179671,5.946428571428571,11.11111111111111,4.41210811739861,4.507936507936508,8.333333333333334,2.7960391801621385,4.617283950617284,6.972222222222222,1.9079096997118334,3.657828282828283,6,1.7640088982137798,4.636243386243386,10.75,3.068494130942481,6.555555555555555,11.36111111111111,3.6810650707193,5.182367149758454,15.666666666666666,4.233718285002182,8.5064102564102555,13.194444444444445,3.6286283431972977,6.900793650793651,11.194444444444445,3.9423857247638607,4.736842105263158,11.77777777777778,3.279055883376855,0,0,0
V5-01.08.2024-C1NS.V43.csv,6.541666666666667,11.36111111111111,2.9119481863279963,7.803571428571429,11.11111111111111,3.9574275447027807,9.066358024691358,12.166666666666666,2.3901831668068434,8.238888888888889,11.11111111111111,3.636286511970832,7.570707070707071,11.194444444444445,3.0892176992348714,4.527777777777778,10.63888888888889,3.424139298900032,8.348611111111111,12.27777777777778,3.3408598628394914,4.544444444444445,10.77777777777778,3.673889257597718,5.583333333333333,10.833333333333334,4.137117443430962,4.065656565656566,11,3.849465188185094,6.523989898989899,10.11111111111111,2.0965330598741616,4.9754901960784315,9.805555555555555,3.116870325852071,3.581111111111111,5.694444444444445,1.3778244466409053,3.4009661835748792,6.472222222222222,1.9232398282783338,3.0075757575757573,5.027777777777778,1.3151645098583755,3.7815656565656566,6.611111111111111,2.1514062955862006,6.827160493827161,9.444444444444445,2.262854741055476,3.407986111111111,5.861111111111111,1.6541109724921712,6.444444444444445,7.694444444444445,1.4008634125615511,6.2625,10.833333333333334,2.365235046641443,3.814043209876543,10.944444444444445,3.0011540660040654,0,0,0
V5-01.08.2024-C1NS.V48.csv,6.477029914529915,13.305555555555555,3.7406492841630907,7.100694444444445,13.72222222222222,4.8610458264945375,10.655982905982906,15.36111111111111,4.207401780246829,7.7272727272727275,13.72222222222222,4.883381610987111,6.051587301587301,12.13888888888889,4.179181449824545,5.951388888888888,13,4.497975055685755,7.258101851851852,12.86111111111111,4.284277945919509,6.618055555555555,11.916666666666666,4.484338560818343,6.311507936507937,11.86111111111111,4.585051200616831,5.359477124183007,9.444444444444445,3.3821293952997236,7.39520202020202,10.11111111111111,2.3022611737620187,6.670940170940171,10.166666666666666,3.421177505465036,6.7592592592592595,9.5,2.18895401831502,4.875,7.75,2.5620875954518683,5.424603174603175,8.63888888888889,3.1171421352859565,4.211640211640211,9.72222222222222,2.9502363918478895,5.555555555555556,10.833333333333334,3.9452577202930823,4.945601851851852,11,3.3436382497132415,7.168402777777778,10.22222222222222,2.7056842457416055,6.493386243386243,12.805555555555555,3.886933087180823,5.1577568134171905,10.52777777777778,2.862826085388977,0,0,0
V5-01.08.2024-C1NS.V49.csv,7.734259259259259,11.36111111111111,3.2610226693215605,8.652777777777779,12.083333333333334,3.586521827218076,9.588888888888889,11.77777777777778,2.511022511547426,6.818713450292398,11.25,4.022323307062838,8.697916666666668,11.805555555555555,3.2768968527463747,6.341666666666667,11.194444444444445,3.589737692249295,8.301215277777779,11.305555555555555,3.6474604877240497,7.909090909090909,11.61111111111111,3.420753899224152,6.68840579710145,11.805555555555555,4.334020896321523,5.5436507936507935,10.47222222222222,3.47999072177025,8.14367816091954,11.305555555555555,2.480891134332561,7.290277777777778,11,3.6548684342401354,6.541666666666667,10.02777777777778,2.9360811394404642,5.454545454545455,8.63888888888889,2.9338627049402395,5.843434343434343,8.416666666666666,2.2770444272829224,5.393518518518519,10.833333333333334,3.2460561423846834,6.60515873015873,10.47222222222222,3.2521787317679873,5.355218855218855,11.555555555555555,3.5009627036325255,8.280555555555555,10.63888888888889,2.3708502270747247,8.139880952380953,11.444444444444445,3.8086105768073946,5.767996870109546,12.13888888888889,3.6306161220569195,0,0,0
V6-01.08.2024-C1NS.M07.csv,7.14021164021164,13.833333333333334,2.879989107992544,8.862139917695474,15.77777777777778,5.192229985727166,10.242063492063492,15.22222222222222,3.680487881516667,8.2375,12.333333333333334,4.323289031967574,5.150584795321637,11.36111111111111,4.1878199239977825,5.487179487179487,11.72222222222222,3.783179950536979,8.700292397660819,15.416666666666666,5.41572149831761,5.3694444444444445,8.583333333333334,3.096971007915365,7.611111111111112,13.166666666666666,5.091447682749263,5.1157407407407405,8.833333333333334,2.7398099645733294,10.201851851851853,14.27777777777778,3.8338863568571915,5.666666666666667,11.555555555555555,3.971011211411051,5.609375,10.694444444444445,3.7994810771684757,6.318518518518519,11,3.4721566131367583,5.25,10.694444444444445,4.121846480193685,4.375730994152047,11.86111111111111,3.7603807898845156,6.914930555555555,12.38888888888889,3.9101070463860106,4.381687242798354,9.36111111111111,3.2226605267822386,7.694444444444445,11.194444444444445,2.660341650140683,5.484299516908212,9.86111111111111,3.1143767367485307,5.124704491725768,11.305555555555555,3.689227875792686,0,0,0
V6-01.08.2024-C1NS.M31.csv,6.243939393939394,11.194444444444445,2.438080303339466,9.555555555555555,14.02777777777778,4.744835931143248,10.245098039215685,13.52777777777778,4.503559070246682,7.253968253968254,11.77777777777778,3.8499267039909078,6.104700854700855,11.13888888888889,4.339741134915232,4.994791666666667,10.38888888888889,3.646439984801231,8.777777777777777,12.86111111111111,4.295787992994447,6.102777777777778,12.75,4.690709120976611,5.678104575163398,10.833333333333334,3.8059744652790095,4.207264957264957,11.25,3.708733692655613,6.157777777777778,9.86111111111111,2.921905788387776,6.442460317460317,9.36111111111111,2.9493481237223174,4.142222222222222,8.722222222222221,2.652139248341345,4.314814814814815,8.666666666666666,2.9516959663395475,4.612745098039215,7.388888888888889,2.1145684087284686,3.6606280193236715,9.36111111111111,2.3534330971997415,4.97979797979798,7.805555555555555,2.5506362507270732,4.317049808429119,8.11111111111111,2.628944475318721,7.396825396825397,9.5,2.0931089331673607,5.236666666666666,8.166666666666666,2.8396253665267577,4.32471264367816,9.5,2.885842443112469,0,0,0
V6-01.08.2024-C1NS.T10.csv,8.006578947368421,11.61111111111111,2.644264591021972,7.85,15.166666666666666,5.009917792517362,9.309259259259258,12.694444444444445,3.8145656671092985,8.658333333333333,11.444444444444445,4.081827307106737,7.016203703703704,11.36111111111111,3.95796265025525,5.3730158730158735,11.055555555555555,4.226714241793494,7.150462962962963,11.72222222222222,4.272864961315141,5.979166666666667,11.25,4.032680376985968,7.260683760683761,11.36111111111111,4.477876837854307,4.3562801932367154,10.75,3.3123672725448525,10.140873015873016,11.444444444444445,1.7525068290490393,5.857142857142857,11.25,4.151180010827702,5.397569444444445,8.666666666666666,2.8836975925980095,4.317251461988304,8.416666666666666,3.0132497158820937,5.700854700854701,9.5,2.9150382104324297,4.527777777777778,10.75,3.2180155597295017,6.5092592592592595,12.52777777777778,4.676780590155279,4.9021739130434785,10.583333333333334,3.022709936847868,8.277777777777779,11.25,2.7468990781342053,4.779835390946502,11.86111111111111,3.7701809451704156,4.608080808080808,11,2.995365231392508,0,0,0
V6-01.08.2024-C1NS.T81.csv,5.8813131313131315,10.63888888888889,2.849066975126542,7.409498207885305,11.916666666666666,3.9368012002676465,8.475308641975309,11.72222222222222,2.534921115643503,6.463768115942028,11,3.6509211472239387,5.89484126984127,11.11111111111111,3.8592456689566244,5.15,9.61111111111111,3.4221597345356702,7.234126984126984,11.97222222222222,4.070696351125785,6.763888888888888,9.916666666666666,3.171918507685901,5.379084967320261,10.694444444444445,3.687701934945689,3.224537037037037,8.333333333333334,2.700158499486182,6.064009661835749,10.055555555555555,3.1109356324813677,6.98015873015873,10.694444444444445,3.6146174392494017,6.5853174603174605,8.277777777777779,1.9600250099462269,3.009259259259259,7.444444444444445,2.3755055210600684,5.089743589743589,8.722222222222221,2.9847898421875465,4.876262626262626,8.583333333333334,2.0721255362908595,5.669444444444444,8.583333333333334,2.7806257330296154,5.226190476190476,9.97222222222222,3.0548014942565693,7.674074074074074,10.52777777777778,2.424191592981598,5.314814814814815,9.5,3.1519067976235196,5.777777777777778,11.055555555555555,3.0454260097433217,0,0,0
V6-01.08.2024-C1NS.V12.csv,8.493993993993994,13.97222222222222,4.031108324650407,11.129166666666666,14.083333333333334,3.8904682987393397,9.659722222222221,15.36111111111111,4.587528943854152,9.244791666666666,12.86111111111111,4.464713258480624,6.451851851851852,12.444444444444445,3.779534877710263,5.4563492063492065,11.805555555555555,4.135965443264343,9.272875816993464,14.444444444444445,4.608435419451003,6.920138888888888,13.416666666666666,4.855914172129688,7.046296296296297,14.02777777777778,5.137619605866092,4.404166666666667,9.97222222222222,3.304584542132545,9.506944444444445,13.97222222222222,4.707476978825583,6.918981481481482,13.61111111111111,4.723417233425138,6.756944444444445,11.72222222222222,3.1858015122917127,4.512345679012346,9.72222222222222,3.085963110736464,6.646464646464646,12.944444444444445,4.75793831319235,5.083333333333333,12.63888888888889,3.815214829800658,7.883333333333333,15.305555555555555,4.974197089410848,5.172453703703703,10.11111111111111,3.0013972766635826,8.856481481481481,13.72222222222222,3.7926925080878027,7.239766081871345,12.333333333333334,3.778131911123917,5.1759259259259265,11.444444444444445,3.372715219265785,0,0,0
V6-01.08.2024-C1NS.V15.csv,7.709302325581395,13.305555555555555,3.3553141493391907,6.939236111111111,13.916666666666666,4.389696613097292,8.413398692810457,16.194444444444443,5.417716087382749,6.388888888888888,13,4.654876410403961,6.94212962962963,12.13888888888889,4.319640668077541,5.1537037037037035,12.52777777777778,4.352342649347703,7.888888888888889,12.13888888888889,4.191793724253399,7.738095238095238,11.555555555555555,3.51952436193784,7.044871794871795,14.86111111111111,5.774533215390705,5.442592592592592,10.166666666666666,3.5194794705581374,6.3769841269841265,13.11111111111111,4.883216180403061,5.825396825396826,11.11111111111111,3.71736238061116,4.261363636363637,9,2.8502665888460066,4.549382716049383,8.36111111111111,2.3579574393372353,5.318376068376068,8.666666666666666,2.7344917981431323,5.5321637426900585,11.72222222222222,3.51308380419827,8.56423611111111,13,3.8560480893375733,6.455026455026455,12.333333333333334,3.5907167278463374,8.51388888888889,12.5,3.506837557126979,6.695652173913044,12.75,3.9031707291742084,4.681069958847736,11.194444444444445,3.277439047010627,0,0,0
V6-01.08.2024-C1NS.V42.csv,6.8159041394335516,14.333333333333334,3.3415683498251076,8.027777777777779,13.77777777777778,4.565308472185436,9.104166666666666,12.333333333333334,3.0752647181047283,6.979166666666667,12.88888888888889,4.830342583499303,4.317251461988304,10.055555555555555,3.232599771871824,6.259259259259259,11.72222222222222,3.5025510450840507,7.944444444444445,12.944444444444445,4.121271229027505,7.964285714285714,12.583333333333334,3.924169143723027,5.2859477124183005,11.13888888888889,4.142158997885257,3.5243055555555554,10.944444444444445,3.569589533508697,6.65,13.194444444444445,4.159119871158328,6.868055555555555,10.52777777777778,3.6525617326746,4.802777777777778,8.777777777777779,2.680093815335454,4.698611111111111,7.555555555555555,2.4552240223653725,5.6782407407407405,9.61111111111111,3.2692376833030843,4.091435185185185,11,3.3486211337646243,8.015625,11.13888888888889,3.4278718510111683,5.375,9.305555555555555,2.7321618290004617,7.477777777777778,11.86111111111111,3.205780438316836,6.466931216931218,11.77777777777778,3.9443331268292625,5.773888888888889,11.916666666666666,2.9712181214479116,0,0,0
V6-01.08.2024-C1NS.V43.csv,5.515376984126984,11.13888888888889,3.1974488271628108,8.800411522633745,12.5,3.725951992134008,6.816919191919192,12.02777777777778,4.0248498671240736,7.2751322751322745,11.61111111111111,4.611746147385473,5.522222222222222,11.13888888888889,3.6324036478649955,5.238095238095238,11.055555555555555,3.8229096834704035,9.05065359477124,11.86111111111111,3.703742936202885,7.324074074074074,12.38888888888889,4.290407941984302,6.283730158730159,10.75,3.6505112003866924,4.347953216374269,10.11111111111111,3.2465208826235967,6.625661375661376,10.75,3.284722152309361,6.382478632478632,10.416666666666666,3.5307138890931125,4.079545454545454,7.138888888888889,2.1628526914095008,3.141111111111111,7.5,2.584265562581057,3.386243386243386,5.944444444444445,1.9882351649477048,4.589506172839506,9.36111111111111,2.4612419816902023,5.911375661375661,8.11111111111111,2.280124452547801,3.7814814814814817,6.777777777777778,1.8596127286337512,6.624183006535947,8.277777777777779,1.6440630906071936,7.764619883040936,10.75,3.4012294086322843,5.6477272727272725,11.77777777777778,3.7589150070359834,0,0,0
V6-01.08.2024-C1NS.V48.csv,7.135076252723311,13.88888888888889,3.997669149626029,8.950000000000001,14.75,4.953162829592917,9.518518518518519,14.13888888888889,4.206799666406108,7.507246376811595,12.27777777777778,4.24315499305943,6.900462962962964,10.055555555555555,3.8034344588973235,4.972222222222222,10.333333333333334,3.458097195567494,5.872023809523809,11.61111111111111,3.654326247746941,4.326388888888889,9.75,3.4047922299412727,7.261904761904762,11.555555555555555,4.026100657106473,3.340534979423868,8.777777777777779,2.6903616149541048,5.931712962962963,11.055555555555555,3.496067677936676,6.621794871794872,10.583333333333334,3.610497427582599,5.018518518518518,8.222222222222221,2.70491027185644,5.122222222222222,7.805555555555555,2.6256518465035725,4.785714285714286,8.722222222222221,3.370192023440347,4.760233918128655,10.416666666666666,2.869342864573416,7.637152777777778,10.38888888888889,3.2555819230066083,4.1875,9.194444444444445,2.7286669429086357,7.186507936507937,10.055555555555555,2.2466718175709572,6.366161616161616,10.416666666666666,3.0922357819814734,5.000534188034188,10.416666666666666,3.3636398704293007,0,0,0
V6-01.08.2024-C1NS.V49.csv,6.915849673202614,11.666666666666666,3.3360442631217495,7.878250591016549,12.083333333333334,3.1003174628772494,8.930555555555555,11.444444444444445,3.160094436087811,6.918128654970761,11.666666666666666,3.923228627446289,7.003968253968254,11.72222222222222,3.7307250076751055,5.842592592592593,11.36111111111111,3.9019654486091904,8.78425925925926,11.916666666666666,3.4273125063284193,5.674603174603175,10.11111111111111,2.899827838395725,8.336111111111112,11.916666666666666,3.666997814215423,4.944444444444445,9.555555555555555,3.4873954188993452,7.200520833333333,11.13888888888889,3.331247363849422,5.402777777777778,10.88888888888889,3.9237190250646545,7.284391534391534,10.055555555555555,2.8209274255589114,5.0219907407407405,8.472222222222221,2.3160734299734895,3.986111111111111,8.055555555555555,2.751132493252102,5.251068376068376,11.416666666666666,3.2595300044565496,6.108333333333333,11.61111111111111,3.532999499278012,4.3506006006006,9.13888888888889,2.953445008926709,6.246913580246914,9.666666666666666,2.689398894441278,5.95045045045045,10.02777777777778,2.973340731729011,5.122150997150997,11.13888888888889,3.05683542572008,0,0,0
V7-01.08.2024-C1NS.M31.csv,6.336206896551724,11.25,2.796112442746813,9.442222222222222,14.02777777777778,5.024898909778976,6.1727053140096615,14.63888888888889,5.2331979311451375,8.222222222222221,12.5,4.236663514936184,5.182539682539683,12.13888888888889,4.509403942657749,5.571180555555555,11.916666666666666,3.9009201292692817,7.7310606060606055,12.5,3.9788201979752396,4.094907407407407,10.88888888888889,4.539937788088696,8.848484848484848,12.88888888888889,4.587209869662355,3.779040404040404,9.36111111111111,2.902320187126389,7.657407407407407,11.36111111111111,3.5170257554656965,6.316239316239316,9.805555555555555,3.721194897988984,4.068287037037037,8.36111111111111,3.0322782575047045,4.4754901960784315,8.88888888888889,2.8024921798821585,6.108796296296297,9.61111111111111,3.200695647532452,4.730555555555556,10.77777777777778,3.1303848991193046,7.321895424836601,10.88888888888889,3.432200724832543,4.62962962962963,8.36111111111111,2.3735840860375657,7.978174603174603,10.11111111111111,2.4538518128251727,5.648550724637681,11.666666666666666,3.771929972386305,4.657567049808429,9.75,2.9846295473746114,0,0,0
V7-01.08.2024-C1NS.T10.csv,6.752415458937198,11.416666666666666,3.0303099960882216,9.45111111111111,11.916666666666666,3.740937953180636,9.555555555555555,11.77777777777778,2.6721793218349568,8.232456140350877,11.444444444444445,4.187235348047433,6.575617283950617,11.055555555555555,3.846109305010574,6.289351851851852,11.416666666666666,4.356298546665994,8.496913580246913,12.166666666666666,4.310816824325889,8.657407407407408,11.11111111111111,3.30220028904535,7.515873015873016,11.416666666666666,4.825107381187964,5.402777777777778,9.86111111111111,3.4488621610266357,9.476190476190476,11.305555555555555,3.2406607932460902,8.269444444444444,11.416666666666666,4.113342946077301,7.11965811965812,11.055555555555555,3.529770955876552,4.623263888888889,9.555555555555555,3.588489955324526,7.033333333333333,11.36111111111111,4.149197949170318,5.440277777777778,10.75,2.950689545626897,7.0569444444444445,11.194444444444445,3.8926618602217036,7.5931372549019605,12.694444444444445,3.1444140957333566,8.062962962962963,10.416666666666666,2.3368611527070144,4.152222222222222,9.72222222222222,3.8307083067870416,5.342592592592593,9.916666666666666,2.7685048928191884,0,0,0
V7-01.08.2024-C1NS.V15.csv,7.8049382716049385,15.944444444444445,3.7805688631532055,8.393162393162394,18.25,6.223420977321771,9.279411764705882,12.166666666666666,2.8209230965981407,6.539351851851852,11.77777777777778,4.2803564963156955,7.583333333333334,12.805555555555555,4.809856777724491,6.463675213675215,10.333333333333334,3.491159186569734,7.25,12.694444444444445,3.6877002132795114,4.838383838383838,10.055555555555555,3.5812400901941657,7.859126984126984,11.77777777777778,4.069631705468225,4.095833333333333,9.083333333333334,3.3269489908013936,6.832175925925926,9.916666666666666,3.3462759919652907,6.017361111111111,9.36111111111111,2.8628972310503142,5.607638888888888,7.694444444444445,2.1946641943417964,4.487654320987654,6.944444444444445,2.340077830759986,5.312962962962963,9.305555555555555,2.039930604806934,4.362433862433862,12.27777777777778,3.5882016476335266,7.431372549019608,12.805555555555555,3.918133069251989,5.5,11.13888888888889,3.636742571512601,7.416666666666667,11.194444444444445,2.9592134840941178,6.569444444444445,13.916666666666666,4.265099500502631,5.067676767676768,11.97222222222222,3.696357543424431,0,0,0
V7-01.08.2024-C1NS.V42.csv,7.288888888888889,11.97222222222222,2.9069945448780286,9.190972222222221,14.5,4.705014915841721,10.46701388888889,15.11111111111111,3.4986067001868886,6.46875,12.13888888888889,4.302732536415069,5.4981481481481485,12.944444444444445,4.025265591304611,5.989316239316239,11.805555555555555,4.5388630838937685,7.027777777777778,13.555555555555555,4.396593735594615,4.452020202020202,10.416666666666666,3.7031662067893496,4.847222222222222,10.77777777777778,4.066634187698438,4.053140096618358,10.416666666666666,3.4505882914253734,7.056878306878307,13.055555555555555,3.969885445046998,6.47008547008547,11.13888888888889,4.329807170777819,4.887426900584796,9.305555555555555,3.066121933472868,4.753472222222222,7.694444444444445,2.473270169071326,5.394444444444445,10.38888888888889,2.7332179934369063,3.3055555555555554,9.38888888888889,2.4047377263983556,4.980676328502415,8.416666666666666,2.785764210739543,4.7139917695473255,8.36111111111111,2.5044217166408806,6.395833333333334,10.52777777777778,3.4203834044950074,5.657407407407407,10.055555555555555,3.797785389975684,4.736111111111111,10.333333333333334,3.284452092705584,0,0,0
V7-01.08.2024-C1NS.V43.csv,6.365,11.194444444444445,3.6273966022274635,9.704106280193237,12.13888888888889,2.6159906144780662,8.86842105263158,10.944444444444445,3.131243312137611,8.031746031746032,10.583333333333334,3.404282951845477,5.233660130718954,9.97222222222222,3.5050676884656897,5.012962962962963,10.333333333333334,3.5235236608869394,6.573333333333333,11.77777777777778,3.875231308641234,4.708333333333333,7.388888888888889,2.2344204349528045,5.434640522875817,11.13888888888889,3.937529898677277,4.109848484848485,10.27777777777778,3.6495358727478213,6.873611111111111,9.13888888888889,2.5674221534391477,5.45925925925926,9.5,3.45474756201161,4.5,6.611111111111111,2.0622299762671226,4.461988304093567,7.694444444444445,2.7112750805238983,4.792592592592593,6.666666666666667,1.9933439359606655,3.233539094650206,6,1.7323122413476693,5.4393939393939394,8.666666666666666,2.859764109430023,5.131944444444445,9.86111111111111,2.890923312826565,7.776041666666667,9.916666666666666,2.219523100400146,6.466183574879227,11.194444444444445,3.0356670976831253,5.011831275720165,10.77777777777778,3.133262902381387,0,0,0
V7-01.08.2024-C1NS.V49.csv,7.194010416666667,11.77777777777778,3.502876999111847,6.839622641509434,11.305555555555555,3.8694709102818425,9.276748971193415,11.305555555555555,2.4062734746389074,8.860185185185186,11.5,3.169534590050279,8.244791666666666,11.5,3.690470136750454,5.513285024154589,10.88888888888889,3.900612465624822,8.362847222222223,11.13888888888889,3.1691882802753026,7.861111111111111,10.833333333333334,3.1310373778874627,6.828282828282828,11.25,4.311304715655951,5.2728174603174605,10.22222222222222,3.5804495491673753,6.952256944444445,10.583333333333334,3.0373622132053146,5.341563786008231,10.11111111111111,3.418375769589103,6.017361111111111,8.722222222222221,2.480355081944555,4.790123456790123,8.36111111111111,2.2989341296175394,6.18859649122807,8.333333333333334,2.3670147498648038,5.645833333333333,12.13888888888889,3.38216298185882,7.870772946859903,9.97222222222222,2.5941801270152705,4.635135135135135,10.75,2.9506192690242847,7.531400966183575,9.61111111111111,1.7373743757084343,5.681818181818182,10.11111111111111,3.57549267970688,5.318181818181818,10.416666666666666,2.8162307234359876,0,0,0
V8-01.08.2024-C1NS.M31.csv,7.287654320987654,16.194444444444443,4.5356339306388245,11.369047619047619,15.583333333333334,5.15114261908821,8.424382716049383,14.083333333333334,5.237668416285769,9.489197530864198,13.77777777777778,4.578851432022746,7.335858585858586,13.166666666666666,5.5823306803624435,5.782407407407407,11.805555555555555,4.162874256157352,9.301169590643275,12.63888888888889,3.6012122534789435,7.408730158730159,13.305555555555555,5.470005997114227,7.8032407407407405,13.666666666666666,5.48621446435485,3.587962962962963,11.416666666666666,3.6811187397636385,7.099415204678363,11.805555555555555,4.383497194020908,7.608585858585859,11.555555555555555,3.81002281484077,5.628472222222222,8.166666666666666,1.841225297650404,4.41919191919192,7.638888888888889,2.3305430073715625,5.111111111111111,9.86111111111111,3.2199958501892545,4.341269841269841,11.194444444444445,3.2522207851364224,6.224867724867725,12.583333333333334,4.445085932541444,4.36,8.833333333333334,2.688047006251738,7.253703703703704,8.88888888888889,2.0381304184439997,6.264550264550264,9.194444444444445,2.928449994614602,4.135536398467433,9.916666666666666,3.4030640074795517,0,0,0
V8-01.08.2024-C1NS.V15.csv,7.634057971014492,16.61111111111111,4.832887393745589,9.735507246376812,17.583333333333332,4.7860501380037865,10.36904761904762,15.77777777777778,4.840688830004984,8.04040404040404,15.88888888888889,5.613250203038447,10.538194444444445,15.72222222222222,5.015604782673654,7.622222222222222,13.194444444444445,5.176517225881616,9.87326388888889,17.63888888888889,6.306595351941297,7.634920634920635,10.52777777777778,3.335393983869193,8.518518518518519,14.25,5.366196276378458,4.4497863247863245,9.916666666666666,3.496426917166226,8.781045751633988,13.194444444444445,4.353151821668776,4.828431372549019,11.61111111111111,4.345005594954834,4.4480676328502415,9.25,2.844690354296655,5.253703703703704,9.5,2.609524734805897,6.310185185185185,10.02777777777778,3.434978711792497,5.025,14.5,3.922131312830783,7.529513888888889,14.083333333333334,4.728378000263356,4.589506172839506,13.52777777777778,3.81576810897559,8.527777777777779,12.694444444444445,3.5320601543266883,6.449346405228758,13.47222222222222,4.468287124155353,4.334244080145719,13.47222222222222,3.9878253741016647,0,0,0
V8-01.08.2024-C1NS.V42.csv,7.398846960167715,12.88888888888889,3.187478908648647,10.571428571428571,15.055555555555555,4.412765322948237,7.611111111111112,15.63888888888889,5.448368767091874,6.6231884057971016,15.305555555555555,5.324064876864116,7.303030303030303,10.88888888888889,2.8209821899958616,7.012820512820513,11.555555555555555,3.5466398522895846,8.295321637426902,14.083333333333334,4.689860155957157,8.833333333333334,13.77777777777778,4.813785502512294,7.121794871794872,13,5.260370152728453,4.513888888888889,10.75,3.8073402846267226,6.496376811594203,10.11111111111111,3.514483264576909,4.671052631578947,12.333333333333334,4.362243927319764,7.17094017094017,10.694444444444445,2.968495546900115,5.925213675213675,9.97222222222222,3.964661682944577,7.5432098765432105,11.36111111111111,3.30173422652495,4.306878306878307,11.97222222222222,3.7225380897328706,8.014814814814814,12.694444444444445,4.01586726477619,6.502777777777778,10.333333333333334,2.9595345967296556,8.756944444444445,13.52777777777778,3.769117468679482,7.776315789473684,12.444444444444445,4.3024926748451575,5.756642512077295,15.666666666666666,4.308126213003473,0,0,0
V8-01.08.2024-C1NS.V49.csv,7.628306878306878,11.36111111111111,3.04876007372543,7.7540509259259265,11.5,3.8451866860900705,7.023809523809524,11.305555555555555,3.91756550466599,8.695402298850574,11.555555555555555,3.325847105683383,7.113888888888889,11.916666666666666,4.297846333445733,6.463450292397661,10.63888888888889,3.79100865533072,8.378472222222223,11.055555555555555,3.390179479852843,7.872222222222222,10.694444444444445,3.1378152867341553,6.271367521367521,10.22222222222222,3.8098419306530555,3.8555555555555556,8.166666666666666,2.7807728950729516,6.021198830409356,10.77777777777778,3.191263164645721,8.288194444444445,10.333333333333334,2.7490154429085685,5.789094650205761,10.47222222222222,3.5941106997998364,5.605324074074074,8.88888888888889,2.781880776133517,5.819444444444445,9.916666666666666,2.833182830540072,4.60931899641577,10.88888888888889,3.110019116258179,6.374521072796935,10.88888888888889,3.1826873071038912,4.949206349206349,10.833333333333334,3.11910653943013,8.169191919191919,10.166666666666666,2.051528106041611,7.484567901234568,10.75,2.924910341615516,5.305898491083677,13.194444444444445,3.8511975395907516,0,0,0
