archivo,Acel_1_media,Acel_1_maximo,Acel_1_desviacion,Acel_2_media,Acel_2_maximo,Acel_2_desviacion,Acel_3_media,Acel_3_maximo,Acel_3_desviacion,Acel_4_media,Acel_4_maximo,Acel_4_desviacion,Acel_5_media,Acel_5_maximo,Acel_5_desviacion,Acel_6_media,Acel_6_maximo,Acel_6_desviacion,Acel_7_media,Acel_7_maximo,Acel_7_desviacion,Acel_8_media,Acel_8_maximo,Acel_8_desviacion,Acel_9_media,Acel_9_maximo,Acel_9_desviacion,Acel_10_media,Acel_10_maximo,Acel_10_desviacion,Acel_11_media,Acel_11_maximo,Acel_11_desviacion,Acel_12_media,Acel_12_maximo,Acel_12_desviacion,Acel_13_media,Acel_13_maximo,Acel_13_desviacion,Acel_14_media,Acel_14_maximo,Acel_14_desviacion,Acel_15_media,Acel_15_maximo,Acel_15_desviacion,Acel_16_media,Acel_16_maximo,Acel_16_desviacion,Acel_17_media,Acel_17_maximo,Acel_17_desviacion,Acel_18_media,Acel_18_maximo,Acel_18_desviacion,Acel_19_media,Acel_19_maximo,Acel_19_desviacion,Acel_20_media,Acel_20_maximo,Acel_20_desviacion,Acel_21_media,Acel_21_maximo,Acel_21_desviacion,Acel_22_media,Acel_22_maximo,Acel_22_desviacion
V1-01.08.2024-C1NS.M07.csv,-0.04473493100944081,0.611111111111111,0.4123634366868494,0.011492189468380012,0.7833333333333333,0.33316533298993245,0.035511982570806094,0.8333333333333334,0.3198623375646692,-0.1292330917874396,1.0222222222222221,0.582724292465573,0.1636950904392765,1.0166666666666666,0.4604314015097844,-0.0058213716108452915,1.1111111111111112,0.579355244333961,-0.08080908289241623,1.1277777777777778,0.46944149900891474,-0.010437710437710431,1.138888888888889,0.6908476100066511,0.08326719576719577,1.1333333333333333,0.49501523034560063,0.06579401822457379,1.2222222222222223,0.594979796100765,-0.11053591470258138,0.8444444444444444,0.5093512520855343,0.04268755935422601,0.9888888888888887,0.3728966351519705,0.039373897707231036,2.0833333333333335,0.6578077562305205,0.10113168724279835,0.7037037037037036,0.42137030357374644,-0.061923658352229766,0.9944444444444445,0.5005685455778182,0.02043249959916628,0.8611111111111107,0.46630830396510026,0.0018518518518518615,0.8222222222222222,0.405851273675847,0.01749926804274629,1.0722222222222224,0.4960464012170662,0.11894586894586895,0.6166666666666666,0.23083385187869662,-0.18903619528619534,0.8111111111111111,0.511007329023187,-0.00771073999267146,1.2777777777777777,0.4372080987491394,0,0,0
V1-01.08.2024-C1NS.M31.csv,0.012139917695473257,0.75,0.3680266343073576,0.03792041292041293,1.0722222222222224,0.3692675908548432,0.006740535549399827,0.9777777777777776,0.6183587026088733,-0.11718532442216652,1.0944444444444443,0.5622234586189847,0.24206349206349206,1.1944444444444446,0.5390860966505395,-0.041945914168136395,1.027777777777778,0.8147478990989798,-0.01006944444444444,0.8499999999999994,0.5467081388589804,0.11940035273368606,1.0833333333333335,0.6947059276474522,0.0428984788359788,1.05,0.6071895666214725,-0.1730975723622782,1.038888888888889,0.6151714563148734,0.08750000000000001,0.7666666666666668,0.40072721959800656,0.11092592592592591,1.4722222222222223,0.8140483257527085,-0.05012569130216187,1.0833333333333333,0.6265910197912425,0.14590132090132088,1.05,0.40825573800426146,0.04101851851851854,0.9722222222222223,0.6594531336487301,0.03903703703703705,1.277777777777778,0.6407160243752104,0.07160261765524928,1.2166666666666666,0.6640464479146899,0.013893565282454159,1.75,0.6999915168981621,0.15916666666666668,1.5138888888888893,0.512867335125911,0.0404100529100529,1.0277777777777777,0.5811566373913399,0.010084142173889032,1.3333333333333333,0.40394493507203605,-0.07000000000000002,0.3111111111111111,0.43534717237375875
V1-01.08.2024-C1NS.T10.csv,-0.010694642291864497,1.083333333333333,0.484226352532467,-0.07895622895622895,1.0944444444444446,0.5542453939177655,0.11505291005291005,1.2944444444444445,0.372025463841119,-0.10463154666053215,1.2444444444444447,0.8415396250254481,0.15223765432098765,1.4277777777777778,0.5558226113532043,-0.08112535612535615,1.3,0.7178881846852391,-0.11731481481481484,0.9722222222222221,0.6305543819564121,0.22873176206509538,1.4722222222222219,0.6276552333954939,-0.04821348242400872,1.1,0.6826977136073767,-0.19397759103641457,1.1833333333333333,0.6566653464813157,-0.05039326961369981,0.9777777777777779,0.5107627220070655,-0.072010582010582,0.7611111111111111,0.43638219346035567,0.053316326530612246,1.05,0.3316956984013174,-0.029146537842190016,0.4444444444444445,0.3178975648411282,-0.016666666666666663,1.0166666666666666,0.5269242611179832,0.06720085470085473,1.3333333333333335,0.471487021953781,0.00545460874408243,0.8749999999999999,0.5680225903549363,0.009802737520128784,1.1111111111111112,0.5225678124832158,0.07757936507936508,0.75,0.31266109672102593,0.049344135802469144,2.833333333333333,0.9744629110861506,0.019302679448072815,1.1666666666666667,0.3822963619186443,0,0,0
V1-01.08.2024-C1NS.T81.csv,0.0044069214987582294,1.583333333333334,0.5523067865866829,0.05858585858585859,0.5416666666666666,0.29012240353361224,0.004166376589622204,0.9277777777777777,0.6399683974989385,-0.10867194674012863,1,0.463335246573751,0.06467097717097718,1.0666666666666669,0.8095771469893728,0.04651675485008818,1,0.612909118567775,-0.03983198514448515,1.2333333333333332,0.5472965634162175,0.0015046296296296145,1.0888888888888895,0.7615187597512402,0.033431267806267796,0.9333333333333332,0.4480983653217482,-0.04497897656110217,0.7499999999999999,0.5563616059185241,0.08480847179677589,1.1666666666666667,0.5677803403888373,-0.015512501296815025,0.6666666666666666,0.4051399459004609,0.021111111111111115,0.7777777777777777,0.3820036750610406,0.02691484001007812,1.5694444444444444,0.608554192739397,0.08346560846560848,0.9222222222222222,0.5584873479084898,0.07587844254510921,0.7277777777777779,0.44058236792226796,-0.01903021442495127,0.8277777777777777,0.40749195059999,-0.012453314659197029,1.0555555555555556,0.4901633741619183,0.03360566448801742,0.6180555555555556,0.35939854096361096,0.030199724517906323,0.833333333333333,0.37935676192598256,0.1008858759553204,1.5833333333333335,0.5393838407804641,0,0,0
V1-01.08.2024-C1NS.V12.csv,-0.062499999999999944,0.9722222222222223,0.6526144032780385,-0.049398148148148115,0.7666666666666667,0.5875800947557964,0.19493856837606832,0.833333333333333,0.40289052975137096,-0.13517156862745094,0.6666666666666666,0.6335979275075243,0.05041530501089331,0.7592592592592594,0.714540636252368,0.06553497942386832,0.8,0.6368021102969961,-0.04518849206349206,0.8444444444444444,0.5919070440809262,-0.06029040404040401,0.7277777777777779,0.8613988355092349,-0.014281705948372624,0.7222222222222223,0.45603194285987086,-0.05652116402116402,0.6722222222222222,0.7658917871748094,0.03684864518197854,0.7777777777777779,0.43009337574474965,-0.0031517094017093996,0.5777777777777777,0.5289018565705821,0.051296296296296263,1.2444444444444442,0.524231308325485,-0.020158195713751242,1.4074074074074083,0.6531975202700802,0.016412490922294895,0.9777777777777779,0.47746330303321277,0.04318701417466848,1.1944444444444438,0.4520172506131895,-0.0041666666666666935,0.888888888888889,0.6307171639859678,-0.02463957927225468,1.2222222222222223,0.5224309149507027,0.08743386243386242,0.6111111111111112,0.5764275710181253,-0.014259259259259234,0.6527777777777768,0.6486511464707004,0.035436424469627595,1.2222222222222223,0.5606317496007646,0,0,0
V1-01.08.2024-C1NS.V15.csv,0.018124521072796912,0.8888888888888893,0.3574124097339998,0.0012037037037037248,0.7944444444444445,0.365982238358384,0.08785403050108932,0.6277777777777777,0.2525669574230273,-0.06674382716049383,0.75,0.4647224148610617,0.06886939571150097,0.6611111111111111,0.3365876454244872,0.012896825396825391,0.8055555555555556,0.5488751320272144,-0.05831863609641386,0.6888888888888889,0.36982761769948463,0.20995370370370367,0.6851851851851852,0.3593696136353067,0.02731481481481482,1.1388888888888888,0.6071865461032757,-0.06626064567241038,0.711111111111111,0.512281243116647,-0.01879084967320261,0.5777777777777778,0.3509377997945202,0.012222222222222242,0.5333333333333334,0.29955287079009785,9.221772379667088e-4,0.8944444444444443,0.4566822547590318,0.01093474426807759,0.8388888888888889,0.3870410651313978,0.0015432098765432117,0.6055555555555556,0.368585626880673,0.01440527065527067,0.8388888888888889,0.42538194583733807,-0.016743827160493815,0.7333333333333333,0.3359552629222302,0.035291280864197555,0.9277777777777778,0.4649187652573805,0.09036458333333333,0.5555555555555558,0.17525368792459933,-0.0807621671258035,0.6277777777777778,0.3569994406855627,0.03670960346602942,1.1944444444444442,0.4576673700953764,0,0,0
V1-01.08.2024-C1NS.V42.csv,0.05096634332745443,0.8555555555555555,0.4683978192320259,0.043901420217209705,0.8055555555555556,0.407788083388261,-0.019047619047619056,0.305555555555555,0.2764903008188288,-0.07302188552188552,0.4666666666666666,0.2492018573387902,0.14772727272727273,0.875,0.40784516961630074,0.033888888888888906,0.888888888888889,0.5922999856294785,-0.10590277777777775,0.42222222222222233,0.39546539104503603,0.16888888888888887,0.9444444444444444,0.6773878153617384,0.07204415954415956,0.6481481481481483,0.4116881732675487,-0.06111111111111111,0.22222222222222232,0.22706528130762008,-0.04850471589602024,0.7277777777777779,0.3317722900621407,-0.046440972222222224,0.5777777777777777,0.3242227048385399,0.0031201369436663702,0.8333333333333334,0.3256210279666409,0.06079059829059828,0.9555555555555555,0.44901518102976024,0.00416666666666666,0.9444444444444446,0.6290803332793973,0.018160774410774412,0.5833333333333339,0.22713588679291713,-0.059542181069958816,0.4444444444444443,0.2763489549985902,0.028021442495126683,1.0444444444444443,0.4094677131576401,-0.01518518518518518,0.1833333333333332,0.12179699960297415,-0.06559376837154615,0.5222222222222223,0.3342230868998562,0.0012064684047442683,0.7333333333333332,0.32752338737420356,0,0,0
V1-01.08.2024-C1NS.V43.csv,0.07459022852639875,1.1944444444444446,0.47928450663638106,-0.03154761904761905,0.7166666666666667,0.4175234380376879,0.13498263888888903,0.8472222222222221,0.4069456196260367,-0.10956558061821219,0.7944444444444445,0.5116579579280512,0.1469135802469136,0.8833333333333334,0.570217030855,0.08769290123456792,0.9305555555555556,0.7590507120291287,-0.08585858585858587,0.888888888888889,0.5398786178619019,0.21296296296296297,0.7611111111111113,0.5670840873626396,0.03518518518518518,0.8444444444444443,0.5327455374817293,-0.12101851851851851,0.7833333333333334,0.5547570816187154,-0.02686387686387686,0.9055555555555556,0.53393299421056994,0.033399470899470915,0.8194444444444444,0.5461584721944034,0.0291280864197531,0.9666666666666668,0.4728011200909994,0.006087105624142643,0.7222222222222222,0.4640822714128026,0.09368686868686868,1.0555555555555554,0.5461600233140874,0.013826232247284862,0.7222222222222223,0.4684459195983039,0.010243055555555566,0.8981481481481479,0.42008494535171914,-0.02006944444444443,1.1833333333333333,0.45294871629745964,0.06770833333333334,0.6,0.22381115965292073,-0.06202050264550264,0.4722222222222222,0.38174912872248457,0.025661040501645235,1.0277777777777777,0.36484414034895596,0,0,0
V1-01.08.2024-C1NS.V48.csv,-0.023341946597760555,0.8611111111111113,0.6691960793503542,-0.048882503192848,0.8222222222222222,0.6050874250006213,0.08552631578947367,0.7555555555555555,0.4765557243573554,-0.1383838383838384,0.7222222222222223,0.6301996121565344,0.19022633744855968,0.7944444444444445,0.6174008376987342,0.04859138257575759,0.9259259259259262,0.7585727622150681,-0.13090711031887503,0.8333333333333333,0.6652804551621104,0.2719065656565656,0.7944444444444444,0.7747190529031417,0.04627525252525254,0.8055555555555556,0.564620341202631,-0.1310130718954248,0.6777777777777778,0.7333033331232961,-0.033551198257080625,0.7944444444444443,0.7454583230696897,0.006873219373219345,0.6444444444444445,0.6257473356401898,0.14932870370370374,1.1111111111111112,0.56164073951904,0.001719576719576718,0.7847222222222222,0.6371208055509388,-0.015753690753690743,0.9277777777777778,0.6450350261183837,-0.04153775517411882,0.833333333333333,0.6338874186289165,0.01253561253561247,0.7833333333333334,0.6688651822725995,0.01981231606419014,1.3981481481481488,0.6126973867802901,0.07781408859840233,0.5777777777777777,0.20949816911416966,-0.026790123456790108,0.7777777777777777,0.5688300423172334,0.026456196687062977,0.9305555555555554,0.48443595716899923,0,0,0
V1-01.08.2024-C1NS.V49.csv,-0.049162257495590826,1.3611111111111107,0.6684888100431993,-0.00801667468334135,0.7407407407407408,0.49945434503402886,0.1378110915147952,0.7314814814814815,0.34470672173015365,-0.1279658564814815,0.5462962962962964,0.5923160787461634,0.11982570806100218,1.0833333333333333,0.4830089573795711,-0.014149305555555575,0.8240740740740741,0.9444857723870963,-0.12275132275132275,0.824074074074074,0.6516308269485056,0.3196759259259259,0.7962962962962962,0.46120867472739957,-0.006220322886989562,0.7407407407407408,0.728809898047534,-0.22858796296296305,0.6666666666666669,0.7982491695407294,-0.03760288065843621,0.7222222222222223,0.6027367800275923,-0.03298059964726631,0.722222222222222,0.5807670974530964,0.08946608946608949,1.1481481481481481,0.6372418745873183,-0.061985596707818925,1.0277777777777781,0.7463712548573801,0.1941854441854442,0.9722222222222223,0.4421172108078216,-0.020778697952611006,1.0555555555555554,0.8037509047578288,-0.05009920634920635,0.7314814814814815,0.6401949988476782,0.07081845238095238,1.4166666666666667,0.7915086247014639,0.19701646090534977,0.8888888888888888,0.3035569673739225,-0.11398959836459835,0.7685185185185185,0.7558517595946962,-0.016771710178607065,1.1111111111111107,0.45896990938545523,0,0,0
V2-01.08.2024-C1NS.M07.csv,0.03173400673400673,0.9499999999999995,0.5393414636609007,-0.011769442076347458,0.9277777777777778,0.459398609327635,0.058783068783068784,0.9777777777777779,0.41631887727483113,-0.10798941798941798,0.9666666666666668,0.5410874531729484,0.20180005180005164,1.0611111111111111,0.7333246419680409,-0.0839045698924731,1.1222222222222222,0.81919141139216,-0.05991512345679013,1.1555555555555554,0.6947725452678539,0.2255190796857464,1.0166666666666666,0.5690469533125868,-0.046557271557271566,1.038888888888889,0.8284816018015466,-0.09474527665317138,0.9583333333333335,0.7500512439463018,-0.024814814814814828,1.0555555555555556,0.5327524180884917,-0.037008978675645336,0.9888888888888889,0.5015914763843209,-0.03540448343079922,1.2333333333333334,0.42786551708584786,0.043968253968253955,0.9722222222222221,0.3232021881532874,0.04981366815732141,0.9259259259259259,0.45657696436507145,0.044809996648231966,1.083333333333334,0.7321152247313014,-6.535947712418604e-4,1.4444444444444446,0.5412636761342816,-0.0038289282175151835,0.7500000000000001,0.4312751480025879,0.05330687830687831,0.7222222222222222,0.3089201602119374,-0.1597222222222222,0.8666666666666666,0.6374078474276693,-0.024026478961196265,1.9259259259259263,0.33690440980370234,0,0,0
V2-01.08.2024-C1NS.M31.csv,-0.023461431356168194,0.9666666666666666,0.4252940973329682,-0.004563918757467134,0.7666666666666666,0.41875120142840183,0.08113121345029232,0.7611111111111113,0.31992814283901666,-0.1288131313131313,0.9388888888888888,0.6602233222609871,0.057677708764665284,1.0222222222222224,0.6321623993232391,0.02407059314954055,1.1222222222222222,0.7413957032083878,-0.015882464096749822,0.9777777777777779,0.58445556826202,0.4122017274191186,1.6944444444444446,0.9075476863362694,-0.029864694415778055,1.1,0.6611700303188608,-0.1414133668412134,1.05,0.5966356948157845,0.05124934133554826,1.3333333333333335,0.6547939736918633,-0.09444444444444446,0.8333333333333334,0.5609048025564268,-0.01284301346801348,1.0222222222222221,0.5957796200239561,0.025488199665831244,0.9027777777777779,0.5464231711791457,0.04273504273504273,0.9055555555555553,0.4695752864745081,0.011006054131054127,1.083333333333333,0.5294067580443643,-0.009189597120631597,1.0611111111111111,0.5654135637726373,-0.01154637543526433,1.211111111111111,0.49934862884047304,0.11230709876543209,0.9333333333333332,0.3445195861756723,-0.3424652777777778,0.8944444444444445,1.1975375867487448,0.041441991109061334,1.2314814814814812,0.46103756173091137,0,0,0
V2-01.08.2024-C1NS.T10.csv,-0.006731167614678928,1.0166666666666668,0.393394991060153,-0.004998610242512686,0.9777777777777779,0.3609106465291131,0.08526475694444449,1.027777777777778,0.31462878240362696,-0.10617592592592594,1.1888888888888889,0.6110084509730564,0.12318244170096022,1.2333333333333332,0.5107576265340642,0.012808641975308614,1.2333333333333332,0.7079607468406813,-0.05037301587301592,1.2722222222222226,0.5627367690806248,0.03348450491307632,1.0722222222222222,0.7807543592286518,-0.028258362168396764,0.9944444444444445,0.6496693304899241,-0.14746342981637095,1.1555555555555554,0.612966378611912,-0.006128747795414455,0.9166666666666666,0.5620305140409863,0.008608058608058617,0.6944444444444446,0.4620017814518616,-0.02526822457378011,1.088888888888889,0.5310936696665951,0.0020107323232323197,0.9166666666666666,0.5467385548635144,-0.021095482960274234,1.1722222222222223,0.6601470557711003,-0.02228931830381108,0.8944444444444446,0.47690289178829237,0.03229166666666666,0.7944444444444444,0.4352644953600656,-0.002646072796934883,1.4305555555555556,0.5142015002273483,0.09966049382716048,0.4722222222222222,0.1522003343708927,-0.09429012345679012,0.9388888888888889,0.5291307485123813,0.057327688019652275,1.3888888888888884,0.37577906175914405,0,0,0
V2-01.08.2024-C1NS.T81.csv,0.021152263374485614,1.2777777777777777,0.48256397655818,0.0021269841269841326,0.9055555555555556,0.37765025525415025,0.02105555555555555,0.9222222222222223,0.6439547038481348,-0.08062654320987657,0.9777777777777776,0.6013280190091538,5.3910453070105525e-5,1.261111111111111,0.7245615731660553,0.05842236467236465,0.9555555555555557,0.5942303782134228,-0.03217592592592593,0.8833333333333332,0.4971748092376063,-0.02068794000612183,0.8958333333333333,0.7199710682101476,-0.0576687379932816,0.8722222222222223,0.560193381441776,-0.007868768422401631,0.9055555555555556,0.5941496110675255,0.01944444444444444,0.8444444444444443,0.36709851112804587,0.08634403036576954,0.7777777777777786,0.42879070425317095,-0.03818783068783069,0.8777777777777777,0.42716542676122554,0.015518436242120445,0.6111111111111107,0.25912660796586695,-0.036718749999999994,0.8444444444444444,0.5439050174457727,0.0051399410774410825,0.6041666666666667,0.3158892332223928,0.02554012345679011,0.9305555555555554,0.4124765180286489,-0.05262433862433868,0.9944444444444442,0.3935334370365873,0.08015873015873017,0.49444444444444446,0.2264419269392183,-0.08037367724867725,0.5777777777777778,0.4398426260874127,0.01215690763484881,1.2499999999999996,0.4078932632520905,0,0,0
V2-01.08.2024-C1NS.V12.csv,0.04508244741655235,0.8611111111111116,0.5652023201245409,0.012962962962962963,0.7222222222222221,0.5436837719628457,0.019050802139037395,0.711111111111111,0.6378885950792201,0.1103395061728395,0.7777777777777777,0.5812370368040695,-0.13013468013467994,0.7,0.8236813755333448,0.12507233796296294,0.8888888888888888,0.5740288196441946,0.02307466196355085,0.7499999999999999,0.5315574527437141,0.16423853923853926,0.9444444444444442,0.7634377322479309,-0.020669934640522903,0.65,0.5779961524531876,-0.08359924026590691,0.6851851851851851,0.7289513111336328,-0.009920634920635019,0.6722222222222223,0.5254456183185007,-0.03175154320987653,0.6555555555555556,0.5364214244976407,0.014545177045177021,1.011111111111111,0.445861076014266,0.016258169934640517,0.7777777777777777,0.37051906311917765,-0.05863118191458595,0.75,0.4610856331278555,0.012710437710437724,0.7777777777777777,0.46091326749103534,-0.010763888888888896,0.6277777777777777,0.5596054928368456,0.027689351203444304,1.5,0.7727877347564461,0.17149470899470898,1.8055555555555554,0.6320683642911833,-0.1529417438271605,0.5277777777777777,0.6655869826237126,0.022843067719652898,0.9722222222222223,0.44055119201999904,0,0,0
V2-01.08.2024-C1NS.V15.csv,-0.032033517193400945,1.013888888888889,0.5552946433367419,-0.06477411477411477,0.75,0.4673192757243125,0.13975694444444445,0.6444444444444445,0.27597138343550887,-0.09447616259210463,0.6555555555555556,0.44693381093800455,0.17301587301587298,1.0277777777777777,0.6333178028642277,0.04379340277777776,1.0277777777777777,0.6704584235680916,-0.06037037037037035,0.9444444444444445,0.5515028921414921,0.37656249999999997,0.8194444444444446,0.3802190012636897,-0.023481775426219865,0.6888888888888888,0.5200746189706003,-0.04800809212573919,1.2777777777777777,0.7199012804217976,-0.030158730158730163,0.7833333333333334,0.45908716266923605,-0.010707070707070705,0.6833333333333333,0.5782424417361005,-0.016643323996265173,0.95,0.4159471825854758,0.013311590943169882,0.9629629629629629,0.4013218766479679,0.074088713219148,0.6499999999999999,0.32099039343696106,0.03745408631772269,1.1388888888888888,0.6053797714849657,-0.018518518518518517,0.8777777777777777,0.5542546497191103,-0.01733683811688929,1.0611111111111111,0.5336617097473181,0.11890432098765433,1.0694444444444446,0.32627013132950855,-0.1319616402116402,0.5111111111111111,0.6055366378285764,0.0599981128175353,1.7499999999999996,0.48155737487538935,0,0,0
V2-01.08.2024-C1NS.V42.csv,-0.03134346610761702,0.7111111111111111,0.4573388018576369,-0.03889130434782608,0.7916666666666666,0.524861063577931,0.07545940170940171,0.6055555555555555,0.49871896671697225,-0.07045454545454545,0.6277777777777778,0.512846107342822,0.08844797178130506,0.7277777777777776,0.5507873398402015,0.016155303030303027,0.7777777777777778,0.571174289140882,-0.04223484848484847,0.7708333333333333,0.482345707475695,0.15370370370370368,0.75,0.5940914686040609,0.02384559884559886,0.7,0.43445627356342476,-0.0681986139866575,0.85,0.49983292491571624,0.012523719165085384,0.6888888888888889,0.41377740446801753,-0.07779700115340253,0.6777777777777777,0.48346549628006824,0.10684697855750487,2.0555555555555554,1.004658378660584,0.02516890516890516,0.9388888888888889,0.4804535477492309,-0.03149509803921568,0.8666666666666666,0.5578775289047939,-0.08750300625300628,1.8888888888888884,0.7647492693734348,-0.010672514619883047,0.5138888888888888,0.3854102164490783,0.008457977207977216,1.35,0.49683377746442153,0.10629629629629632,0.5055555555555555,0.2891186255830365,-0.12361111111111112,0.961111111111111,0.5598693302553832,0.014440607422271195,1.2222222222222223,0.4438445282114098,0,0,0
V2-01.08.2024-C1NS.V43.csv,0.0035460992907801548,0.6277777777777777,0.35685900128114595,-1.9844802830912435e-4,0.75,0.43656174124172514,0.09097416744475578,0.7,0.31557129059148037,-0.11030701754385965,0.6166666666666666,0.5000320025315379,0.08646384479717813,0.7833333333333332,0.44616462663288853,0.039078282828282844,0.7,0.6308164605623303,-0.06036887089518669,0.7777777777777777,0.44744791193288036,0.03258904837852206,0.9,0.6064526741615381,-0.0756535947712418,0.7944444444444445,0.6604787543923204,-0.12244578980690093,0.7388888888888889,0.47025104437353504,0.02500406107862247,0.7944444444444445,0.5582138919951188,-0.04841057635175282,0.7500000000000002,0.46885140100312633,0.07075941487706193,0.9444444444444442,0.634605820373583,0.030718954248366015,0.8555555555555555,0.5045442753263032,-0.03120039682539684,0.8444444444444444,0.762332258563794,-0.0678222735375142,1.166666666666666,0.6450692795403145,-0.024452861952861987,0.75,0.5325386816989227,-0.004960590756045295,0.9833333333333332,0.6040218255768923,0.13302808302808308,0.5333333333333334,0.22356513601385586,-0.17192982456140352,0.5333333333333334,0.5415068969316922,0.032135909695569335,1.2083333333333333,0.3969822175957429,0,0,0
V2-01.08.2024-C1NS.V48.csv,-0.020576888162672467,0.8055555555555554,0.5334259807998727,8.537313664355244e-4,0.6666666666666666,0.5774858192750173,0.12471091000502765,0.6611111111111112,0.4296210923731552,-0.1085891812865497,0.855555555555555,0.7403357982601123,0.2940740740740741,0.7611111111111111,0.4264452014395502,-0.08190685343463124,0.9277777777777778,0.9600996195891902,-0.07674362674362675,0.7722222222222224,0.7288358880879036,0.18810690943043912,0.7388888888888889,0.6741477594174707,0.009297839506172792,0.7222222222222221,0.7836969245750385,-0.15283416429249752,0.6777777777777778,0.8339748284584325,-0.05530864197530863,0.7277777777777776,0.5976040027680297,-0.12285945391414144,0.75,0.7236052602708986,0.13163722478238604,1.0277777777777777,0.7447409673756794,-0.038796296296296315,1.0222222222222221,0.7259117154896229,-0.08784041394335511,0.8055555555555557,0.6822930849524022,0.11827262243928911,1.0092592592592593,0.726316993116471,-0.059935897435897424,0.888888888888889,0.6086624569877589,0.015509259259259299,1.4,0.7357919905755035,0.1111111111111111,0.5055555555555555,0.268128708114641,-0.07282407407407407,0.6777777777777778,0.5527734330188,0.03341768837641719,1.6944444444444455,0.474795722324496,0,0,0
V2-01.08.2024-C1NS.V49.csv,0.018888888888888917,1.0833333333333357,0.5997529661613699,-0.010662177328843997,0.7037037037037037,0.6053633370707848,0.06383277216610554,0.6851851851851852,0.5419904629583608,-0.12941919191919196,0.6481481481481483,0.6086665592261309,0.10912524366471735,0.6851851851851852,0.6981914741769089,-0.04911584516847673,0.7592592592592594,0.9874390020753756,-0.13171296296296298,0.7407407407407408,0.8002339363257917,0.08508328903065746,0.9722222222222222,0.7304612497844402,-0.08636891793754539,0.7129629629629631,0.6363153576478947,-0.04896383452417936,0.7222222222222223,0.4746574830192853,-0.019675925925925934,0.7777777777777777,0.5750283975377947,-0.019173358847271893,0.7314814814814814,0.647432995227175,0.024262688614540458,1.2777777777777777,0.6967954536611342,-0.04483430799220272,1.2314814814814812,0.6531280971062767,-0.011525848765432093,0.8796296296296297,0.5811350374082506,0.10412457912457915,2.416666666666667,0.7705225812180029,-0.05478395061728392,0.861111111111111,0.5190119192261018,-0.012064900548696854,1.1666666666666667,0.682703398849584,0.058333333333333334,0.925925925925926,0.34381007000032643,-0.05756955111793821,0.7037037037037036,0.4552209792840257,0.009924576527297942,1.3055555555555554,0.5072119262155049,0,0,0
V3-01.08.2024-C1NS.M07.csv,0.103447895079441,1.8888888888888888,0.6947188768892475,-0.02251984126984127,0.8722222222222221,0.5276409988801993,0.01753472222222223,0.8555555555555555,0.5915084725834411,-0.042780026990553305,0.9444444444444442,0.7216727638806543,0.11892361111111109,1.038888888888889,0.6904839796402744,0.009788359788359784,1.0611111111111111,0.7501104311074037,-0.09018737672583825,0.9666666666666666,0.4455507185220353,0.124973418394471,0.5777777777777778,0.30336282546443266,0.012794612794612772,0.9166666666666666,0.5716306750271534,-0.11707507170470131,0.9944444444444445,0.5507721838216741,-0.022939814814814875,0.8611111111111109,0.5894561615780474,-0.015364583333333334,0.861111111111111,0.3393050983722151,0.03243123638344226,1.25,0.36823533638364486,0.052351011726011726,0.638888888888889,0.4447075923159723,-0.04684009406231628,1.027777777777778,0.4971154591907608,-0.011507936507936498,1.5,0.6087834860945285,0.0767287108079947,1.25,0.6284094890358936,0.018302852541982984,1.583333333333333,0.5896765825164485,0.02524509803921568,0.711111111111111,0.5214992858962622,0.01789645682834537,0.8333333333333333,0.5060171997850864,0.01819817749947467,0.8444444444444443,0.36770568077390176,0,0,0
V3-01.08.2024-C1NS.M31.csv,0.01391053391053393,0.6888888888888889,0.4332618861034744,-0.011265841438255235,1.1111111111111112,0.4703436371245241,0.0533235867446394,1.027777777777778,0.3810688889553497,-0.015586419753086393,1.0222222222222221,0.5323332342320427,0.0919047619047619,0.8055555555555556,0.5392227266204626,0.05575526506899057,1.1,0.8189198681101358,-0.15437900306321362,1.1222222222222222,0.6759074504337204,0.15422979797979783,1.1222222222222222,0.7825523376267813,0.04810606060606061,1.05,0.5656821078964437,-0.1491769547325103,1.05,0.6897256754098595,0.08111111111111112,0.40555555555555556,0.2584190845901736,-0.0516761179041881,1.0833333333333333,0.7331005853320635,0.036388888888888894,1.0611111111111111,0.3391783339776568,-0.04359567901234567,0.6055555555555554,0.4916534915658971,0.028444303495533004,1.2777777777777777,0.6129803181604869,0.06686507936507938,1.1388888888888893,0.5171597497235588,-0.04186507936507936,0.9333333333333333,0.5838901197954319,0.021179263394175727,1.2444444444444442,0.6211872061531507,0.13858024691358026,0.8166666666666667,0.26267570184170164,-0.16746632996632996,0.8888888888888888,0.7530780510703162,0.03501838158149187,1.7222222222222223,0.42261871299236675,0,0,0
V3-01.08.2024-C1NS.T10.csv,-0.018449860382337608,1.011111111111111,0.30525744672594146,-0.01814038514511807,1.1555555555555557,0.42869611533481883,0.08492647058823534,1.1333333333333333,0.49644932878146514,-0.03832394457394458,1.05,0.5596382113687505,-0.008543771043771105,1.1666666666666667,0.6029104423773253,-0.007900432900433019,1.0666666666666669,0.5930484183521594,-0.03537157287157287,1.2944444444444443,0.587074585548418,0.033127572016460896,1.203703703703704,0.6980999126452893,-0.022456845986257738,1.1111111111111112,0.710822010713417,-0.17389490884072925,1.088888888888889,0.6445710931279228,-0.018034511784511795,0.6555555555555556,0.2613158045915396,-0.023120915032679743,0.4611111111111111,0.36860772953071586,4.3481350299531693e-4,0.7722222222222223,0.4151435394234715,0.06738775220233022,1.3611111111111112,0.49248696451695084,0.06382821159652949,1,0.46556816901975023,-0.018080632716049358,1.666666666666667,0.5972840004515086,0.06712962962962964,1.1388888888888884,0.6075679059068754,-0.04049318415637866,1.222222222222222,0.5567541069541162,0.07387464387464387,0.6555555555555556,0.1976800040373012,-0.08891975308641976,0.9333333333333333,0.46601703268618655,0.04793393777341867,0.8055555555555556,0.34287999047165063,0,0,0
V3-01.08.2024-C1NS.T81.csv,-0.03833333333333333,0.9722222222222214,0.45924748138476396,0.03074317281634355,0.8333333333333333,0.4081486124440202,0.023855532551184697,1.166666666666667,0.5963224525361177,-0.10223535892872278,0.7444444444444445,0.5396469438237168,0.07030705919594808,0.9166666666666666,0.6356166984844073,-0.07663118131868131,0.7444444444444445,0.6050337408698327,-0.01779234410813358,1.0611111111111111,0.5334169290435302,0.028315412186379906,0.9277777777777777,0.669326943652411,-0.0535787771898883,0.711111111111111,0.5286521646638614,-0.07272472993827162,0.6611111111111111,0.5015987651071782,-0.009920634920634849,0.65,0.36928952739828863,0.09719056663501098,0.6833333333333336,0.36115729059374463,0.013391094366971557,0.9055555555555557,0.4144619430461468,0.07679473304473307,1.6388888888888888,0.5193192800166662,0.08553497942386831,0.8611111111111112,0.39893021072989904,-0.02561203493743175,0.916666666666667,0.441832780335773,-0.048784213098729226,1.0055555555555558,0.5125059420858289,0.012137561636224736,1.3166666666666667,0.6704181548888937,0.09608703130374957,0.41666666666666674,0.16671001283474085,-0.07546296296296297,0.6,0.5301640741065459,0.07583477530646007,1.8333333333333333,0.4728955603611518,0,0,0
V3-01.08.2024-C1NS.V12.csv,-0.04273463804713803,0.9722222222222219,0.5586363309147095,-0.02620098039215684,0.7083333333333335,0.49532612336318466,0.04460470085470085,0.8888888888888888,0.5877801179438776,-0.07074829931972791,0.6555555555555553,0.5649724593293,0.008066893424036296,0.6666666666666667,0.7032027267127415,-0.09735995894084132,0.6777777777777777,0.8597288219478827,0.0032622114868492208,0.7388888888888889,0.5897217356192381,0.12345679012345674,0.8611111111111112,0.9063675489673402,0.022348484848484857,0.638888888888889,0.6166830749022804,-0.03791508388730611,0.7638888888888888,0.6672309188374551,0.11649610136452242,1.666666666666666,0.6352717732010871,-0.01837606837606839,0.6666666666666666,0.6309557166190691,-3.664195649527608e-5,0.9944444444444442,0.5810891962681626,-0.029330340441451556,0.7944444444444445,0.5517753216435531,0.027211934156378605,0.9722222222222223,0.5829004807996904,0.08963483944302358,1.0833333333333333,0.6220127568508943,-0.031103801169590644,0.9166666666666667,0.6887498995990572,0.02194589532552501,1.423611111111111,0.7280743543523556,0.10158730158730159,1.2222222222222223,0.649751316923206,-0.13909313725490197,0.5111111111111111,1.0253502659233658,0.026815928857433204,1.1388888888888884,0.5032215329841458,0,0,0
V3-01.08.2024-C1NS.V15.csv,0.011666666666666669,0.9166666666666661,0.47548755885161637,0.001412037037037029,0.6777777777777778,0.437615401801341,0.009529320987654329,0.6277777777777779,0.4299574537970499,0.0164021164021164,1.3888888888888888,0.5841884636670914,0.053157225853304284,0.7500000000000001,0.5519456699989929,0.03574849480021895,0.7944444444444445,0.663792093578887,-0.021567276601998798,0.8125,0.47980297643831255,-0.007924836601307193,0.7222222222222221,0.6713253709433861,0.01881687242798353,0.6722222222222223,0.5824300733847168,-0.17017082244354975,0.8240740740740741,0.7268166155151071,0.08164983164983165,0.7222222222222223,0.5389112855249131,-0.064578111946533,0.5777777777777778,0.5587396290061355,-0.035130718954248366,1.1388888888888888,0.39973822112081875,0.036863425925925924,0.6180555555555556,0.41671199599109293,0.0174204146133533,0.6722222222222222,0.4356828470352593,0.020573022656356004,1.4444444444444442,0.6442152977987115,-0.00794753086419753,0.8333333333333334,0.4173898423428665,-0.011321628563007887,1.1555555555555554,0.5338933314718444,0.08819444444444444,0.4999999999999999,0.1553553605957761,-0.14133698092031424,0.5055555555555555,0.5400620191571986,0.05586163890257457,1.8611111111111107,0.47369441781835436,0,0,0
V3-01.08.2024-C1NS.V42.csv,-0.011125172572480451,0.8944444444444445,0.48320301624974477,0.024523258377425052,0.7722222222222224,0.40101960835411693,-0.04609375,0.7722222222222221,0.6068495800326457,0.01276803118908382,1.2222222222222223,0.6134882978576751,0.09256854256854256,0.8555555555555555,0.4103068730109718,-0.07009742394357776,0.6777777777777775,0.7557196646284691,-0.13777317690361168,0.8777777777777773,0.7171451800350712,0.19047619047619047,0.7833333333333334,0.5104939337909803,-0.06371527777777777,0.638888888888889,0.48495838855688145,-0.11376127730294396,0.7722222222222224,0.6022790625740129,0.002430555555555549,0.7666666666666666,0.4139830427366431,-0.0013756613756613749,0.5444444444444444,0.3473925357058115,-0.02049247049247049,0.9722222222222223,0.47843606176981796,-0.006329610033313735,0.5944444444444444,0.3638691998478424,0.02430204916084247,0.9027777777777777,0.4527721023343515,-0.03258101851851852,0.6666666666666661,0.4565274497223203,-0.03208333333333333,0.7000000000000002,0.440505513362457,-0.003955026455026458,1.011111111111111,0.4319457249130942,0.012426900584795307,0.5277777777777777,0.24689840149901338,-0.04853826728826729,0.6111111111111112,0.346839664688264,-0.0014607073569337706,0.7,0.3337483745944846,0,0,0
V3-01.08.2024-C1NS.V43.csv,-0.023646184062850732,0.7611111111111111,0.4592387551039145,-0.04958036854588579,0.7388888888888889,0.5835797000548764,0.05042162698412697,0.75,0.5582119680784396,-0.0782608695652174,0.7333333333333333,0.5887896750041374,0.03636363636363636,0.9944444444444445,0.6303456020329201,0.014384974000358656,0.8444444444444444,0.5301817868070217,-0.03774366471734895,0.9722222222222223,0.6179335773119023,0.1354875283446712,0.788888888888889,0.5768728949436426,-0.11691358024691359,0.7111111111111112,0.5850486523910996,-0.05399853160865745,1.1759259259259258,0.640071025999756,-0.009232026143790832,0.6722222222222223,0.4153888737249809,-0.07599826388888889,0.6277777777777778,0.5678602607758267,-0.0061736874236874165,0.861111111111111,0.5294102883728095,0.0547831632653061,0.6481481481481483,0.3528515983729539,-0.03841674894306471,0.861111111111111,0.6479683230407043,-0.019312169312169315,1.8888888888888893,0.5971918084212673,-0.011274509803921537,0.6666666666666667,0.4905476816368945,0.01862535612535612,1.1,0.5308263210163389,0.1285714285714286,0.5944444444444444,0.2257687841314881,-0.23112169312169317,1.4722222222222197,1.0609233828680693,0.04171022842897842,0.8888888888888888,0.4129040848619118,0,0,0
V3-01.08.2024-C1NS.V48.csv,0.02327139060356652,0.7222222222222223,0.5147696513816826,0.026495726495726554,0.805555555555556,0.5843035480615388,-0.004059829059829042,0.7111111111111112,0.6170020401783369,-0.11267361111111111,0.7388888888888889,0.6071081798947453,0.3084126984126984,0.9444444444444438,0.4859603588725788,-0.03602693602693602,0.7277777777777779,0.56661725979020106,-0.10902356902356904,0.8277777777777778,0.5152075518035955,0.37530864197530867,0.8055555555555557,0.3111698945053269,7.2016460905349e-4,0.7222222222222221,0.6619737468188728,-0.10992842920806607,0.6777777777777777,0.450044524814206,0.05253086419753087,0.6888888888888891,0.5828977615707435,-0.12411858974358973,0.5777777777777778,0.6669006180601909,0.004425366015511593,0.9666666666666668,0.622580600946631,0.04793703007518798,0.8194444444444444,0.49846213723053967,0.04624269005847952,1.1222222222222222,0.640680618821613,0.04545753272069062,1.2777777777777777,0.6767989631341299,0.017335390946502133,0.961111111111111,0.6615402790342191,-0.029129923574368017,1.712962962962963,0.7418513614818517,0.08715488215488215,0.5888888888888888,0.3694955804952467,-0.07185672514619885,0.538888888888889,0.6435128300616659,0.08276308402317835,1.2222222222222214,0.4905770433868526,0,0,0
V3-01.08.2024-C1NS.V49.csv,-0.01679834224405135,0.9722222222222219,0.6205234154540333,-0.009161304033098904,1.027777777777778,0.5684841759485398,0.12666666666666665,0.6851851851851851,0.28345182304117944,-0.13422241870517732,0.6851851851851852,0.6715117205724866,0.1936896981014628,0.7222222222222223,0.3865465990342275,-0.1092203548085901,0.7222222222222223,0.8023428527949757,-0.09586606808829032,0.8240740740740744,0.7505775641999735,0.35130718954248363,0.7222222222222222,0.3419991847369311,-0.058074618736383476,0.7129629629629629,0.8088651029721462,-0.16171492491859346,0.7129629629629628,0.6649428758844199,0.033559577677224735,1.3888888888888884,0.5941645494148672,-0.028587962962962964,1.0648148148148147,0.6939436365139017,0.04685592185592185,1.4999999999999998,0.562651627542844,0.057138590203106326,1.1111111111111112,0.33042621129797434,-0.023445767195767193,0.9166666666666666,0.5244299267741668,0.002256226449774823,1.5555555555555554,0.7134816934634587,-0.061481481481481484,1.0092592592592593,0.5825666135025331,0.016847770635649423,1.4351851851851851,0.7529393457755489,0.09595959595959595,0.7500000000000001,0.21130876322771264,-0.10480109739368998,0.75,0.676014758097309,0.028720688712568672,1.0277777777777777,0.442470662291352,0,0,0
V4-01.08.2024-C1NS.M07.csv,0.014753086419753083,0.9722222222222223,0.41812089100963445,0.03578593474426805,1,0.5017092563043538,0.12328103566529504,0.9055555555555556,0.3334959083832805,-0.13159983291562238,0.7222222222222223,0.582252733573668,0.1519610774712815,0.8666666666666666,0.7324541161900363,-0.050313390313390306,0.9166666666666666,0.5886842041790716,-0.07327441077441077,0.9555555555555557,0.5426109735176402,0.02818287037037037,0.8444444444444444,0.41777369656284075,-0.06183343707853512,0.8333333333333334,0.5286493139041475,-5.20449787018975e-4,0.8611111111111112,0.5336967591864168,-0.06515700483091783,0.8333333333333334,0.43832412219462874,-0.005208333333333348,0.75,0.663841138062686,-0.03195662768031189,1.05,0.5657844355573654,0.06650563607085351,0.6444444444444443,0.27973877476583275,-0.04821428571428573,0.9,0.5772410733900069,0.05820337881741391,1.3055555555555554,0.6764837670556831,-0.020152505446623094,1.0055555555555555,0.633986113918126,-0.0487029755102955,1.3055555555555556,0.5126649468949283,0.1763888888888889,0.5833333333333334,0.19358576635120228,-0.15066950220541905,0.55,0.5277863743048452,0.01215007215007215,0.8749999999999999,0.31540576078987703,0,0,0
V4-01.08.2024-C1NS.M31.csv,-7.139648312155899e-5,0.9166666666666661,0.46064307766275403,-0.012622100122100122,1.0722222222222224,0.516526960596749,0.07514430014430014,1.0444444444444443,0.4542973154420671,-0.06091666666666667,1.0555555555555556,0.5128352530637684,0.02560152266034618,1.088888888888889,0.7435387063728836,-0.0372252747252747,1.077777777777778,0.7532128958626857,-0.11273148148148149,1.05,0.618187357725827,0.043963844797178124,1.0777777777777777,0.6909939267648036,0.010269360269360301,1.0833333333333335,0.6701126799768966,-0.019881882166364922,2.777777777777778,0.77475739476827,-0.009888888888888898,1.0055555555555555,0.43597931110787813,-0.03141121031746021,0.9277777777777778,0.5219009627964136,0.014503968253968247,1.1444444444444444,0.3835792002407129,-0.0031397939292676156,0.5833333333333333,0.36207383421864386,0.023005198180636774,0.9722222222222223,0.5639839161348941,0.013819450026346568,0.7777777777777777,0.4297346156040703,0.021846064814814867,0.6666666666666679,0.47901275988203196,-0.08998103010784174,1.2055555555555555,0.5131129828707434,0.08888888888888889,0.5777777777777778,0.23631589912347736,-0.06437317251461984,0.9666666666666666,0.639273251061292,0.03897297404241848,0.916666666666667,0.40559052468510187,0,0,0
V4-01.08.2024-C1NS.T10.csv,-0.027380952380952377,0.7111111111111112,0.3581511406243274,-0.018921095008051534,1.2055555555555553,0.384962282409949,0.12740162037037037,1.2555555555555558,0.4237581882222211,-0.10877645738430052,1.1444444444444444,0.6795650816393157,0.15202821869488536,1.3555555555555554,0.5170330533365255,0.0852305737109658,1.4388888888888887,1.0156489162656603,-0.10594541910331383,1.2722222222222221,0.5708476902020325,0.28676470588235303,1.2944444444444445,0.5474561753378876,0.04940865234982881,1.1388888888888893,0.6073430849982971,-0.12339729532163742,1.2277777777777779,0.7446988456606651,-0.0063940318516977485,1.0944444444444446,0.6390288997787232,-0.014197530864197533,0.9666666666666666,0.46280491129284806,-0.013636633428300097,0.9277777777777777,0.42106041950564066,0.05475063131313132,0.9236111111111112,0.3946157679596791,0.013457481260985607,1.0222222222222221,0.541042744865642,-0.031202073411266674,0.7222222222222221,0.4208231071796351,-0.03230676328502416,1.172222222222222,0.6013614737981433,0.02857575900730661,1.3333333333333333,0.5831827889968125,0.1288073038073038,0.736111111111111,0.28434531185909545,-0.05182973459289249,1.5833333333333335,0.6291529489763186,0.033323045267489707,1.0277777777777772,0.3622775585461377,0,0,0
V4-01.08.2024-C1NS.T81.csv,-0.02079153806584362,0.8833333333333332,0.2976651779840996,-0.002040902686283079,0.6777777777777777,0.3074743435091329,0.020175438596491232,0.49444444444444446,0.2764611421552698,-0.05890652557319225,0.7222222222222223,0.3421137452071713,-0.05966560990338164,0.6333333333333333,0.4884650801929212,0.018596681096681094,0.8666666666666668,0.48783961057756525,0.027871966794380577,0.8944444444444443,0.3861435779149675,-0.046180555555555544,0.5277777777777779,0.4843652037184259,0.012271062271062274,0.7944444444444445,0.3422517061189887,-0.005687293192130646,0.9166666666666667,0.40001507187853075,-0.028334686147186147,0.6722222222222222,0.4088078623913923,-0.02261904761904762,0.6277777777777777,0.37629462682980147,-0.04439102564102564,0.7611111111111111,0.33932387400317077,-0.0041767310789049905,0.5333333333333332,0.3257176820877624,-0.0031946448613115333,0.7685185185185186,0.44123267414514006,0.1021825396825397,0.9722222222222223,0.45599756728053925,-0.009281305114638446,0.85,0.42361987635615056,0.01134335435806024,0.8944444444444445,0.4364732000143386,0.1312962962962963,0.6666666666666667,0.30282640622067086,-0.0018638768638768557,0.7222222222222223,0.524035637343016,0.03671610869620479,0.6111111111111116,0.3194629250489899,0,0,0
V4-01.08.2024-C1NS.V12.csv,0.011692277383766752,0.7222222222222223,0.4100551617702397,-0.0019364316239315602,0.6611111111111111,0.3669615209374589,0.019628130154446023,0.6333333333333332,0.38134223761836655,-0.028268298059964635,0.6277777777777777,0.4906467633506803,-0.013539913019079686,0.6777777777777778,0.5730031873449523,0.06587301587301587,0.7407407407407408,0.6239887732778564,-0.05559964726631393,0.7055555555555555,0.6306122830434295,0.138737922705314,0.6388888888888888,0.35027319381775673,-0.12154654654654654,0.5944444444444444,0.596404316621741,-0.023384164145033706,0.6166666666666666,0.4617302101026855,-0.007563657407407409,0.6388888888888888,0.4539384845795398,-0.024106449106449115,0.5277777777777777,0.38507248080260426,-0.0018278018278018412,0.95,0.43436129438169263,-0.047072337707012635,0.5833333333333335,0.3800591218839322,0.04544159544159544,0.5777777777777778,0.35789292119438004,0.023176463336646417,0.9444444444444446,0.5330997591347014,-0.010625000000000025,0.7611111111111111,0.46915915649641904,-0.0010235533942430535,1.172222222222222,0.5617987660998485,0.08373842592592592,0.4333333333333334,0.2039894092792063,-0.11522817460317462,0.5111111111111111,0.4788019077744675,0.03344326754884877,0.8888888888888888,0.38936379495358947,0,0,0
V4-01.08.2024-C1NS.V15.csv,-0.016588739447065255,0.7222222222222223,0.43961649025531996,-0.04529072082835525,0.7388888888888888,0.47500550142773607,0.11152263374485596,0.7,0.288560896675125,-0.032474520355783985,1.1944444444444442,0.671995615074204,0.1299498910675381,0.7222222222222223,0.5106821783404353,0.07158730158730157,0.9444444444444442,0.6801885261388602,-0.07688888888888888,0.7722222222222224,0.507210559275267,0.15204678362573099,0.7,0.5647063893763539,0.012387057387057396,0.6833333333333332,0.805011197294765,-0.11165557469905296,0.7499999999999999,0.6366721339949067,-0.010136452241715391,0.6444444444444445,0.5580569095163129,-0.008553791887125226,0.538888888888889,0.4071337721847473,0.03956018518518518,0.7055555555555555,0.3758025571714116,-0.0507716049382716,0.7666666666666667,0.463756780526243,0.10167631172839506,0.9259259259259259,0.4746685620825778,0.04394373993558779,1.1388888888888893,0.6300663117768779,0.003935185185185188,0.8055555555555556,0.5490235166593441,-0.02765511237733458,1.2166666666666668,0.5613191772586658,0.11939814814814816,0.5,0.17471483810659855,-0.09284750337381917,0.6388888888888888,0.5181578619965237,0.08850196232835358,2.5277777777777777,0.5020602913406638,0,0,0
V4-01.08.2024-C1NS.V42.csv,0.0070057089714347836,0.8444444444444444,0.4524736326704517,-0.023240740740740732,0.7722222222222224,0.49709450304629976,0.0481738683127572,0.7222222222222221,0.41936215004684235,0.002507122507122505,1.25,0.6066234674941952,0.04250521688560483,0.7277777777777779,0.49881737783005065,-0.059636243386243404,0.8555555555555555,0.6075037772256675,-0.038113609641387436,0.8111111111111112,0.5578487951513466,-4.0509259259258277e-4,0.7166666666666661,0.6530266813873025,-4.6031746031746277e-4,0.7444444444444442,0.48956665938702465,-0.11265347307013973,0.7388888888888889,0.6006110785779525,0.07100694444444432,0.7611111111111111,0.3550096630430072,-0.1113879303734376,0.7722222222222224,0.5184485609758991,0.03222415123456794,0.9166666666666665,0.5970432979675885,-0.004989711934156398,0.8,0.5107239176350268,-0.10858484686609686,1.038888888888889,0.6659193018898432,0.020628564164033258,0.8611111111111107,0.479876867658773,-0.04406837606837606,0.5166666666666668,0.32012544354557654,-0.02909816704459557,1.1805555555555556,0.6459290574488371,0.056822612085770025,1.2500000000000004,0.4075616069163571,-0.03578476564587676,0.6666666666666665,0.38494538785850535,-0.005962298392765856,0.8666666666666668,0.2925667061540385,0,0,0
V4-01.08.2024-C1NS.V43.csv,-0.038992819349962196,0.8444444444444444,0.4137350492399667,-0.014914021164021164,0.6166666666666667,0.35975846675167633,0.04212962962962957,0.7722222222222224,0.28624198196678197,-0.057390572390572395,0.75,0.36115224799566464,-0.028530034664293907,0.8222222222222222,0.4980641435235129,-0.020352564102564103,0.8333333333333333,0.5383243544298896,-0.021979717813051147,0.8277777777777777,0.442478934371466,0.04729662698412693,0.7833333333333334,0.54330821109217,-0.06277707631874298,0.75,0.530316753289361,-0.029496543026887232,0.6888888888888888,0.3818929951754433,0.006435185185185203,0.7500000000000002,0.4831952812897286,-0.08820806100217865,0.65,0.6315930994384684,0.04740778227620331,1.1,0.4547123556110989,0.11750356125356126,1.3888888888888888,0.5600456635494384,-0.032065217391304364,0.7777777777777777,0.46490410010342786,-0.009849719416386099,0.8444444444444447,0.5434072119589125,0.02012896825396824,0.9222222222222222,0.5836632195745913,0.014497467231842236,0.9259259259259262,0.4278301174839052,0.048888888888888885,0.6055555555555555,0.23595653203252998,-0.032251082251082246,0.3277777777777778,0.30516078644449557,-0.011982975943159085,0.7777777777777777,0.3112910983911301,0,0,0
V4-01.08.2024-C1NS.V48.csv,0.02069042894935751,0.8611111111111112,0.6099710943028787,-0.004925925925925926,0.9583333333333334,0.5387222600982599,0.1938034188034188,0.6777777777777777,0.3549404289954668,-0.17273576097105509,0.6555555555555556,0.7218936731529675,0.11305293147398414,0.75,0.6400502611123012,-0.08842592592592595,0.7555555555555555,0.7399816422944454,-0.09131944444444444,0.7666666666666667,0.5624792371071103,0.12150106837606837,0.7499999999999999,0.6204214383255314,0.009570868945868937,0.5555555555555556,0.5100857080531589,-0.11999588090596862,0.824074074074074,0.6894443013706434,-0.03358585858585858,0.5944444444444446,0.4019517246216267,0.03185185185185188,0.638888888888889,0.604974479714006,-0.01202908716797606,1.0166666666666666,0.4682936289877756,0.09915000979815795,1.75,0.6413421039864955,0.014168014168014175,0.8222222222222223,0.7584299395281544,-0.013649533887629113,0.6666666666666667,0.5279060717467293,-0.028062678062678068,0.7833333333333334,0.613505222526181,-0.01469735819735817,1.3944444444444444,0.6260301176386454,0.1644133644133644,0.5833333333333339,0.35879870001572167,-0.17808641975308642,1.1666666666666667,0.8953791288579473,0.050460266598404906,1.0277777777777777,0.3716589077655663,0,0,0
V4-01.08.2024-C1NS.V49.csv,0.004986772486772494,0.7777777777777777,0.4838454419779698,-0.057458847736625525,1.1666666666666667,0.6491306903228203,0.11461931139350498,0.6944444444444443,0.5028968077978784,-0.07735961768219833,0.6851851851851851,0.5300931903985888,0.0780756156714011,0.9074074074074071,0.8117250250781527,0.009760802469135807,0.7777777777777786,0.7237746527440789,-0.10193850267379678,0.7222222222222223,0.7004352424154698,0.22389770723104058,0.6944444444444444,0.5174732111946448,-0.04626984126984128,0.7129629629629629,0.6837283247718444,-0.10802842102150062,1.0092592592592593,0.8119608218285286,-0.07664609053497942,1.3888888888888888,0.6619306019859917,-0.03322649572649574,0.6851851851851855,0.4871987011817115,0.01916454081632653,1.037037037037037,0.508704140901708,-0.02358822425058838,1.0185185185185186,0.5206910009733443,0.027607805574337018,0.9074074074074074,0.6680179632629313,-0.020368795666414707,0.8055555555555554,0.609077946560905,-0.03807692307692309,0.9907407407407408,0.7356464638579847,-8.608381624254457e-4,1.6388888888888893,0.7485096369334896,0.11990740740740742,0.777777777777778,0.2330739569848813,-0.10321593915343916,1.3888888888888893,0.7198179874650854,-0.030775606921648546,1.1388888888888893,0.45426961098006086,0,0,0
V5-01.08.2024-C1NS.M07.csv,-0.07840142548046328,1.0833333333333335,0.6792841572887613,-0.015646902700474134,0.7277777777777776,0.34759491746159615,0.13993055555555556,0.6499999999999999,0.2569702502056236,-0.11669372294372293,0.5833333333333333,0.4436387436022776,0.1028322440087146,0.6611111111111112,0.2960865270518977,-0.0012113617376775232,0.6388888888888888,0.47849860441993824,-0.0328042328042328,0.7500000000000001,0.5419640345052769,0.05707070707070706,0.7,0.5078101931646968,-0.026068376068376052,0.5833333333333333,0.4708333858591941,-0.14116684541979485,0.6444444444444445,0.5482282144362884,-0.011574074074074094,0.5277777777777779,0.4053153355870004,0.0010103785103785189,0.7847222222222221,0.48119432058954764,0.02321428571428572,0.6805555555555555,0.43242112820183404,-0.010620915032679683,0.9444444444444444,0.3885442859286623,-0.037141687141687134,0.844444444444445,0.5221300918094895,-0.04883563074352549,0.7916666666666665,0.5261788077378926,-0.01370370370370372,0.6166666666666666,0.5106954795853402,-0.055622329059829057,1.0055555555555558,0.5812850283089177,0.18860566448801744,1.5000000000000004,0.38023096737456596,-0.12021604938271604,0.4,0.49170479667842926,0.028649523757954598,1.5277777777777803,0.4345949885382895,0,0,0
V5-01.08.2024-C1NS.M31.csv,0.014559712773998462,0.833333333333333,0.3973687266389075,0.018995510662177324,0.8444444444444444,0.40381144902067584,0.0701739618406285,0.6944444444444444,0.29720689272612383,-0.11410493827160494,0.9166666666666666,0.49807244731267974,0.12335399069270037,0.9166666666666666,0.5765800528092537,-0.1051935768333618,0.9777777777777776,0.6690147558986035,-0.04747807017543859,0.9944444444444447,0.4946710628696427,0.1652518978605935,1.0166666666666666,0.5787432796701484,-0.022008145363408647,0.9166666666666667,0.5731963452878792,-0.12299663299663299,0.9555555555555555,0.6020500529163252,0.05661375661375662,1.0166666666666666,0.4556850550336026,-0.06047453703703705,0.711111111111111,0.5168634443157227,0.14633648515227463,1.9444444444444446,0.6738187766837089,0.03860569690839299,0.7777777777777777,0.4157150802752004,-0.008037889863547764,1.0277777777777777,0.5444716131832783,0.08534080298786183,0.8194444444444445,0.5280862989853466,-0.0050925925925926025,0.75,0.491805042023619,0.02481329586592748,1.4444444444444444,0.5779019562779399,0.09037037037037039,0.7611111111111113,0.22410380667663957,-0.08638510959939533,0.7388888888888889,0.4780168863105189,3.842285501771315e-4,0.6666666666666665,0.28902601169804026,0,0,0
V5-01.08.2024-C1NS.T10.csv,-0.060499676060900474,1.2833333333333334,0.5496656668936415,-0.02158628408628408,1.0333333333333332,0.6743496816179427,-0.07985705003248862,1.4305555555555556,0.7834165890212753,-0.10837811667877027,0.7944444444444444,0.5528730365243107,0.2437978687978688,2.2222222222222223,0.8375921060147303,-0.08158298673004552,1.088888888888889,0.7808849072763463,-0.12202467975494291,0.9888888888888889,0.7266118198873407,0.2588441890166027,0.9222222222222222,0.4756288786532951,-0.21013071895424834,0.7277777777777777,0.8406358009539571,-0.004272655415948096,1.25,0.7308069999262036,-0.039163614163614156,0.9305555555555554,0.6040050545619561,0.005104895104895105,0.8833333333333334,0.6475326728573272,-0.026284171075837727,1.0333333333333332,0.577016521100795,0.029741587993221956,1.6388888888888884,0.6801179568191552,7.844650205761133e-4,0.4722222222222219,0.3660353145743667,7.742656449553107e-4,0.7430555555555554,0.43466360936469817,-0.019881687242798363,1.05,0.6312750525155126,-0.07619269678026484,0.5444444444444445,0.41773153132502194,0.11454081632653064,0.4833333333333333,0.18718304587466747,-0.1270061728395062,0.6277777777777779,0.4663473518073443,-0.0025647627104098502,0.4222222222222222,0.25866551268981186,0,0,0
V5-01.08.2024-C1NS.T81.csv,0.016983060126716843,0.8888888888888893,0.3825718460505661,0.04450660699062231,1.222222222222222,0.4820361536919784,0.08538011695906432,1.0277777777777777,0.37524665197160356,-0.05276075708061003,0.7722222222222221,0.40696974759847515,0.041003010399562126,0.861111111111111,0.5358408332346097,0.019708994708994697,0.9277777777777778,0.5597277368149216,-0.04604131857421333,0.9166666666666666,0.48288951464235885,-0.02274204028589995,0.9944444444444442,0.5207289323450297,-0.011507936507936503,0.6777777777777778,0.3766982078776145,-0.056068840579710136,0.8222222222222223,0.43912098580052406,0.03601058201058203,0.9166666666666665,0.45906561442476906,0.03405695611577964,0.9444444444444444,0.4672804459859031,-0.03721859114015977,0.9388888888888889,0.37940691328477866,-0.05881457115009746,0.8055555555555556,0.3898666416692385,-0.016495510662177332,0.7666666666666668,0.4853645801749947,0.031932870370370355,0.5888888888888889,0.3227646065695803,-0.017283950617283966,0.6833333333333333,0.2996420576366954,-0.030481786731786736,0.9055555555555556,0.41814953739574556,0.07032871972318339,0.638888888888889,0.3931762310405389,-0.06459694989106754,0.5666666666666667,0.43200864035727227,0.016700834369659537,1.3888888888888893,0.3588556073322018,0,0,0
V5-01.08.2024-C1NS.V12.csv,-0.003664302600472812,0.8750000000000002,0.5238292154240027,-0.07708333333333334,0.9388888888888888,0.5046108612293002,0.08994047619047618,0.6666666666666667,0.2509978717533212,-0.06929128376496797,0.6666666666666667,0.48694138037083257,-0.18012907608695655,0.8055555555555557,0.948401805642292,-0.042873677248677244,0.888888888888889,0.6347676270913438,0.01766975308641975,0.9027777777777777,0.5340838022227786,0.051851851851851864,0.788888888888889,0.5420796146711065,0.05731292517006805,1.333333333333334,0.7233572089504257,-0.03849803382891619,0.6319444444444444,0.4692494129359581,0.007208994708994732,0.8111111111111111,0.5349021376702339,-0.028031305114638624,0.6666666666666666,0.39124823958309346,0.03157679738562094,0.8833333333333334,0.4659601985045654,-0.12263498658928022,0.8611111111111109,0.5643702951813461,0.006691919191919204,0.8000000000000002,0.5470589216937366,0.06009120022277921,0.7222222222222223,0.49048634095550236,0.0029100529100528675,0.7847222222222222,0.48908587921650193,0.05283333333333332,1.5,0.5277842470363747,0.028125000000000004,0.5555555555555556,0.25302794240518095,0.03799152236652236,2,0.9128751394690813,0.02480054740274866,1.0277777777777777,0.3539067774237577,0,0,0
V5-01.08.2024-C1NS.V15.csv,-0.0640350877192983,0.7944444444444445,0.631248685195067,-0.010966596473842856,0.7222222222222221,0.5006265087340537,0.18059964726631408,0.7777777777777779,0.30243531842057597,-0.09618983957219251,0.7166666666666667,0.6280821376760393,0.05648989898989901,0.8555555555555557,0.5744440543062906,0.08940879382055854,0.8611111111111112,0.6412595087998644,-0.03263888888888887,0.7277777777777779,0.704140218138591,0.14692460317460318,0.7611111111111111,0.5929384286095708,0.05464177399661268,0.7055555555555555,0.6431559230825338,-0.12359788359788355,0.7111111111111116,0.586029682615499,-0.01905864197530866,0.6944444444444446,0.4637145545279824,-0.0170940170940171,0.5055555555555555,0.43670024808709346,0.049388162672476386,1.0277777777777777,0.5426224534616512,0.04279024832658048,0.6388888888888888,0.4549177247029917,-0.02529251949317738,1.3888888888888888,0.5773107163344346,0.03702071462488122,0.9722222222222219,0.47959718516550126,-0.015009746588693949,0.7333333333333333,0.5493421037620569,-0.08936631944444444,1.2277777777777779,0.6097359166924808,0.07847222222222222,0.4833333333333333,0.22741049883289,-0.04433704155926377,0.7833333333333332,0.8285372832034296,0.009308189578199235,0.6611111111111111,0.2699415298481423,0,0,0
V5-01.08.2024-C1NS.V42.csv,0.027968189964157706,0.916666666666667,0.48277602704731193,-0.07830751599690995,0.7111111111111112,0.5841549341157689,0.2090909090909091,1.5833333333333335,0.5318984452861037,-0.1007936507936508,0.65,0.4693483981769323,0.07823565323565325,0.6666666666666667,0.41015252607261293,0.03440223311546841,0.8333333333333335,0.666751346349047,-0.08628142030919808,0.7666666666666667,0.5535347899316807,0.30458214624881286,1.083333333333333,0.5003820166471888,0.02411308203991144,0.6777777777777777,0.5824335405548368,-0.07219753086419753,1.083333333333334,0.5773371494771543,-0.02291666666666666,0.6166666666666668,0.44415673558026436,-0.014912280701754382,0.6055555555555557,0.41455663695244754,-0.018452380952380956,1.0611111111111111,0.6094850400226127,0.06632700919874124,1.4444444444444446,0.5137353719322781,0.04401072412436049,1.0833333333333335,0.41841527525071726,-0.0547996976568405,0.7222222222222221,0.45346544253876236,-0.10241863717264178,0.8888888888888888,0.8529560499178481,0.005645930244228917,1.8333333333333341,0.8209642237379668,0.17838319088319088,0.45555555555555555,0.21959735977938008,-0.12149470899470899,1.4444444444444446,0.6853898057113738,0.01356057775599908,1.5,0.4269266846258034,0,0,0
V5-01.08.2024-C1NS.V43.csv,0.012157407407407377,0.8722222222222221,0.38967579128001495,-0.04712301587301587,0.8444444444444444,0.4154092701954563,0.12793209876543216,1.75,0.5434869466729678,-0.08754629629629622,0.7611111111111113,0.4965260403146672,0.06967501097935881,0.9,0.4214568224083265,-5.446623093681893e-4,0.95,0.4648202397065577,-0.015185185185185185,0.75,0.5638748769932871,-0.028958333333333326,0.6777777777777778,0.6891407073163309,-0.042798353909465014,0.8722222222222223,0.5518759366916348,-0.036833613916947255,0.8833333333333332,0.4835798419288421,0.01635101010101011,0.8666666666666668,0.3719605245194876,-0.03333333333333334,1.0833333333333333,0.5276096223347778,-0.04631481481481482,0.7388888888888889,0.2985610566719018,-0.020145293514858734,0.55,0.29193044108657334,0.027777777777777776,0.5166666666666666,0.20149354150025237,-0.07434764309764308,0.3796296296296296,0.439608989690204,0.017746913580246895,0.7611111111111111,0.3944615766426814,-0.01754298941798942,0.4722222222222222,0.30870613477839204,0.056202233980011736,0.5111111111111111,0.2161035548712057,-0.0511111111111111,0.3777777777777779,0.48867070490235,-0.002039225860350406,3.6111111111111116,0.5212622852017681,0,0,0
V5-01.08.2024-C1NS.V48.csv,-0.001961561437367878,0.833333333333333,0.4564863860030068,-0.019462383396809595,0.7777777777777786,0.49201144669980984,0.16902834008097165,0.7722222222222221,0.37029585523505665,-0.16333851333851335,0.5722222222222222,0.5122551216771892,0.08568121693121694,0.7722222222222223,0.6481470915814983,-0.0427910052910053,0.711111111111111,0.7731519315430168,-0.0429563492063493,0.711111111111111,0.4621095329039843,0.012500000000000027,0.7166666666666668,0.6728925557133112,8.954008954008919e-4,0.6055555555555557,0.4633318526583314,-0.1084007677144932,0.6833333333333333,0.5152122792928682,-0.040151515151515174,0.541666666666667,0.46661089654562454,0.008930150309460656,0.5444444444444445,0.45069097825258286,0.026450617283950578,0.8944444444444445,0.36804639878574374,-0.042042181069958856,0.7569444444444444,0.4828519402463778,0.02188208616780045,0.8222222222222223,0.5021412485609779,0.09520720339685858,0.7222222222222221,0.39084700138748885,-0.07833333333333332,0.844444444444445,0.5569708580456888,-0.024793779394473844,1.2166666666666666,0.5320365469742715,0.1607204861111111,1.2777777777777772,0.34394845269904734,-0.09793083900226755,1.5694444444444446,0.8244970785022211,0.04893096601649031,0.8888888888888888,0.40997212606016414,0,0,0
V5-01.08.2024-C1NS.V49.csv,-0.046001683501683495,0.7037037037037036,0.45155696781996274,-0.013287638287638253,0.6666666666666666,0.44011137559981933,0.11375661375661375,0.7592592592592595,0.3056380970687621,-0.11217176929251232,0.6851851851851852,0.6260995223133382,0.1076388888888889,0.7037037037037038,0.4866164334147776,0.08966049382716049,0.8888888888888888,0.7343579749012749,-0.11524470899470898,0.7222222222222223,0.567106244949274,0.170496632996633,0.7500000000000003,0.529200652278148,0.034139371095892865,0.6666666666666666,0.5187035509163349,-0.16577635327635326,0.6944444444444445,0.6744365203216393,-0.015804597701149403,0.7685185185185187,0.4993987622537714,0.004398148148148142,0.9907407407407408,0.5717377532238737,-0.01959230624919774,1.0277777777777777,0.6463693558223892,0.037011549239810114,1.0833333333333333,0.49592145499854134,-0.07263729246487867,1.1851851851851851,0.5447067858017757,-0.017052119993296443,1.166666666666667,0.5987720488002756,-0.05592757936507936,1.0740740740740742,0.6227891609921175,-0.00749959916626584,1.8703703703703702,0.7367315062304556,0.1502314814814815,0.875,0.28040696516734376,-0.10238095238095238,1.3055555555555554,0.9145754377037705,0.011551323902463252,1.847222222222222,0.4828275375039557,0,0,0
V6-01.08.2024-C1NS.M07.csv,-0.03454585537918871,0.5166666666666668,0.3559047081510058,-0.01293152720621856,0.7500000000000001,0.4802437152023085,0.09943977591036414,0.75,0.36508515638531824,-0.11216269841269842,0.6388888888888888,0.5721099372677513,-0.025267044616889833,0.6777777777777778,0.6080838225157001,-0.04414173789173788,0.8111111111111111,0.5890084041334318,-0.03771929824561402,1.0555555555555558,0.5458176778057316,0.085,0.6555555555555556,0.33373740940478036,-0.21080246913580244,0.7,0.9809308007693893,-0.08224451303155006,0.7083333333333335,0.5730250200060175,-0.012592592592592761,0.7611111111111113,0.5844074263529547,-0.029464285714285717,0.6166666666666665,0.4577842057353487,0.0023971688034187914,1.3055555555555554,0.6622692869289293,0.12122134038800705,1.236111111111111,0.48561293372030784,-0.07638888888888888,0.8,0.5164527905321887,0.0931174089068826,1.4722222222222223,0.5313559139855251,-0.0537037037037037,0.6611111111111111,0.48325031215461295,-0.04184303350970018,0.9444444444444443,0.5498355072397847,0.1170940170940171,0.3388888888888889,0.1990649636820821,-0.0825582629930456,0.7222222222222221,0.508890346586305,-0.009365638059710846,0.6777777777777778,0.350689586398335,0,0,0
V6-01.08.2024-C1NS.M31.csv,-0.031004088504088517,0.8833333333333332,0.4059977570913382,0.08638559508124725,0.9555555555555555,0.4593008941486436,-0.0027777777777777753,1.0611111111111111,0.5565095974902549,-0.08956679894179895,1,0.6013447274589272,0.0801358363858364,0.9055555555555561,0.6692819576099545,-0.06238425925925927,1.1444444444444444,0.6560334168046127,-0.09547325102880659,1.038888888888889,0.6102030694256669,0.42297619047619045,1.2777777777777777,0.6019534320346918,-0.03292613341632949,0.9944444444444442,0.5296191093669828,-0.053828347578347674,1.0833333333333335,0.6371723660855763,0.024759259259259245,0.9555555555555557,0.3886408655734623,9.9206349206326045e-05,0.8666666666666668,0.3487974798448812,-0.05673765432098764,1.2166666666666668,0.5004737770927653,0.10971410006497725,0.9722222222222221,0.409712770926061,-0.0937597261126673,0.5055555555555555,0.3809139257443427,0.05040309931614282,0.8611111111111112,0.4431287532748427,-0.02551169590643275,0.8333333333333334,0.336632295332292,-0.031225213416683464,1,0.35125786614025084,0.06951058201058201,0.7555555555555555,0.2991600531518705,-0.08657407407407407,0.7611111111111111,0.4051146378481172,-0.025392461206739825,0.7833333333333334,0.34647473989539546,0,0,0
V6-01.08.2024-C1NS.T10.csv,-0.03648879142300194,0.9222222222222223,0.4605203060420704,-0.04393231119108312,1.3240740740740737,0.5988336918529577,0.02907407407407408,1.0222222222222217,0.5147781523620868,-0.13127136752136753,1.1277777777777778,0.5463429253819209,0.06366299874753983,0.9777777777777779,0.632644910518404,-0.04754264024450361,1.0555555555555558,0.6995065273597625,-0.07842078189300412,1.1111111111111112,0.48649949481268917,0.06483762087210362,0.9055555555555556,0.8159552758134762,-0.1299145299145299,1.0166666666666668,0.6078809346979315,-0.05193149855132887,1.0555555555555558,0.5916203271549683,0.056547619047619006,1.0166666666666668,0.4402656205591308,-0.06513871930538598,0.9666666666666668,0.7759548327536853,0.04510506854256856,1.2361111111111112,0.6120704118450947,-0.02758284600389864,0.9666666666666668,0.4800381559102587,-0.12272079772079772,0.9444444444444444,0.6073825432684559,-0.024918778427550352,0.7222222222222222,0.4285749149331609,-0.047350823045267484,0.9333333333333332,0.6161917403634404,-0.05227920227920228,1.338888888888889,0.5675948655233206,0.1582947530864198,0.5888888888888889,0.26635217337769396,-0.1296867855509831,0.6722222222222222,0.6685765879796005,0.04339890201822871,0.6944444444444444,0.3674806949839862,0,0,0
V6-01.08.2024-C1NS.T81.csv,-0.012462866302579236,0.9027777777777779,0.3680259208318846,-0.011189516129032231,0.9333333333333332,0.40152430783933735,0.12313627730294394,1.222222222222222,0.37985368568429045,-0.08930012293733659,0.95,0.5275950358614411,0.03592708377191135,0.8333333333333334,0.5269579938434529,0.08095238095238096,0.9722222222222223,0.7144504880493985,0.008964183964183959,0.9777777777777779,0.4777701255263764,0.22296455938697318,1.3055555555555556,0.5421111316533415,-0.061747423328305684,0.8222222222222223,0.5907009598459096,-0.07312835924968278,0.8222222222222222,0.5637019658551768,0.034541062801932344,1.1388888888888888,0.5261026516680679,0.029894179894179897,0.8055555555555556,0.4657142505722361,0.056673881673881696,0.7722222222222223,0.3293143901756428,0.06074756647673315,1.1944444444444446,0.4576631657719293,0.08673178673178673,0.7777777777777777,0.47330329232874985,0.08666046429204324,0.666666666666667,0.347607258633808,-0.003217592592592589,0.5416666666666665,0.4073936588090846,0.01973951973951974,1.0222222222222221,0.43157164401593134,0.11407882241215574,0.5277777777777777,0.26851982435329813,-0.08734907068240402,0.7222222222222221,0.40036062899315855,-0.0025115218377629728,0.8111111111111111,0.32544738134246204,0,0,0
V6-01.08.2024-C1NS.V12.csv,-0.00846680013346678,0.8111111111111111,0.6102035255011753,-0.04472222222222221,0.8333333333333334,0.4959697053933498,0.05873842592592593,0.7916666666666667,0.5122118636140941,-0.0906167328042328,0.7944444444444445,0.6099436910143287,0.040582010582010615,1.6388888888888893,0.9154032613724865,-0.030004409171075844,0.8833333333333332,0.6160334696136415,0.08289760348583877,0.8472222222222223,0.488551098324185,0.046874999999999986,0.7916666666666667,0.8459252856161691,0.02592592592592595,1.25,0.7380968026381552,-0.06490740740740736,0.7833333333333329,0.5796402090970065,-0.0640376984126984,0.75,0.6856572530876357,-0.00946502057613168,0.6166666666666666,0.606401168326169,-0.1417534722222223,0.8555555555555555,0.9413454697414642,0.06105477170291986,0.875,0.617838842679094,0.12803497942386835,3.0000000000000004,1.1233456242861042,0.06405183966861598,1.2222222222222223,0.6309121360578078,0.0344088319088319,1.316666666666667,0.7563431635422413,0.02629519400352734,1.236111111111111,0.5760527968930249,0.1675925925925926,0.8555555555555555,0.3179341401469906,-0.28165204678362576,0.6499999999999999,0.9006437689473163,-0.013781662568669145,0.7722222222222224,0.428048102795839,0,0,0
V6-01.08.2024-C1NS.V15.csv,0.008365633074935389,0.6888888888888891,0.43075951906103344,-0.027403846153846154,0.7666666666666666,0.5328565097979707,0.08175094599243206,0.7722222222222224,0.5968910809615584,-0.0798418209876543,0.9722222222222223,0.7071273660777115,0.09191798941798943,0.6777777777777778,0.7244389034062643,0.00756944444444443,0.7611111111111111,0.6641211452214143,-0.06047512158623258,0.75,0.5398190361446206,0.18373015873015874,0.6666666666666666,0.501793154379851,0.019191919191919152,0.6611111111111112,0.6091828595909549,-0.14740869789650274,0.5944444444444444,0.5580603508787254,-0.02721560846560846,0.6499999999999998,0.4780226691432882,-0.04103835978835977,0.5666666666666667,0.5370771182834544,-0.0815095398428732,0.9305555555555556,0.6127120014776366,0.09903399070065735,1.1944444444444446,0.4579004507983616,-0.014608636977058023,0.861111111111111,0.5486716228610989,-0.05522609628646778,1.0388888888888883,0.6351492941448615,0.012499999999999959,0.7962962962962962,0.5376044256872505,0.00852072310405643,1.2333333333333332,0.6401821720478965,0.19015151515151515,0.4833333333333332,0.16019179785746218,-0.028601875532821824,1.8055555555555554,0.6898770336724664,0.052949716607124005,1.1111111111111112,0.37615494701053426,0,0,0
V6-01.08.2024-C1NS.V42.csv,-3.3224400871460037e-4,0.7777777777777777,0.42240878195518583,0.0089403938789591,0.7222222222222221,0.45191432727361985,0.05868055555555555,0.611111111111111,0.3279438923079033,-0.06186437019770358,0.6500000000000001,0.39873662752419126,0.08482781026640676,0.9722222222222223,0.498768628680111,0.031164717348927867,0.6833333333333333,0.5515654362724307,-0.11675368978000554,0.7,0.5041653140654974,0.1921957671957672,0.6611111111111111,0.5520672008003107,0.011005479632930611,0.6,0.6446317813833207,-0.10693660012314103,0.6611111111111111,0.5940173428436206,-0.02056905864197531,0.6,0.45015033912126196,-0.005787037037037037,0.5555555555555555,0.43371593174140494,0.013148148148148117,0.8444444444444444,0.5040153189865931,-0.01824748119767278,0.8055555555555556,0.5504477176607935,0.029681069958847735,0.9388888888888888,0.5122150022209252,0.04463734567901234,1,0.58849698884371,8.85076252723732e-5,0.7444444444444445,0.4281141858159986,0.015573498139287613,1.1833333333333336,0.5673832667204677,0.1383333333333333,0.47222222222222215,0.2193268722613432,-0.1267140652557319,0.45555555555555555,0.5765968890871159,0.08433267195767194,1.527777777777778,0.461029863888686,0,0,0
V6-01.08.2024-C1NS.V43.csv,-0.019537745653817083,0.8944444444444445,0.5034369384398277,0.014891975308641984,1.0666666666666667,0.4593941820509005,0.03986013986013986,0.8,0.40843290013348704,-0.12388167388167388,0.6833333333333333,0.5457961225386782,0.0630246913580247,0.9833333333333334,0.5421604345897455,-0.010425685425685437,0.8555555555555557,0.5871410623055018,-0.044503862150920975,0.8666666666666666,0.5683211917262417,0.06604938271604964,0.7500000000000001,0.6647640352524781,0.016997354497354504,0.7277777777777776,0.5565197718933604,-0.11880279402209228,0.6888888888888889,0.6198393357551412,-0.08527336860670193,0.8333333333333334,0.6266560470738174,-0.009790209790209798,0.6777777777777777,0.4104978269217217,-0.007302188552188549,0.8055555555555556,0.2899943636047796,-0.01663804713804715,0.7611111111111111,0.2452588331024471,0.03456088664421998,0.7083333333333334,0.3759279461492191,-0.03905490086045642,0.6388888888888888,0.3360293808891955,-0.03260582010582012,0.75,0.3582233948081692,0.004420539820866607,1.0277777777777777,0.4182838109068656,0.06753812636165575,0.6527777777777778,0.21545777784178127,0.048984730344379473,0.5333333333333333,0.31448112188139693,-0.11167109780123481,0.7333333333333332,0.5258361299840482,0,0,0
V6-01.08.2024-C1NS.V48.csv,0.008907617627947895,0.8222222222222226,0.4049957771497731,-0.0018856209150326772,0.6888888888888888,0.4480205346906144,0.03204585537918872,0.6611111111111112,0.4345015027064533,-0.08888313779618129,0.8750000000000001,0.45941325624725965,0.07865338164251208,0.6500000000000001,0.36195914338584084,0.0785011574074074,0.8888888888888886,0.6304441664986582,-0.009093915343915349,0.8611111111111112,0.4718799731788234,0.02611882716049383,0.6277777777777779,0.5202181536515215,-0.007561728395061721,0.638888888888889,0.41437342881706113,-0.05905412438896429,0.6388888888888887,0.5506704179114157,5.421276254609634e-4,0.6277777777777779,0.41522558273339777,-0.07920227920227921,0.6166666666666667,0.49582643356437445,0.005844907407407404,1.1944444444444444,0.523521849811172,0.058656378600823046,0.6611111111111111,0.30217374196236946,0.007189542483660122,0.7388888888888889,0.4274581489644176,-0.0153402296591151,1.083333333333333,0.5447042843662183,-0.017968750000000002,0.6666666666666666,0.39387671492785287,-0.048739388917960334,0.8166666666666667,0.4324636473010236,0.08316326530612246,0.5222222222222224,0.21712655388216137,-0.12822671156004484,0.5222222222222223,0.6788405247793391,0.0035503848003847933,0.6805555555555556,0.3423470621029207,0,0,0
V6-01.08.2024-C1NS.V49.csv,-0.035582788671023956,1.3611111111111116,0.5779940314287016,0.013839637509850277,0.861111111111111,0.4400627768893609,0.11317791005291006,0.8240740740740744,0.30061404863602786,-0.12818287037037038,0.9259259259259259,0.6040966954673669,0.07031768936530843,0.9259259259259259,0.6251452250922213,-0.039492340145934925,0.9351851851851851,0.7301775065722795,-0.07760141093474426,0.8240740740740738,0.5481881688228504,0.09245335561125036,0.7407407407407408,0.610601071581918,0.06458333333333327,0.7592592592592592,0.4894620763990888,-0.12007961101302358,0.7592592592592592,0.6246491829587961,-0.04361422720797718,1.3240740740740733,0.5721326760031739,-0.034602665852665845,0.9444444444444446,0.5187020218494297,0.009788359788359784,1.25,0.6395034330615523,0.05699812130971551,0.7870370370370369,0.4063738310772741,-0.08106203007518797,0.6666666666666666,0.47313324001936674,-0.004510921177587842,1.1111111111111112,0.5583287989014124,-0.016792929292929294,1.25,0.5777877645389846,-0.026955526955526946,1.4814814814814816,0.3969587642521909,0.05829903978052127,0.6851851851851851,0.3119508450667892,-0.04416916916916919,1.8055555555555554,0.48735217163444544,-0.008872772951127556,1.5833333333333333,0.413871830151262,0,0,0
V7-01.08.2024-C1NS.M31.csv,0.027385323541932773,1.1666666666666665,0.41776544838108404,0.001357142857142859,1.0388888888888888,0.45342882299250253,0.038566827697262475,0.9666666666666668,0.5111418073096701,-0.07478395061728396,1.0416666666666667,0.6021102567510247,0.16111111111111112,1.0222222222222224,0.6224701886857467,-0.04834820680408915,1.0055555555555558,0.6364469508255445,0.055475008707767365,0.9444444444444442,0.5250368656659882,-0.02915702160493829,1.038888888888889,0.8093684984000628,0.04776334776334776,0.9666666666666668,0.5826544822420247,-0.10280264768901133,0.9666666666666666,0.5724140832612009,-0.04920194003527337,0.961111111111111,0.617281433967533,-0.035143288084464555,0.7,0.4385894783021137,-0.014093660968660967,1.2055555555555555,0.4719285459904029,0.1116625816993464,0.8111111111111111,0.41581472254115864,0.003566066066066066,1.0055555555555558,0.5897896373217587,0.04713624338624339,1.6388888888888893,0.6568342877948763,-0.0770068711245182,1,0.49046401510620635,0.05077160493827161,1.1388888888888888,0.5022092835460445,0.12804232804232804,0.7222222222222221,0.22888729512770106,0.039049919484702086,2.7777777777777777,0.890821178221876,0.024524116432573965,0.8888888888888888,0.33444892474586146,0,0,0
V7-01.08.2024-C1NS.T10.csv,0.007588566827697265,0.955555555555555,0.4574073915615039,-0.022888888888888893,1.2888888888888888,0.4192798303420846,0.041944444444444444,1.1833333333333336,0.43463891894181145,-0.05162907268170426,1.172222222222222,0.5319568716283299,0.010185185185185193,1.2555555555555555,0.6459281151898699,0.03639251997095136,1.2,0.7276885804709827,-0.09340828924162256,1.027777777777778,0.5976200572567164,0.23678451178451185,1.0166666666666668,0.5349120932661382,-0.009559884559884583,0.9666666666666666,0.6233367897333809,-0.1287105930335097,1.0666666666666667,0.6779685846609146,-0.03293650793650793,1.3055555555555558,0.5426250092761121,-0.01777777777777778,1.027777777777778,0.698242944738107,0.009656476002629852,1.2666666666666668,0.6615950002607247,0.10858864379084968,1.0694444444444444,0.718162472432562,-0.06050505050505051,1.1444444444444444,0.6606688156850129,-0.017812447628624103,1.027777777777778,0.6021916329783298,-0.0027455716586151633,1.2916666666666665,0.6105800260544805,0.10855119825708061,2,0.7987174868372126,0.08246632996632987,0.7277777777777779,0.26079728456189394,-0.040015325670498085,0.8611111111111112,0.586433459732003,0.06082722651350102,1.6944444444444438,0.4914931033417159,0,0,0
V7-01.08.2024-C1NS.V15.csv,-0.018024691358024758,0.7500000000000006,0.6387125040151164,-0.013273300773300778,0.7222222222222221,0.5950829250330996,0.10787426081543727,0.65,0.3473247206917059,-0.09641203703703703,0.6055555555555556,0.5632473491825233,0.14101430976430976,0.6666666666666667,0.36228945949092173,0.06230550076703921,0.7500000000000002,0.571348714568531,-0.11650717703349282,0.7833333333333334,0.49241761766483716,0.05183982683982684,0.6,0.5948626599796564,0.005952380952381143,0.5888888888888889,0.4269665094794518,-0.1127366255144033,0.6055555555555555,0.4811322392791652,-0.020640432098765454,0.6277777777777779,0.45729815100440707,0.03204683048433047,0.5416666666666666,0.4061375094811725,-0.019017094017094033,0.8833333333333332,0.3424519526998719,0.016044161329249042,0.6944444444444444,0.41214252260101114,0.060663580246913595,0.8611111111111112,0.3825095273358275,-0.034873326971028115,1.1111111111111112,0.609625136733899,-0.011156499636891791,0.65,0.5348716448671738,-0.0246552059052059,1.1666666666666667,0.5255888836402134,0.13376543209876543,0.38888888888888895,0.1499783063982831,-0.07246400037160908,0.8,0.6929621301386629,-0.006335997939258804,1.3425925925925926,0.4850037141769956,0,0,0
V7-01.08.2024-C1NS.V42.csv,0.03169504181600954,1,0.4306884035834846,-0.03775077160493827,0.7388888888888889,0.36838821391966703,0.045601851851852,0.6888888888888889,0.3743666347700883,-0.08871187363834424,0.7222222222222222,0.5117826067418465,0.023941441441441447,0.7277777777777779,0.6449146291433199,0.040527065527065524,0.7388888888888889,0.43993048411498575,0.025469898104169202,1.8055555555555554,0.5872047601754273,-0.05808080808080807,0.7722222222222224,0.6736823611178023,0.08274176954732511,0.6888888888888889,0.4819452110928052,-0.0708357920314442,0.8888888888888888,0.61776278081755,-0.06963340891912323,0.833333333333333,0.744196150455546,-0.0295940170940171,0.5944444444444444,0.48492361060238975,-0.01974728487886382,1.1111111111111112,0.43939679765245687,0.06006531084656085,0.9277777777777778,0.379871273789192,-0.07435185185185188,0.9888888888888895,0.45604191114496545,-0.022416552354823965,0.8333333333333334,0.3665829731334972,-0.012620772946859895,0.8055555555555556,0.43316230134623723,-0.02157064471879287,1.0222222222222221,0.40048598198213287,0.017266414141414135,0.4611111111111111,0.35502927355565245,-0.02175536881419235,0.5555555555555555,0.46605511790708243,0.07894823460915415,1.3888888888888893,0.4751101906767321,0,0,0
V7-01.08.2024-C1NS.V43.csv,-0.004629629629629612,1.083333333333333,0.4496141584807987,0.03941894793344068,0.7444444444444445,0.33504423341716527,0.032880813143970955,0.7,0.34618832751816125,-0.07698412698412697,0.6777777777777778,0.4614967788576032,0.11433823529411764,0.9722222222222219,0.4975903391979453,0.07052028218694886,0.916666666666667,0.6451227206521429,-0.08118518518518518,0.8166666666666667,0.45867604097272646,0.050723379629629625,0.6944444444444446,0.410654393987387,0.017077258253728838,0.711111111111111,0.5365624411555311,-0.04484438862781109,0.7222222222222223,0.6105561228424874,0.02242798353909464,0.7333333333333333,0.28153926477848523,-0.01597883597883598,0.611111111111111,0.36569071196435715,0.018350168350168363,0.9666666666666668,0.3799720609397703,-0.014234790550580023,0.6458333333333335,0.3819939260699324,-0.0061728395061728435,0.6666666666666665,0.355458173024993,0.009954363195103932,0.7777777777777777,0.34749513392534737,-0.006848244348244344,0.7569444444444444,0.36729423693510943,0.04860662503588857,0.9583333333333333,0.4987318258132599,0.07747395833333334,0.6,0.2265400780021703,-0.2324507617985879,1.5555555555555554,0.9552832283303654,0.07315783036567856,1.1388888888888893,0.40454895852108175,0,0,0
V7-01.08.2024-C1NS.V49.csv,-0.027901355131172836,0.8333333333333334,0.4536078201471483,-0.038890172584906464,0.8055555555555554,0.5262263926472766,0.10413808870598998,0.75,0.27635436794914264,-0.07111111111111111,0.8055555555555555,0.5109680144697637,0.03389190821256038,0.7685185185185185,0.5941649347523044,-0.0449755629008108,0.861111111111111,0.8017475077291728,-0.10502156986531985,0.7870370370370371,0.5846409932065256,0.17736892736892737,0.8611111111111112,0.4679005237031625,0.0021544813211479743,0.6759259259259259,0.5212545251744216,-0.1524801587301587,1.1666666666666667,0.7800075838525311,0.0014204545454545466,0.7407407407407408,0.5189762383624552,0.006035665294924561,1.111111111111111,0.5945647283343732,-0.09038800705467373,1.0092592592592593,0.6751747339283327,0.08178617662846134,2.666666666666666,0.6684246661204022,-0.007878492527615332,1.0833333333333333,0.5498431969198653,-0.037962962962962934,1.1666666666666667,0.649580944510462,-0.05555555555555555,0.8796296296296297,0.42300638977001,-0.03397578479100213,1.305555555555556,0.6164259152893414,0.071256038647343,0.49074074074074064,0.21833787371816296,-0.11015011223344556,0.8055555555555557,0.6679745354357127,-0.003517613410086528,1.0092592592592595,0.35575704122223234,0,0,0
V8-01.08.2024-C1NS.M31.csv,0.010150891632373095,1.1111111111111107,0.4541870067223527,-0.04189814814814816,1,0.5361549768563367,0.04657921810699589,0.9777777777777776,0.5531928958739537,-0.09326599326599329,0.9999999999999998,0.7231409502887576,0.06717171717171716,0.9277777777777778,0.5668657910304067,-0.016708754208754215,1.3166666666666669,0.8584087879401453,-0.11520467836257306,0.9166666666666666,0.5982766806783995,0.06051587301587305,1.0222222222222224,0.8088406265582089,-0.05381944444444445,1.038888888888889,0.7153001866593177,-0.1363512920600339,0.9888888888888887,0.5602669354759093,-0.001430659983291574,1.288888888888889,0.6911226124902742,-0.019753086419753083,0.8222222222222222,0.5546744727916109,0.012702546296296297,1.0333333333333334,0.377442963497251,0.018040986790986795,1.1944444444444446,0.4815455096292865,0.034182098765432115,1.0833333333333335,0.5648063825310772,0.08945473251028806,1.0277777777777777,0.48290282485591557,0.02405851229380638,1.0555555555555556,0.5669051109909701,-0.023329888027562428,0.9166666666666667,0.5483808559286084,0.12031746031746031,0.4833333333333333,0.1974315423324888,-0.09656084656084656,0.7,0.4309486599369694,0.0034627535534976542,1.2222222222222223,0.2909911159484615,0,0,0
V8-01.08.2024-C1NS.V15.csv,-0.033314836575706046,0.7611111111111111,0.6026261758128953,0.03838383838383839,0.7944444444444446,0.48214920970837016,0.05082972582972587,0.7,0.5215974903604365,-0.07970085470085461,0.6444444444444445,0.6692297133939508,0.26378205128205123,0.7111111111111112,0.504456556560807,-0.0500925925925926,0.6666666666666667,0.8151900616016273,-0.12638888888888888,0.7944444444444445,0.7335114822892725,0.258008658008658,0.7944444444444445,0.3734138909211648,0.1037037037037035,0.6888888888888888,0.6576978065864496,-0.093444481931324,0.8888888888888888,0.7176613498594755,0.07965686274509803,0.7611111111111108,0.5226175322043074,-0.09575163398692811,0.7,0.7797928495200969,0.02540545203588681,0.9666666666666666,0.5704547254706323,0.06255628177196804,0.788888888888889,0.45400702800619486,0.20744598765432093,1.2361111111111112,0.6457129716093656,0.12157407407407406,1.2333333333333334,0.7909617114819117,-0.03573232323232327,1.0277777777777781,0.7166402094569935,-0.0637606299074785,1.288888888888889,0.6886060991091714,0.19267676767676767,0.5277777777777778,0.1960084027525274,-0.1620098039215686,0.5444444444444445,0.7004089243836126,0.00901994639699789,0.6805555555555557,0.3730856369288477,0,0,0
V8-01.08.2024-C1NS.V42.csv,-0.027349755415793164,0.9722222222222223,0.5298589434643345,-0.004938271604938278,0.8055555555555556,0.4253209605985376,0.0073005698005697995,0.7,0.5514716547386886,-0.03853205972771191,0.75,0.6198358325643176,0.08609168609168609,0.7777777777777779,0.44514968551849704,0.006695156695156661,0.8388888888888889,0.5066360826976612,-0.095906432748538,0.8,0.5173128910506002,0.4013374485596708,0.8222222222222222,0.3886998201314193,-0.08030118030118027,0.7388888888888889,0.6836513889055605,-0.026226379565840282,2.083333333333334,0.7418663939602201,0.0237593324549846,0.8888888888888888,0.5287017927423548,0.031530214424951276,0.6666666666666666,0.5403289268515961,0.0063390313390313405,1.1,0.5132397532516573,0.02072649572649574,1.0833333333333333,0.598481247605436,0.059215167548500876,0.7777777777777782,0.5591282436652093,0.0447108843537415,1.1499999999999995,0.6430222594562979,-0.0074074074074074086,0.9222222222222222,0.4719918516818758,-0.04018927015250545,1.1,0.45491623147245563,0.14232954545454546,0.5111111111111112,0.3483195413352259,-0.1898879142300194,0.8055555555555607,1.0088883046986838,0.04834162721686352,1.2722222222222221,0.52380398669956,0,0,0
V8-01.08.2024-C1NS.V49.csv,0.021017048794826566,1.1944444444444442,0.4266167464981252,-0.04482542438271605,0.7592592592592595,0.5164384082365513,0.050382901698691175,0.7037037037037038,0.43268421164377197,0.013227513227513218,0.6574074074074074,0.3801017472472431,-0.019918981481481475,0.6944444444444443,0.5828808042895185,-0.0070662768031189,0.7222222222222223,0.6526124334949687,-0.10706018518518519,0.7685185185185187,0.5083811126522894,0.29132996632996627,0.7870370370370369,0.3402792049858081,-0.15427350427350425,0.7037037037037036,0.5897017495514825,-0.00770502645502645,1.1666666666666667,0.5831372319460565,0.01535087719298245,0.8472222222222223,0.49468416879035365,0.13187210648148148,0.7870370370370369,0.36990385084924365,-0.01607681755829904,1.0833333333333333,0.6192919061418128,4.050925925926114e-4,1.1111111111111116,0.6346819311779069,0.018287037037037022,1.0833333333333335,0.6620983337672427,0.013729589804858642,1.1296296296296295,0.7102023043515721,-0.029773307790549167,1.0092592592592593,0.5416799944015662,-0.022537529223575735,1.388888888888889,0.6805916641157198,0.13047138047138043,0.6388888888888887,0.19369573438265889,-0.11865569272976677,0.7037037037037037,0.5350395546904361,0.0071261396691416744,1.9583333333333335,0.5742712853278351,0,0,0
