archivo,Intervalo_1,Intervalo_2,Intervalo_3,Intervalo_4,Intervalo_5,Intervalo_6,Intervalo_7,Intervalo_8,Intervalo_9,Intervalo_10,Intervalo_11,Intervalo_12,Intervalo_13,Intervalo_14,Intervalo_15,Intervalo_16,Intervalo_17,Intervalo_18,Intervalo_19,Intervalo_20,Intervalo_21
V1-01.08.2024-C1SN.M07.csv,0.05929232804232805,-0.009773662551440333,-0.06582491582491583,-0.028737251744498114,0.057792207792207805,-0.08670634920634919,0.04623538011695907,0.037024691358024636,0.09343395252837979,-0.038310185185185176,0.04436663554310614,0.21922150776639943,-0.0995475113122172,0.08219420077972703,-0.03248409012727895,-0.02777777777777777,-0.09365953531170923,0.01877139744786815,-0.033145254629629604,0.006540017028522775,0
V1-01.08.2024-C1SN.M31.csv,0.00781387966239653,-0.04775910364145655,-0.09398530762167126,0.0314300411522634,0.12400506096158272,-0.08235930735930734,-0.025524013024013015,0.039125073486184596,0.009876543209876562,-0.005574700640490001,0.10371315192743764,0.024634502923976596,-0.06401748971193418,0.0586226851851852,-0.02715464833520391,0.02008928571428575,-0.059649122807017535,0.07363136137645941,-0.02084419974886506,0.013253183558289425,0
V1-01.08.2024-C1SN.T10.csv,0.08717948717948718,-0.008170244107744074,-0.051463844797178124,-0.047578347578347564,0.155982905982906,-0.09496794871794872,-0.026473765432098766,-0.015472516166960607,-0.013194444444444446,0.018273875882571542,-0.005085243974132875,-0.06074011458626843,0.06053791887125227,-0.04574314574314573,-0.009294871794871774,0.0033950617283950058,-0.03028935185185183,0.02006172839506173,-0.08757122507122507,0.03403201005571693,0
V1-01.08.2024-C1SN.T81.csv,0.06995958391307229,0.06965176455917195,0.025893550893550887,0.023950457484111315,0.026730019493177375,-0.03486467236467235,0.09077380952380952,0.01828181565023671,0.00782407407407406,0.009402356902356893,0.07880116959064327,-0.05462962962962964,0.04155379553106828,-0.06717171717171717,0.033316228790366775,-0.11435185185185184,-0.020949074074074075,-0.009247076023391707,0.024431818181818197,-0.02687393482146568,0
V1-01.08.2024-C1SN.V12.csv,-0.00947744619619619,0.02094835518748559,-0.05111111111111109,0.0028322440087145957,0.006234567901234568,0.02942386831275724,0.07100480109739365,-0.023648741105637656,0.027314814814814816,0.012698412698412712,-0.05382241215574547,-0.14489711934156377,0.07387566137566141,0.15851521164021162,-0.07205882352941172,-0.01877869605142332,-0.00838477366255144,-0.04340277777777777,0.04691262469900242,0.08657519234210062,0
V1-01.08.2024-C1SN.V15.csv,0.08931218550251599,0.1602693602693603,-0.04118923611111111,-0.03000336700336711,0.0560082304526749,-0.012448796722990265,0.026350239625433432,0.07416418927288493,-0.04521604938271605,-0.0016718106995884756,0.004265873015873013,-0.09241301907968573,-0.01847628330084471,0.012390572390572386,0.08604312354312355,-0.003323836657169948,-0.058163265306122466,0.005751964085297448,-0.0378021978021978,0.05074913715264593,0
V1-01.08.2024-C1SN.V42.csv,0.011971379680804237,0.2909143518518519,-0.08320707070707073,-0.06230158730158716,0.049648445236680536,0.03390522875816996,0.013787375415282398,0.0533678497389859,-0.014110305958132027,0.00865215031881698,0.07810019841269841,-0.03648111148111151,-0.03255437977660199,-0.016494140843808108,0.07539682539682538,-0.02165831244778613,-0.030497685185185187,0.03227513227513226,-0.05292427604255561,-0.03352194510282747,0
V1-01.08.2024-C1SN.V43.csv,0.06533224400871461,0.01931448992852503,0.12777777777777777,-0.03502326217843456,0.033978174603174566,-0.02816091954022985,-0.009487679312240723,0.033502146002146065,0.07669934640522877,-0.058695436507936516,0.15611111111111117,0.013675213675213637,-0.05617944147355911,-0.007725694444444442,-0.08967611336032388,-0.046343779677113076,-0.08659979423868311,0.024269005847953194,0.0029642489711934187,0.026458280961957396,0
V1-01.08.2024-C1SN.V48.csv,0.03055077040865153,0.15296792328042327,-0.04541245791245792,0.059645061728395093,0.014551767676767692,-0.02353927203065136,0.05552662037037037,-0.03979888398046966,-0.025376157407407455,-4.385964912279839e-4,0.11574074074074074,0.09057017543859643,-0.2066077441077441,-0.04909297052154195,0.16531986531986534,-0.013591269841269911,-0.08305555555555555,0.06944444444444442,-0.22857142857142856,0.02071308102273494,0
V1-01.08.2024-C1SN.V49.csv,0.07166402953586498,0.035704264870931514,-0.10495580808080802,-0.01652500668883538,0.03917378917378914,-0.01864364364364366,0.012320302313128707,0.010782879317362085,-0.03354497354497355,0.02178649237472767,0.025712429221201087,-0.021776406035665264,0.16792929292929298,-0.11354993386243388,0.0886243386243386,-0.031310916179337275,-0.04937321937321933,0.07002645502645503,-0.05631313131313133,0.042596614322307616,0
V2-01.08.2024-C1SN.M07.csv,0.02473769693765639,-0.12258631512868802,-0.11814892623716154,-0.0014779809305606384,0.06810515873015868,-0.05709325396825396,0.02003495842781559,0.031363111860692,0.03604166666666665,-0.03290781333109376,0.07113095238095238,-0.012099358974359006,-0.022194163860830386,-0.03440272112147112,-0.03914854109362121,-0.03229166666666668,-0.10258986928104576,0.06301807760141095,0.011596230158730163,0.0318739384539227,0
V2-01.08.2024-C1SN.M31.csv,0.08115178419734134,0.05220258136924802,-0.01696581196581195,-0.077475845410628,0.028267450142450107,0.01799115845168475,-0.002189561136478955,0.002397486772486765,0.017541152263374497,-0.008051924473493111,0.04626408151336415,-0.012551580112721403,-0.15111289173789175,0.07192982456140352,-0.051176640961587215,-0.1281069624819625,0.013840155945419104,0.029930627221649003,-0.0679105873550318,-0.015877050408640823,0
V2-01.08.2024-C1SN.T10.csv,0.06881451123254403,-0.03145161290322581,-0.030288957688338485,0.026311728395061722,0.005709876543209888,0.009536245647356745,-0.08204483542231256,0.03352169938587099,-0.07413194444444446,-0.025735895463322712,0.07235449735449735,-0.13925851254480284,-0.055388349070414296,-0.020536807468625767,0.0787698412698413,-0.10779345483049188,0.039459497304487876,-0.0982552800734619,-0.010274146695715386,-0.03621199813219632,0
V2-01.08.2024-C1SN.T81.csv,0.06737905038558634,0.020833333333333322,-0.03371459694989107,0.04043009459676127,0.062156084656084645,-0.02763188608776844,0.018394308943089428,-0.013459308292899624,0.003349673202614342,0.011646224146224137,-0.008946608946608939,-4.629629629628726e-4,0.007796717171717167,-0.019326093010303542,-0.019922131532038645,-0.06793500617030031,0.03073143609295569,0.1756746031746031,-0.012108262108262087,0.0062199290031097814,0
V2-01.08.2024-C1SN.V12.csv,0.0608725761772853,0.09304353054353058,0.13827160493827162,-0.052199074074074085,-0.002651515151515164,0.05300925925925927,0.01996619635508525,0.10698559670781893,0.011454716435185197,-0.0036784781576448254,0.17852564102564103,-0.14184027777777777,0.18928170594837262,-0.06398308481641814,-0.052949735449735476,-0.15229166666666658,-0.013973063973063972,0.0331088664421998,-0.10932940516273854,0.04946364869771732,0
V2-01.08.2024-C1SN.V15.csv,0.01411463844797181,0.10170304232804235,-0.015048840048840066,0.005934927983539098,-0.053058038881793675,0.003386306507992608,0.09541488603988603,0.06255120327700973,-0.06664562289562291,-0.01925088183421517,0.08221288515406162,-0.017716049382716106,0.12499999999999997,-0.02923433683237607,-0.0025641025641026717,-0.027129629629629573,-0.030439814814814826,0.0646604938271605,0.002209876543209861,0.054485569345941676,0
V2-01.08.2024-C1SN.V42.csv,0.03855571934840228,-0.030599647266313937,-0.1257020757020757,0.19049768518518517,0.05610830527497194,-0.05665133477633478,0.005734262779660174,0.02486954183382755,-0.028223593964334708,-0.014925240929705205,0.1612962962962963,-0.1240605787974209,-0.014876543209876554,0.039424951267056536,-0.016082451499118168,-0.03539186507936508,-0.061452241715399605,0.071011396011396,-0.059432098765432075,0.011080775285320742,0
V2-01.08.2024-C1SN.V43.csv,0.017807577692635166,0.23837129054520362,-0.11711915535444949,0.04172086624726048,-0.017704342273307756,0.03804909560723514,0.07963001303581015,0.012000234681686268,-0.04239766081871347,-0.00468835601167044,0.06322412155745487,0.02563198118753674,-0.08376068376068377,-0.11731078904991948,0.01265019475803791,-0.05458384208384223,-0.027840732252496954,0.09180672268907562,-0.06783205619412518,0.06089824929199306,0
V2-01.08.2024-C1SN.V48.csv,0.12798282711777523,0.09731040564373898,-0.17692307692307693,-0.028009259259259275,0.2051311728395062,-0.058506122755615696,0.01589928103085994,0.07950102880658434,0.03676470588235295,6.818068221576937e-4,0.18753086419753082,-0.03985890652557319,-0.004158544509421648,-0.10826558265582657,-0.053494776828110144,-0.054703139997257635,-0.21115921115921116,0.1527777777777778,-0.034960316483901036,-0.011441038739889308,0
V2-01.08.2024-C1SN.V49.csv,0.09218559218559218,-0.040653935185185196,-0.05228758169934643,-0.012909544159544152,-0.034203029320216814,0.009727872864446943,-0.036980920314253644,0.02238247863247864,0.0013888888888888627,-0.011215885119479886,0.13243793243793242,0.04588624491173215,-0.16718946837994453,0.013411654725992976,0.10657519868046188,-0.16167879188712525,0.10743897306397307,-0.1441077441077441,-0.007000547345374981,0.0038566272997416808,0
V3-01.08.2024-C1SN.M07.csv,0.004429160280224116,0.2046296296296296,-0.16948005698005694,0.050489285271893905,-0.02593610093610092,-0.11402466168091166,0.04822045855379189,-0.011678816825875654,0.133048433048433,-0.061228289625028756,0.15871212121212122,-3.7722908093279804e-4,0.04913076341647769,-0.019560185185185187,-0.03596605445906433,-0.083641975308642,-0.147119341563786,0.14585218702865763,-0.09168391994478954,0.09035268358185028,0
V3-01.08.2024-C1SN.M31.csv,0.06331058846302749,-0.03803606237816763,-0.05512820512820514,-0.06250748323754791,0.13720043572984755,0.02465706447187929,-0.006060574111560952,0.009177023693152734,0.05315904139433549,-0.02378585693536683,0.079662698412698435,-0.13796296296296295,0.27433155080213906,0.0016531713900134913,-0.07956215324636376,-0.05654761904761904,-0.030185758513931887,0.07270312807397207,-0.030362893949850474,0.01387373093137442,0
V3-01.08.2024-C1SN.T10.csv,0.028581926896973912,-0.06274928774928788,0.03234126984126984,0.06165824915824917,0.028326023391812883,-0.09454600612008023,0.015741809630698534,0.09844343542260209,0.027674897119341426,0.023240183792815373,0.11262282690854121,0.022222222222222216,0.023666666666666666,-0.007967836257309947,-0.038974140380790015,-0.09055735930735931,-0.09513888888888888,0.06332070707070707,-0.07781171142823651,-0.020235881883726298,0
V3-01.08.2024-C1SN.T81.csv,0.04442923540430265,0.06726941623063507,-0.10384615384615388,0.007942708333333333,0.010723927252060183,0.043923076923076926,0.026046728215095554,0.009324111287026893,-0.007210219478737993,0.12009121535723366,0.12081128747795415,-0.0989861853832442,-0.03210289166171519,-9.421702404158778e-4,-0.07430214003104027,0.01899305555555558,-0.07283399470899472,0.13862847222222222,-0.01850145075951529,0.07160493827160494,0
V3-01.08.2024-C1SN.V12.csv,0.052464964964964896,0.28706488443330547,-0.0860805860805861,0.07045304232804239,0.04299516908212561,-0.0939153439153439,0.008893396826681594,-0.01482559811364159,0.05846560846560849,-0.04882856341189672,0.059570494864612356,0.022554268648018645,0.0714786637863561,-0.05519818063677721,0.01017832647462276,-0.084619341563786,-0.01967063492063494,0.05793209876543209,-0.008765589569160992,0.005784556668106116,0
V3-01.08.2024-C1SN.V15.csv,0.064725210650095,-0.03979166666666667,-0.10535300925925928,-0.015357142857142958,0.021354166666666678,-0.11714581714581715,-0.04303105779169611,0.001659285159285162,-0.013599537037037077,-0.010457516339869282,0.13846153846153847,0.03397056989649589,-0.04565476190476197,-0.0370949074074074,0.1017636684303351,-0.02981956315289648,-0.11356725146198832,0.10251661918328596,-0.07930629041740153,-0.03790636570850997,0
V3-01.08.2024-C1SN.V42.csv,0.032458493930533405,-0.057090643274853775,-0.13205128205128205,0.02876455026455026,0.07354497354497355,-0.16792592592592595,0.013541666666666658,0.04198030859036295,-0.08972800925925928,0.01661128832181464,0.11268993352326688,-0.06111111111111114,0.0042511581985266115,-0.09319659196785851,0.06551226551226554,-0.09185185185185185,-0.03526936026936027,0.10238095238095239,-0.035582541097246984,-0.030177601316605834,0
V3-01.08.2024-C1SN.V43.csv,0.03531883399537908,-0.03491843644198216,-0.028596866096866097,-0.0046236942070275325,0.08395061728395067,0.03685185185185182,-0.011846456418824838,-0.009918501180836701,0.05689300411522636,-0.08442374583578292,0.08298629570559397,-0.007549028065332409,0.01984126984126984,-0.020045484080571788,-0.01618042123361272,0.029249762583095917,-0.06889445836814258,0.04705882352941176,-0.05916119321291735,-0.01865632354762788,0
V3-01.08.2024-C1SN.V48.csv,-0.004837729747313829,-0.10846560846560846,0.04461279461279461,0.03450751476113795,0.02272708228590579,0.05513176638176639,0.02780589119064617,0.06874379370044405,-0.006543209876543224,-0.10573967236467238,0.16313131313131313,-0.021324786324786325,-0.041804912551440275,0.0520833333333333,-0.014962121212121217,-0.027494331065759613,-0.08057179987004551,0.13463541666666667,0.022639748501817478,-0.0032679515705172743,0
V3-01.08.2024-C1SN.V49.csv,0.04920298142129127,-0.052362707535121344,-0.15090968161143598,0.008619177890011246,0.019255050505050483,-0.05436507936507937,0.005833887163001088,0.05954218106995884,-0.01785714285714287,-0.008980785296574714,0.033602150537634407,0.12802942439533918,-0.04432209987765543,-0.014625420875420875,0.0679454926624738,-0.06253633596662225,-0.11155641233766232,0.16655687307861217,-0.10740614075087399,0.00817911749175779,0
V4-01.08.2024-C1SN.M07.csv,0.009493218504482573,0.03541452991452989,-0.037419871794871794,0.0412773569023569,0.007484567901234572,-0.06599616858237546,0.05009812801932367,6.016419909261877e-4,-0.02516339869281045,0.05016064535515336,0.033744855967078186,0.045230352303523035,-0.058184456868667404,0.04597222222222225,-0.03326734539969835,-0.0522875816993464,-0.05557992202729044,0.024081196581196583,-0.034742039899590425,-0.058669847833535814,0
V4-01.08.2024-C1SN.M31.csv,-0.025120863160078843,-0.04221521942110178,0.030399750712250723,0.04967948717948721,-0.01960784313725489,-0.03690932311621964,-0.006668752656280768,0.052859575824692105,0.04396523716699165,0.002987754104903869,0.08271103896103896,0.06262626262626263,-0.09218374218374215,-0.14166839575336296,0.11204594017094016,0.09066951566951566,-0.0632066276803119,-0.05789153439153438,-0.05034508247743542,0.06847706242898245,0
V4-01.08.2024-C1SN.T10.csv,-0.003432257043368143,0.030908289241622533,-0.11214726631393297,-0.0016975308641975374,0.0605034722222222,0.02417071954108989,-0.05449714103560259,0.03057835297418631,0.07930309536589727,0.02744016917228056,0.03014403292181066,-0.04002525252525249,-0.021501976284584938,0.08898148148148155,-0.030041152263374477,-0.009912854030501135,-0.1075156325156325,0.06204989711934156,-0.04925925925925925,-0.01442170240415855,0
V4-01.08.2024-C1SN.T81.csv,0.001479492421949042,0.05941358024691359,-0.10962962962962962,0.02865665547117159,-0.013466775599128537,-0.07437097423510466,-0.019645018501227646,0.006195047463429813,-0.012573099415204675,1.1204481792716908e-4,0.05331088664421997,-0.05953019781144781,0.0421318447634237,-0.04913194444444444,0.0029539049919484793,0.005966583570750225,-0.050655624568668046,0.021365914786967425,-0.08576320403243481,0.03330707109542172,0
V4-01.08.2024-C1SN.V12.csv,-8.122157245025255e-6,-0.11224198506807204,-0.011868686868686867,0.021837678782123254,0.006725146198830397,0.09218304843304843,-0.007584972394755014,0.007745370370370357,0.02663690476190471,0.03552737520128825,-0.02925240054869685,-0.015138780860196514,-0.02996031746031746,-0.03204089506172839,-0.17888921645702305,0.0563627730294397,-0.06352237654320987,0.03576388888888889,0.02496974098281289,-0.025335586909660996,0
V4-01.08.2024-C1SN.V15.csv,-0.007831790123456786,-0.044201631701631605,0.02043209876543212,0.017528864897285903,0.053129133597883606,0.09159335288367546,0.03482629708188113,0.08514209555876225,0.010957414904783344,0.1042039165602384,0.17185185185185187,-0.11723646723646725,0.09819624819624824,0.026275857797596867,-0.08637508875604111,-0.04306742640075974,0.022608024691358,0.0779788838612368,-0.003717857403754844,0.03458725951185015,0
V4-01.08.2024-C1SN.V42.csv,0.003542137382597905,-0.02458847736625513,-0.03282828282828284,0.029019129019129022,0.006378600823045283,-0.02046296296296297,-0.0011145338431934407,0.047467544710191774,0.0070261437908497055,-0.028089645397337708,-0.02836661546338966,0.08353587962962963,0.009995971107082198,0.07291666666666667,-0.03999999999999998,-0.13036701860231276,-0.11314629165506358,0.06367243867243867,-0.06454514278588352,-0.002419773024507521,0
V4-01.08.2024-C1SN.V43.csv,-0.03165823239865052,0.05018939393939394,0.007478632478632475,-0.008350480109739359,0.030262345679012297,-0.019638888888888872,0.015937746256895195,0.06124803673823282,0.08136574074074075,0.022543814386327025,0.09183673469387756,0.03368945868945869,-0.006776556776556768,-0.038446969696969695,0.03984638047138044,0.03333333333333338,-0.10413105413105413,0.09181069958847737,-0.033892850069320656,0.022381041635427597,0
V4-01.08.2024-C1SN.V48.csv,0.022584976751643424,0.0011574074074073965,-0.08680897646414887,0.01009210268469527,0.04343323586744637,-0.06663105413105412,0.007936105476673425,0.019982363315696663,0.032465277777777794,-0.03559491338884105,0.014537037037037043,0.16533713200379865,0.02769841269841267,0.07510683760683746,-0.010858585858585876,-0.0862962962962963,-0.12401795735129065,0.08916947250280582,-0.0731778252611586,0.017057978155539135,0
V4-01.08.2024-C1SN.V49.csv,0.017605042128697537,-0.08847736625514403,-0.014691358024691351,0.0041761148904006055,-0.010444223985890658,-0.010841049382716052,-0.020143652350337545,-0.0056210056210056,0.083501919286233,-0.10389044506691567,0.12973484848484848,-0.036947895100068996,0.005599730931799188,-0.13799283154121858,-0.03319032620107889,0.04351276742581089,-0.057911706349206345,-0.1075960219478738,-0.0014326131687242762,0.021835446218162278,0
V5-01.08.2024-C1SN.M07.csv,0.06458091366627952,-0.03558935920047033,0.040354938271604926,-0.028675144300144343,0.025233426704014968,-0.0982689210950081,0.0270206043275896,0.007072959246872299,-0.0987847222222222,-4.2966211825868977e-4,7.557189542483543e-4,-0.02699430199430199,-0.040170304232804196,-0.06831081376535926,0.07124183006535947,-0.13795458354281886,-0.011375661375661362,-0.001439701897018874,-0.07344650205761315,-0.0383744678003649,0
V5-01.08.2024-C1SN.M31.csv,0.05333662064431295,0.08540305010893247,-0.056010101010101024,0.09591920549581838,0.09861111111111112,-0.03637891737891736,-0.001348597187412972,-0.012664125673125207,0.058167989417989424,0.03043766328080053,0.09153874269005849,0.01941964285714288,0.013888888888888784,-0.09393388010790649,-0.03905895691609976,-0.030002834467120224,-0.005779405779405763,0.08773579480101219,0.04107142857142857,0.0048671088805892805,0
V5-01.08.2024-C1SN.T10.csv,-0.011609239323055106,0.1643649722597091,0.005015432098765212,0.026996361892195234,-0.13293209876543213,-0.018460134363038182,-0.024398937289562272,-0.013668430335097,-0.02165032679738562,0.008337962962962964,0.09658119658119659,-0.017268842268842264,-0.09803030303030305,-0.11753012933568491,0.013578493265993266,-0.031131291547958198,-0.025147306397306397,-0.028456439393939402,0.03640172101449276,-0.04323056685986764,0
V5-01.08.2024-C1SN.T81.csv,-0.009816465401571795,-0.06770258980785296,0.057905982905982895,0.013667471819645755,0.1225135975135975,-0.037932098765432055,0.031661522633744846,-0.028969226579520703,0.025063381834215154,-0.04461479036058869,-0.012369791666666671,0.021527777777777785,0.06822916666666669,-0.012731481481481495,-0.031153610869635202,-0.03263888888888889,-0.06463844797178131,-0.030285493827160486,-0.031461988304093566,0.0072064303855042785,0
V5-01.08.2024-C1SN.V12.csv,-0.02516561276723879,-0.15318019943019937,0.03636363636363636,-0.0446609477124183,-0.042013888888888885,0.01068376068376069,0.027546296296296298,-0.04003872053872053,0.03386939571150096,-0.027442002442002445,0.03542120551924478,-0.03499622071050642,-0.0077609427609427704,0.03367552334943641,0.05441468253968253,-0.09292929292929293,0.027488425925925927,-0.027827160493827163,-0.0017989417989418236,-0.010707685093236245,0
V5-01.08.2024-C1SN.V15.csv,0.03503609992971696,0.07646604938271603,0.06990740740740739,0.004897660818713432,-0.018626743626743596,-0.032561728395061725,0.06734687216890967,0.02006869024412886,0.045555215141612176,0.0653343056120834,0.09320987654320985,0.08471153846153832,-0.011919965942954401,-0.0680180375180375,0.07450396825396824,-0.06146723646723641,-0.10726883345930967,0.07231795074932329,-0.021676642972939267,-0.011520987026999895,0
V5-01.08.2024-C1SN.V42.csv,0.057931611470655626,0.2562206055261611,-0.04768518518518519,0.05854107312440647,0.033399470899470894,-0.0578875171467764,-0.014968041218041232,0.018007150525266476,0.023425925925925944,-0.019590132090132096,0.08835470085470085,0.019762111038914173,0.008418803418803392,0.012934027777777801,-0.009454280615755074,-0.024192782526115862,-0.06652116402116402,-0.02122700932224742,-0.026871492704826055,0.05660309996516896,0
V5-01.08.2024-C1SN.V43.csv,0.045449800290486564,0.038532763532763525,-0.026452020202020202,-0.015401702207257737,0.02243589743589742,-0.07707231040564373,0.047342649180884475,-0.00623522828383939,0.0012152777777778147,0.019886363636363622,0.1388888888888889,0.010879629629629623,-0.0012500000000000005,-0.017376605814739682,-0.11863049095607235,0.052146464646464635,-0.03074561403508771,-0.011712962962962918,-0.046198559670781916,-0.03674768518518517,0
V5-01.08.2024-C1SN.V48.csv,-0.00748456790123456,-0.007598039215686268,-0.029856254856254878,-0.060124643874643835,0.03883079157588963,-0.004305555555555582,-0.013486696118776733,-0.015576032763532777,-0.003975249287749284,0.043280873328950246,0.12849421820010054,-0.08853646033576838,-0.051210826210826225,0.11132897603485839,-0.05945495616389339,-0.0465956558061821,-0.03882664176781823,0.09759259259259259,-0.038072453861927535,0.042340367414772186,0
V5-01.08.2024-C1SN.V49.csv,2.5517653713027935e-4,-0.0070806100217865,-0.07505144032921805,-0.07929256010396364,0.07779431216931215,-0.07595679012345681,-0.036171163622144016,0.01836566497944208,-0.07072158365261814,-0.0033764967975494146,-0.03930704898446833,-0.06197851531184864,0.07467592592592592,-0.03098903098903098,-0.02911522633744857,-0.09216485507246375,-0.04128873771730915,0.028523662551440326,-0.036489659174844355,-0.009567244295378962,0
V6-01.08.2024-C1SN.M07.csv,0.012777645171128843,0.07529513888888889,-0.037327823691460066,-0.12218539562289553,0.11593915343915343,-0.08460693895476505,0.012173390582481488,-0.015434419381787813,-0.148577441077441,-0.04976280292638317,0.14705882352941174,-0.03933782267115598,-0.08124298540965208,0.08040123456790124,-0.03825577714466604,-0.023809523809523805,-0.06210317460317459,-0.022769360269360273,-0.00706544612794613,-0.0036769118655692857,0
V6-01.08.2024-C1SN.M31.csv,0.05180852644087937,-0.039957264957264954,-0.05564102564102564,0.00349002849002849,0.06369047619047624,-0.02447089947089948,0.026951058201058194,0.1187389770723104,0.03506944444444442,-0.044155807041609506,0.13440329218106997,0.11616161616161613,-0.2238223691843601,0.1109567901234568,-0.10507587650444793,0.10550807217473882,-0.06814925044091717,0.002897603485838782,-0.020209495209495162,0.02743251726302574,0
V6-01.08.2024-C1SN.T10.csv,0.030190164241888365,0.0054783950617284015,-0.04908459595959595,-0.005813083955098489,0.014340373431282529,-0.07698902606310014,-0.04966275542784163,0.00455818965517241,-0.1519736842105263,-0.03538011695906432,0.015805041152263367,-6.584362139917912e-4,-0.012660093760572175,-0.05714556373129223,0.13046398046398044,-0.0807449494949495,-0.0915824915824916,0.05582010582010586,-0.04166269841269843,-0.01583107497741644,0
V6-01.08.2024-C1SN.T81.csv,0.05409336175728755,0.04502957818930044,-0.00835218702865761,0.009847442680776008,0.054398148148148154,0.009226190476190478,-0.029632136516194493,0.022790758815603537,0.01689814814814815,0.03662962962962963,0.08444444444444447,-0.02983217592592593,0.09459064327485381,-0.02732233044733045,0.021666666666666678,-0.0888770180436847,-0.04382716049382715,0.015507235819735822,-0.036342592592592586,0.02237295990520962,0
V6-01.08.2024-C1SN.V12.csv,0.031476119357493365,-0.12268518518518516,0.10342312008978677,0.0117847222222222,-0.15112847222222225,0.03279320987654322,-0.0550298421621951,-0.0013888888888888811,-0.027241941015089165,0.07079239103048632,0.08066239316239314,0.08262345679012341,0.07067901234567905,-0.1332705874372541,-0.039062500000000014,0.2529601571268238,-0.11790123456790123,0.10241013071895425,-0.07116113053613053,-0.010727043611659022,0
V6-01.08.2024-C1SN.V15.csv,0.04287414373621272,0.2534401027822079,-0.07696759259259253,-0.014429012345678869,0.0328792735042735,-0.09423076923076926,0.07247732426303855,-0.028363695811400594,0.0011574074074073937,8.744035547154405e-4,0.08393246187363836,-0.06635552218885551,0.1319584736251403,0.07361111111111111,-0.09981006647673314,0.021759259259259253,-0.05527375201288238,0.08066578483245153,-0.020020489677352482,-0.001999642985748484,0
V6-01.08.2024-C1SN.V42.csv,0.07184741165212663,0.10702861952861953,-0.043432784636488114,0.002120315581854044,0.1095734126984127,-0.12651353276353275,0.03916837048762259,-1.8644209820680766e-4,0.051793981481481476,0.018804973531481254,0.15270128824476648,-0.09080086580086581,0.0020863395863395906,0.1322420634920635,-0.14354423868312755,0.0015100444011261621,-0.10357374918778427,0.06802410065567958,0.05981624131133935,-0.0036462536992197896,0
V6-01.08.2024-C1SN.V43.csv,-0.008566719327363121,0.012801932367149731,-0.05972222222222221,-0.059492653810835655,0.018967013888888887,-0.06047979797979796,0.01889550264550265,-0.011083240431066519,0.09681324910916746,-0.05561409110259685,0.0016894087069525678,0.05354924928634169,-0.09577991452991454,0.08845290511957178,-0.060185185185185175,-0.0920138888888889,0.020954106280193233,-0.06390491452991454,0.026073548770917207,0.018637226970560302,0
V6-01.08.2024-C1SN.V48.csv,0.07182137414695555,0.051361111111111135,0.013641975308642034,0.025178502338996184,0.03832866479925304,-0.08204210069444445,0.02691358024691358,-0.007635826964530664,0.0752680311890838,0.04002556897293739,0.1901416122004357,-0.03312629399585921,-0.09459437911557794,0.003589968600965665,0.012728909465020581,0.1707828282828283,-0.1126763668430335,0.10084175084175084,-0.07517006802721088,0.029388202697906558,0
V6-01.08.2024-C1SN.V49.csv,-0.031992894687726516,0.004947916666666696,0.0020723104056437546,-0.07386793101078816,0.04966329966329966,-0.0784252297410192,-0.004367359970808249,-0.039831059129304736,-0.03672686333976657,5.060525893859217e-4,0.12430555555555557,-0.016666666666666663,0.0030191516302627394,-0.034442848020434194,-0.09984632741985686,-0.06129793448634029,-0.06665986672106623,0.05996919840733227,-0.06943377822688167,-0.0012517146776405996,0
V7-01.08.2024-C1SN.M07.csv,0.08018931437516998,-0.09135472370766487,-0.06912037037037037,0.035545267489711915,-8.641975308641969e-4,-0.07518939393939392,-0.03201459034792369,-0.0015018817487953394,-0.048518518518518475,-6.313131313131342e-4,0.14871794871794872,-0.02529761904761908,-0.005079732510288004,-0.015185185185185199,-0.02430555555555555,-0.0575822325822326,-0.10166666666666666,0.012153587153587086,-0.053824476650563606,0.0022948590571541154,0
V7-01.08.2024-C1SN.M31.csv,0.08328460038986356,0.07906227305737112,-0.057732082732082746,0.00820185185185188,0.12336860670194007,-0.005486968449931375,0.056066809439825296,0.08180189362840225,-0.0014467592592592863,-0.08745590828924167,0.14490740740740737,-0.011640211640211649,-0.2445579594017094,0.0980324074074074,-0.04366689671037495,-0.218056453350571,-0.11181257014590347,0.0910846560846561,-0.020915032679738578,0.028489454094292814,0
V7-01.08.2024-C1SN.T10.csv,-0.015859357027835214,0.07989267676767675,0.03327160493827157,-0.03226508506113769,0.06928374655647385,-0.062422839506172834,-0.0387294707116439,0.0120892228782728,-0.09349415204678371,-0.028900541698160746,0.1319444444444444,0.014241622574955929,-0.11247641247641248,-0.05824438443072702,0.03469742063492062,-0.04329966329966331,-0.06781368673951794,0.13286195286195288,-0.09577991452991459,-0.07464005901505902,0
V7-01.08.2024-C1SN.V15.csv,0.023158998451956656,0.18614969135802475,-0.011489898989898993,-0.059037037037037006,-0.024522569444444454,0.1260085978835979,0.01032477420709933,0.04001702387119055,0.12336601307189528,0.030015432098765494,0.03285493827160492,-0.05959286492374729,-0.04277525825144872,-0.02019901905300887,0.2209935897435897,-0.10046763935652823,-0.1156045751633987,0.12016381766381766,-0.060781893004115246,0.02644207339931023,0
V7-01.08.2024-C1SN.V42.csv,0.005172963272378493,7.716049382715132e-4,-0.03182539682539682,-0.006236534318251764,0.013310185185185178,-0.09953703703703701,0.08603372084233328,0.04572207180902826,0.023276748971193435,-0.01614708890349916,0.01615016376921139,-0.016540404040404043,-0.005128205128205121,0.013849696257103658,0.03812636165577342,-0.0329992737835875,-0.08864734299516908,0.0595398428731762,-0.005091598042725863,0.04942054760317168,0
V7-01.08.2024-C1SN.V43.csv,-0.019047105948815344,0.07019032921810699,0.001455026455026473,0.09840761090761091,0.09994855967078191,-0.03683333333333337,0.041872427983539094,0.0896355301379811,0.03978395061728389,0.026337448559670792,0.08773148148148151,0.014500661375661377,-0.028619528619528614,0.01493055555555557,-0.01626984126984129,0.08017676767676768,-0.1067251461988304,0.11891534391534388,-0.008777006172839448,0.03471604453747315,0
V7-01.08.2024-C1SN.V49.csv,0.04174916530786551,0.06038011695906428,-0.14477513227513228,-0.02776009243538955,0.1679514442672337,-0.06706349206349205,-0.04174201651427324,-0.0173804012345679,-0.014476778365667207,0.020213560334528088,0.06181917211328976,-0.0847800925925926,-0.08653439153439152,0.0059392726059392725,0.029280904280904293,-0.03151260504201683,-0.08275462962962964,0.11663105413105412,-0.0929616210413312,0.026683140375417046,0
