archivo,Acel_1_media,Acel_1_maximo,Acel_1_desviacion,Acel_2_media,Acel_2_maximo,Acel_2_desviacion,Acel_3_media,Acel_3_maximo,Acel_3_desviacion,Acel_4_media,Acel_4_maximo,Acel_4_desviacion,Acel_5_media,Acel_5_maximo,Acel_5_desviacion,Acel_6_media,Acel_6_maximo,Acel_6_desviacion,Acel_7_media,Acel_7_maximo,Acel_7_desviacion,Acel_8_media,Acel_8_maximo,Acel_8_desviacion,Acel_9_media,Acel_9_maximo,Acel_9_desviacion,Acel_10_media,Acel_10_maximo,Acel_10_desviacion,Acel_11_media,Acel_11_maximo,Acel_11_desviacion,Acel_12_media,Acel_12_maximo,Acel_12_desviacion,Acel_13_media,Acel_13_maximo,Acel_13_desviacion,Acel_14_media,Acel_14_maximo,Acel_14_desviacion,Acel_15_media,Acel_15_maximo,Acel_15_desviacion,Acel_16_media,Acel_16_maximo,Acel_16_desviacion,Acel_17_media,Acel_17_maximo,Acel_17_desviacion,Acel_18_media,Acel_18_maximo,Acel_18_desviacion,Acel_19_media,Acel_19_maximo,Acel_19_desviacion,Acel_20_media,Acel_20_maximo,Acel_20_desviacion,Acel_21_media,Acel_21_maximo,Acel_21_desviacion
V1-01.08.2024-C1SN.M07.csv,0.05929232804232805,0.8,0.34671650001846355,-0.009773662551440333,2.5972222222222223,0.7760013152407463,-0.06582491582491583,1.0833333333333335,0.5910491263079917,-0.028737251744498114,0.8,0.4816893988608365,0.057792207792207805,0.9166666666666666,0.495889099258233,-0.08670634920634919,1.8333333333333333,0.7180916652185925,0.04623538011695907,1.0277777777777777,0.452777127472771,0.037024691358024636,0.8055555555555556,0.5365584988347951,0.09343395252837979,1.0277777777777777,0.46185456610715186,-0.038310185185185176,1.0277777777777777,0.6061232400978664,0.04436663554310614,1.0333333333333332,0.5517591116829148,0.21922150776639943,2.555555555555556,0.6934663029765841,-0.0995475113122172,0.8111111111111111,0.4970478726979013,0.08219420077972703,1,0.4322149250404708,-0.03248409012727895,1.0611111111111111,0.5586088667240889,-0.02777777777777777,1.1222222222222222,0.6388607079130992,-0.09365953531170923,1.1018518518518519,0.5847030566478476,0.01877139744786815,1.1722222222222223,0.575209103620368,-0.033145254629629604,0.8055555555555554,0.35329292585302924,0.006540017028522775,0.9999999999999999,0.3235755652645112,0,0,0
V1-01.08.2024-C1SN.M31.csv,0.00781387966239653,0.6555555555555556,0.504509055041857,-0.04775910364145655,1.6712962962962967,0.766902156389866,-0.09398530762167126,1.0611111111111111,0.6285148672875304,0.0314300411522634,1.1833333333333331,0.6290080979640492,0.12400506096158272,0.8333333333333335,0.43496159321223915,-0.08235930735930734,0.8555555555555555,0.499966497544982,-0.025524013024013015,0.8055555555555554,0.3619329644480724,0.039125073486184596,0.7222222222222221,0.41710412841513583,0.009876543209876562,1.0277777777777777,0.596086090637066,-0.005574700640490001,0.9166666666666666,0.4782459019862276,0.10371315192743764,0.9666666666666668,0.33497566251442323,0.024634502923976596,0.8333333333333334,0.5546682424312693,-0.06401748971193418,0.9777777777777779,0.7846025204083906,0.0586226851851852,1.0166666666666666,0.4797331099735297,-0.02715464833520391,1.0555555555555556,0.5970448786220881,0.02008928571428575,1.0833333333333333,0.7697885265543649,-0.059649122807017535,0.8333333333333333,0.5375280070709583,0.07363136137645941,1.1111111111111112,0.42117418675149804,-0.02084419974886506,1.1,0.696299051587023,0.013253183558289425,1.0277777777777777,0.5136696140471351,0,0,0
V1-01.08.2024-C1SN.T10.csv,0.08717948717948718,0.47777777777777786,0.32709422786581527,-0.008170244107744074,1.333333333333334,0.5668117190927846,-0.051463844797178124,0.6055555555555556,0.39626947538412277,-0.047578347578347564,0.9722222222222223,0.49658717477232456,0.155982905982906,1.1111111111111112,0.3171249245808976,-0.09496794871794872,0.638888888888889,0.4289638331938005,-0.026473765432098766,0.9583333333333333,0.4490258598236101,-0.015472516166960607,0.4305555555555556,0.3273039332390441,-0.013194444444444446,0.6388888888888888,0.3887050948735849,0.018273875882571542,0.8333333333333339,0.5743821996131998,-0.005085243974132875,1.3611111111111112,0.7386848502990595,-0.06074011458626843,0.8833333333333334,0.6593602579380136,0.06053791887125227,0.9055555555555556,0.4908911049036719,-0.04574314574314573,0.8944444444444445,0.606110447685995,-0.009294871794871774,1.172222222222222,0.6164875111362594,0.0033950617283950058,0.9444444444444443,0.66784296943549315,-0.03028935185185183,1.2055555555555557,0.6217069375211803,0.02006172839506173,1.077777777777778,0.4894461280931066,-0.08757122507122507,1.15,0.5104563823854426,0.03403201005571693,1.0222222222222224,0.405461600714604,0,0,0
V1-01.08.2024-C1SN.T81.csv,0.06995958391307229,0.9111111111111112,0.4933018479989004,0.06965176455917195,1.7499999999999991,0.5126354268216855,0.025893550893550887,0.8055555555555555,0.46186993655386643,0.023950457484111315,0.9388888888888894,0.6119452128133548,0.026730019493177375,0.861111111111111,0.4492757555398682,-0.03486467236467235,0.8444444444444444,0.4076286598129959,0.09077380952380952,1.1666666666666665,0.5314987165288614,0.01828181565023671,0.6388888888888887,0.369532511018299,0.00782407407407406,0.8222222222222222,0.5200173681969495,0.009402356902356893,1.1833333333333331,0.6186900079002141,0.07880116959064327,0.9888888888888889,0.6337566975925211,-0.05462962962962964,1,0.6412447617999651,0.04155379553106828,1.1,0.5352601363956795,-0.06717171717171717,0.9888888888888889,0.5790588136058938,0.033316228790366775,1.0611111111111113,0.6684885749741692,-0.11435185185185184,0.9555555555555555,0.8441920868454379,-0.020949074074074075,0.9055555555555557,0.5185673340116769,-0.009247076023391707,1.05,0.5333400673840828,0.024431818181818197,1.1111111111111112,0.5101088378326578,-0.02687393482146568,1.0944444444444443,0.4791613516205052,0,0,0
V1-01.08.2024-C1SN.V12.csv,-0.00947744619619619,0.6666666666666665,0.4265740603849061,0.02094835518748559,1.7222222222222214,0.7231178899335838,-0.05111111111111109,0.9222222222222223,0.6651051671742751,0.0028322440087145957,1.4,0.6042983990226393,0.006234567901234568,0.5555555555555556,0.4254457937169776,0.02942386831275724,0.8333333333333333,0.5210703850117178,0.07100480109739365,1.1388888888888888,0.523462785589213,-0.023648741105637656,0.9722222222222223,0.49571438935550904,0.027314814814814816,0.7638888888888888,0.5297820305116319,0.012698412698412712,0.9444444444444443,0.6324083385020894,-0.05382241215574547,0.7611111111111111,0.7866160168417631,-0.14489711934156377,0.7611111111111113,0.7887806003111613,0.07387566137566141,0.8611111111111116,0.7538713727215562,0.15851521164021162,0.8333333333333335,0.48505600610099386,-0.07205882352941172,1,0.725358089640038,-0.01877869605142332,0.7722222222222224,0.6993854276722185,-0.00838477366255144,0.7722222222222221,0.5991446127165719,-0.04340277777777777,1.0111111111111113,0.6453512736958884,0.04691262469900242,0.8472222222222223,0.5028654432862092,0.08657519234210062,0.8611111111111112,0.5036908806386096,0,0,0
V1-01.08.2024-C1SN.V15.csv,0.08931218550251599,1.5555555555555558,0.49709992590565916,0.1602693602693603,4.472222222222223,0.9893349277060941,-0.04118923611111111,0.6,0.3851524134766226,-0.03000336700336711,1.1277777777777778,0.44128240077025827,0.0560082304526749,0.5166666666666666,0.222037997646691,-0.012448796722990265,0.6666666666666667,0.4664388975516885,0.026350239625433432,2,0.627888908800146,0.07416418927288493,1.1944444444444444,0.4161304807383003,-0.04521604938271605,0.8222222222222222,0.5262772129430956,-0.0016718106995884756,0.8333333333333334,0.5044350412061412,0.004265873015873013,0.6777777777777778,0.47703382756299123,-0.09241301907968573,0.7037037037037036,0.5561392180397783,-0.01847628330084471,0.7388888888888889,0.49660929507477286,0.012390572390572386,0.844444444444445,0.5088717603577643,0.08604312354312355,0.6458333333333335,0.45327203843087516,-0.003323836657169948,0.7333333333333332,0.6826796267624273,-0.058163265306122466,0.7111111111111112,0.6005195922942257,0.005751964085297448,0.8222222222222223,0.4547160879597512,-0.0378021978021978,0.75,0.46344001248401195,0.05074913715264593,0.916666666666667,0.37767298860386556,0,0,0
V1-01.08.2024-C1SN.V42.csv,0.011971379680804237,0.711111111111111,0.3785124683526969,0.2909143518518519,5.916666666666668,1.4451741644871134,-0.08320707070707073,0.9888888888888889,0.5921595672979848,-0.06230158730158716,1.1944444444444444,0.47455922647824056,0.049648445236680536,0.6444444444444444,0.37650022138020456,0.03390522875816996,1.25,0.4649448049275801,0.013787375415282398,0.6527777777777779,0.36565247472430334,0.0533678497389859,1.2777777777777777,0.38728671296322725,-0.014110305958132027,0.7870370370370369,0.5405285654625509,0.00865215031881698,0.9666666666666668,0.5956166672646318,0.07810019841269841,0.8777777777777779,0.5692948271284686,-0.03648111148111151,0.8444444444444444,0.706649166417603,-0.03255437977660199,0.8111111111111116,0.5362500268079232,-0.016494140843808108,0.8666666666666668,0.5890408145161977,0.07539682539682538,0.6500000000000001,0.48784715297059117,-0.02165831244778613,0.788888888888889,0.6672955524379264,-0.030497685185185187,0.7944444444444443,0.7026847291765844,0.03227513227513226,0.9055555555555557,0.642073574761198,-0.05292427604255561,0.7222222222222223,0.5593131526014434,-0.03352194510282747,0.7,0.4208101701543832,0,0,0
V1-01.08.2024-C1SN.V43.csv,0.06533224400871461,0.8333333333333335,0.43218027877788884,0.01931448992852503,2.833333333333332,0.791744356909243,0.12777777777777777,1.1111111111111107,0.6402598378257532,-0.03502326217843456,0.944444444444444,0.5195050999629347,0.033978174603174566,0.5666666666666668,0.4111615007491715,-0.02816091954022985,0.6277777777777779,0.40763135058193783,-0.009487679312240723,0.6111111111111112,0.38331355901813585,0.033502146002146065,0.6388888888888887,0.5081987936028034,0.07669934640522877,0.7222222222222223,0.4105306863891404,-0.058695436507936516,1.0666666666666667,0.5957243291081719,0.15611111111111117,0.75,0.34841843330099964,0.013675213675213637,0.7388888888888889,0.6001955073475664,-0.05617944147355911,0.8388888888888889,0.4496116396532684,-0.007725694444444442,0.7833333333333334,0.40265471682958853,-0.08967611336032388,0.8222222222222222,0.7681512587659125,-0.046343779677113076,0.7833333333333332,0.7123560570243549,-0.08659979423868311,0.7611111111111113,0.5280104137038414,0.024269005847953194,0.7444444444444445,0.3219678142452474,0.0029642489711934187,0.8166666666666667,0.4139783281066244,0.026458280961957396,1.0555555555555554,0.4662640891113398,0,0,0
V1-01.08.2024-C1SN.V48.csv,0.03055077040865153,0.5555555555555556,0.30210037379815396,0.15296792328042327,3.75,1.0444721309788105,-0.04541245791245792,0.9444444444444443,0.46498782018944484,0.059645061728395093,0.8,0.35152699177172914,0.014551767676767692,0.5888888888888888,0.6499538731396354,-0.02353927203065136,0.7777777777777777,0.45119181995566987,0.05552662037037037,0.9861111111111112,0.4394299381438827,-0.03979888398046966,0.638888888888889,0.5563045041141649,-0.025376157407407455,0.7291666666666665,0.5669710213774511,-4.385964912279839e-4,0.9777777777777779,0.6748800893453338,0.11574074074074074,0.7722222222222218,0.4325480668704759,0.09057017543859643,0.9305555555555545,0.6709470573491256,-0.2066077441077441,0.8444444444444444,0.8649104280089431,-0.04909297052154195,0.788888888888889,0.7139165287410835,0.16531986531986534,0.7777777777777777,0.5587514443351451,-0.013591269841269911,0.7777777777777779,0.8754490353409878,-0.08305555555555555,0.805555555555555,0.6724313019335921,0.06944444444444442,1.066666666666667,0.6796327833209703,-0.22857142857142856,0.8222222222222222,0.8883214954987183,0.02071308102273494,0.9722222222222222,0.5889062206657435,0,0,0
V1-01.08.2024-C1SN.V49.csv,0.07166402953586498,0.8703703703703706,0.5355845832916517,0.035704264870931514,5.194444444444444,1.0851231514953883,-0.10495580808080802,0.8611111111111113,0.7131945621097326,-0.01652500668883538,1.2129629629629628,0.6078606195864725,0.03917378917378914,0.6851851851851851,0.49530303833969924,-0.01864364364364366,0.7777777777777777,0.5084466563101901,0.012320302313128707,1.333333333333334,0.5365613358965617,0.010782879317362085,0.75,0.5074276109785573,-0.03354497354497355,0.9907407407407408,0.5573475170475825,0.02178649237472767,0.9814814814814815,0.726202850479096,0.025712429221201087,0.7222222222222222,0.6984144226803382,-0.021776406035665264,0.7407407407407408,0.7676425245707355,0.16792929292929298,0.7222222222222223,0.5826742716014178,-0.11354993386243388,0.8148148148148149,0.7340792281660554,0.0886243386243386,0.8055555555555557,0.7874539823065478,-0.031310916179337275,0.6851851851851852,0.795236267039735,-0.04937321937321933,0.7685185185185186,0.6463772573493873,0.07002645502645503,0.7685185185185182,0.622744433383409,-0.05631313131313133,0.7777777777777777,0.5980517250491538,0.042596614322307616,1.3888888888888884,0.5860944556644551,0,0,0
V2-01.08.2024-C1SN.M07.csv,0.02473769693765639,1.2685185185185184,0.3972946003961515,-0.12258631512868802,0.19444444444444428,0.3228802905948955,-0.11814892623716154,0.7055555555555555,0.48872392678156246,-0.0014779809305606384,0.8055555555555556,0.36857655838050285,0.06810515873015868,0.6055555555555556,0.3894381865723995,-0.05709325396825396,0.9444444444444446,0.4183039401446648,0.02003495842781559,0.7222222222222223,0.3719918267126528,0.031363111860692,0.8611111111111112,0.4792784813968742,0.03604166666666665,0.8111111111111111,0.48404033724335266,-0.03290781333109376,0.9888888888888889,0.4789322893591283,0.07113095238095238,0.8722222222222221,0.5081716438040838,-0.012099358974359006,0.6888888888888889,0.42801276103191704,-0.022194163860830386,0.9166666666666667,0.5294397423350385,-0.03440272112147112,0.8833333333333332,0.5034913789232776,-0.03914854109362121,0.9333333333333332,0.487972795253792,-0.03229166666666668,0.9666666666666666,0.5620443971084381,-0.10258986928104576,0.8833333333333332,0.48170102751672966,0.06301807760141095,1.05,0.3932048015292778,0.011596230158730163,1.138888888888889,0.45799437700559226,0.0318739384539227,1.0925925925925926,0.3636539975851192,0,0,0
V2-01.08.2024-C1SN.M31.csv,0.08115178419734134,1.3333333333333333,0.37453604535469326,0.05220258136924802,1.788888888888889,0.7304790277813357,-0.01696581196581195,1.1,0.628111415831978,-0.077475845410628,1.2333333333333334,0.5866499830083932,0.028267450142450107,0.8166666666666667,0.41804611373951606,0.01799115845168475,1.0277777777777777,0.453641106202593,-0.002189561136478955,0.8611111111111107,0.2746682195721539,0.002397486772486765,0.7,0.4402195216751517,0.017541152263374497,0.8472222222222221,0.5196002442304929,-0.008051924473493111,1.05,0.46530001574957774,0.04626408151336415,1.0416666666666667,0.41336464592839517,-0.012551580112721403,0.8833333333333332,0.634017750897795,-0.15111289173789175,1.0666666666666669,0.5785565313216231,0.07192982456140352,1.027777777777778,0.5043482861123112,-0.051176640961587215,1.0277777777777777,0.6536839170037907,-0.1281069624819625,0.9888888888888889,0.8104034178755132,0.013840155945419104,1.1222222222222222,0.6121164471687329,0.029930627221649003,1.2555555555555558,0.6293394286070055,-0.0679105873550318,1.1,0.5056408992657283,-0.015877050408640823,1.05,0.37204616458280315,0,0,0
V2-01.08.2024-C1SN.T10.csv,0.06881451123254403,0.7222222222222223,0.30724796402517124,-0.03145161290322581,1.25,0.6400820730460791,-0.030288957688338485,0.8777777777777779,0.4079227638340665,0.026311728395061722,0.6277777777777777,0.41102045880986254,0.005709876543209888,0.6666666666666666,0.3375635446989561,0.009536245647356745,0.8333333333333335,0.44552300922075805,-0.08204483542231256,0.6851851851851852,0.427989512956558,0.03352169938587099,0.6111111111111116,0.39376751892208356,-0.07413194444444446,0.5944444444444444,0.4115113464391004,-0.025735895463322712,1.0666666666666669,0.5635035380244997,0.07235449735449735,1.0222222222222221,0.5307543216848892,-0.13925851254480284,0.8222222222222223,0.6546197953226223,-0.055388349070414296,1.2555555555555553,0.5515437460404037,-0.020536807468625767,1.1833333333333333,0.5726772865788897,0.0787698412698413,1.1,0.6215384742362361,-0.10779345483049188,0.7944444444444445,0.5639195114317461,0.039459497304487876,1.55,0.5777038086976566,-0.0982552800734619,1.1222222222222222,0.5899408438421074,-0.010274146695715386,1.1444444444444444,0.4889397038381238,-0.03621199813219632,1.15,0.46098145610531494,0,0,0
V2-01.08.2024-C1SN.T81.csv,0.06737905038558634,0.8703703703703703,0.44503631249208925,0.020833333333333322,5.583333333333333,1.3318708221262585,-0.03371459694989107,0.8944444444444445,0.4237363336589244,0.04043009459676127,1.1444444444444446,0.47579668988764967,0.062156084656084645,0.5666666666666667,0.23775786834478382,-0.02763188608776844,0.6111111111111116,0.294917915744984,0.018394308943089428,1,0.3352036492316705,-0.013459308292899624,1.333333333333333,0.37624518880827745,0.003349673202614342,0.638888888888889,0.4166561061358386,0.011646224146224137,2.1527777777777777,0.5905640317784671,-0.008946608946608939,0.9055555555555556,0.517834794178573,-4.629629629628726e-4,0.7722222222222221,0.48962245925438297,0.007796717171717167,0.8444444444444444,0.5293744387647155,-0.019326093010303542,0.9055555555555556,0.6715552781098002,-0.019922131532038645,0.9555555555555555,0.67314458822819,-0.06793500617030031,1.1111111111111112,0.7650960544415452,0.03073143609295569,1.6111111111111107,0.7741773578350936,0.1756746031746031,1.3055555555555536,0.5444252608379295,-0.012108262108262087,1.3888888888888893,0.7127962731103528,0.0062199290031097814,0.8944444444444445,0.468898093432903,0,0,0
V2-01.08.2024-C1SN.V12.csv,0.0608725761772853,0.7592592592592592,0.4038331421822204,0.09304353054353058,2,0.8296529653084456,0.13827160493827162,0.9055555555555556,0.5047111724807429,-0.052199074074074085,1.2555555555555558,0.6161033425603621,-0.002651515151515164,0.5833333333333334,0.3450758818737922,0.05300925925925927,1.083333333333334,0.42037306134814256,0.01996619635508525,1.1944444444444446,0.4667585980351541,0.10698559670781893,1.4722222222222223,0.5381178813057697,0.011454716435185197,0.6018518518518517,0.48225212027777453,-0.0036784781576448254,0.9027777777777777,0.686987271017153,0.17852564102564103,0.6555555555555557,0.4689992874112668,-0.14184027777777777,0.6611111111111111,0.7146810482807033,0.18928170594837262,0.9111111111111111,0.4191027344477576,-0.06398308481641814,0.7111111111111112,0.5682067872356852,-0.052949735449735476,0.7277777777777776,0.8011583925343686,-0.15229166666666658,0.711111111111111,0.8507484582247626,-0.013973063973063972,0.7611111111111111,0.595154769433607,0.0331088664421998,0.8777777777777782,0.5723676312730938,-0.10932940516273854,0.7708333333333335,0.7076374839460052,0.04946364869771732,0.916666666666667,0.5484385139063694,0,0,0
V2-01.08.2024-C1SN.V15.csv,0.01411463844797181,0.7777777777777777,0.424808211101354,0.10170304232804235,2.416666666666667,0.7192864986048295,-0.015048840048840066,0.8333333333333333,0.40106028840643965,0.005934927983539098,1.1722222222222223,0.4559197471106603,-0.053058038881793675,0.5333333333333333,0.37478107820860795,0.003386306507992608,1.027777777777778,0.4887031799239029,0.09541488603988603,1.5555555555555554,0.5067407178956318,0.06255120327700973,0.7777777777777777,0.39558590065810856,-0.06664562289562291,0.5833333333333334,0.49707417021099404,-0.01925088183421517,0.8833333333333332,0.6677927489062098,0.08221288515406162,0.7222222222222223,0.5797068367711669,-0.017716049382716106,0.8166666666666668,0.6880704718729799,0.12499999999999997,0.7222222222222221,0.619989172545839,-0.02923433683237607,0.7,0.44211921207664384,-0.0025641025641026717,0.6888888888888891,0.6089672422829773,-0.027129629629629573,0.7222222222222221,0.582931151774539,-0.030439814814814826,0.9583333333333335,0.624778800989201,0.0646604938271605,0.8222222222222222,0.5458363938742012,0.002209876543209861,0.9027777777777777,0.46512265190358565,0.054485569345941676,1.0277777777777777,0.518751512277505,0,0,0
V2-01.08.2024-C1SN.V42.csv,0.03855571934840228,0.8888888888888893,0.38654393125929953,-0.030599647266313937,1.388888888888889,0.5060230931141056,-0.1257020757020757,0.7277777777777779,0.5850662216121619,0.19049768518518517,1.7592592592592593,0.6919667441305453,0.05610830527497194,0.8611111111111112,0.4266541969358857,-0.05665133477633478,0.7499999999999998,0.42089027478497926,0.005734262779660174,1.8888888888888893,0.573299837965727,0.02486954183382755,1.2222222222222223,0.43610945504155757,-0.028223593964334708,0.5333333333333335,0.3903668302495326,-0.014925240929705205,0.8111111111111111,0.44368387133536447,0.1612962962962963,0.875,0.6038634676775305,-0.1240605787974209,0.5777777777777778,0.6016979223720523,-0.014876543209876554,0.8722222222222221,0.5551059100417238,0.039424951267056536,0.7833333333333332,0.41841201845512044,-0.016082451499118168,0.7611111111111111,0.46772306129857877,-0.03539186507936508,0.6166666666666666,0.5313123323887512,-0.061452241715399605,0.7833333333333334,0.4584551933833436,0.071011396011396,0.7444444444444445,0.4402402803672921,-0.059432098765432075,0.8611111111111113,0.5904429761571209,0.011080775285320742,1.1805555555555556,0.4955052832647169,0,0,0
V2-01.08.2024-C1SN.V43.csv,0.017807577692635166,0.6666666666666666,0.399131373766894,0.23837129054520362,4.444444444444445,1.1165443229969754,-0.11711915535444949,0.9055555555555556,0.48114426185937254,0.04172086624726048,1.038888888888889,0.4879516253175665,-0.017704342273307756,0.5666666666666668,0.39609373020047167,0.03804909560723514,0.9722222222222219,0.42077440997189813,0.07963001303581015,1.6388888888888888,0.5354934795713127,0.012000234681686268,0.8055555555555554,0.3959147620093719,-0.04239766081871347,0.4666666666666666,0.36173479155051214,-0.00468835601167044,1.0277777777777777,0.5988414735107739,0.06322412155745487,0.7999999999999999,0.5694319619062488,0.02563198118753674,0.7055555555555555,0.6285005635369759,-0.08376068376068377,0.7388888888888889,0.5390092520305784,-0.11731078904991948,0.7277777777777779,0.5697505873280954,0.01265019475803791,0.6777777777777777,0.5416278095058795,-0.05458384208384223,0.7166666666666666,0.7172569596148548,-0.027840732252496954,0.8333333333333333,0.6241488234839754,0.09180672268907562,0.9888888888888884,0.5067305042324676,-0.06783205619412518,0.7611111111111112,0.5853524551161329,0.06089824929199306,0.8333333333333335,0.4841900357181306,0,0,0
V2-01.08.2024-C1SN.V48.csv,0.12798282711777523,0.7611111111111111,0.490098683329111,0.09731040564373898,1.0694444444444446,0.5733354645711405,-0.17692307692307693,0.9666666666666666,0.6156725643982413,-0.028009259259259275,1.2166666666666666,0.5309573853214915,0.2051311728395062,0.5555555555555557,0.21603835073846295,-0.058506122755615696,0.8055555555555558,0.5274580103982178,0.01589928103085994,1.6944444444444446,0.6296253064516213,0.07950102880658434,1.0555555555555554,0.5036820720746097,0.03676470588235295,0.6805555555555555,0.47800435661393575,6.818068221576937e-4,0.888888888888889,0.6668489558447033,0.18753086419753082,0.7777777777777779,0.5422708233247026,-0.03985890652557319,0.75,0.81636797331586,-0.004158544509421648,0.7333333333333333,0.7461078484266958,-0.10826558265582657,0.7555555555555555,0.6426470040431959,-0.053494776828110144,0.7388888888888887,0.8052276751302654,-0.054703139997257635,0.8722222222222221,0.7462038046271087,-0.21115921115921116,0.8222222222222223,0.7177945422019196,0.1527777777777778,0.8944444444444443,0.39518384011711805,-0.034960316483901036,0.8888888888888888,0.6415977394411713,-0.011441038739889308,1.3611111111111107,0.5017825726682161,0,0,0
V2-01.08.2024-C1SN.V49.csv,0.09218559218559218,0.6851851851851852,0.527057952329043,-0.040653935185185196,2.9166666666666665,0.6808676150977158,-0.05228758169934643,1.0925925925925926,0.6126343702906504,-0.012909544159544152,1.25,0.7389337950033459,-0.034203029320216814,1.1388888888888893,0.5166254359788042,0.009727872864446943,1.0833333333333335,0.5016484796531744,-0.036980920314253644,1,0.6216536774040946,0.02238247863247864,0.9259259259259259,0.5406445679515055,0.0013888888888888627,0.7407407407407408,0.5036571440758848,-0.011215885119479886,1.361111111111111,0.8068196659269478,0.13243793243793242,1.0092592592592589,0.5622570019472913,0.04588624491173215,0.9444444444444446,0.9352255156272067,-0.16718946837994453,0.7222222222222223,0.7851604505894941,0.013411654725992976,0.9444444444444438,0.7163306037417246,0.10657519868046188,0.6851851851851852,0.6714852359519584,-0.16167879188712525,0.8240740740740741,0.6732096884451044,0.10743897306397307,1.3888888888888888,0.7674068662453393,-0.1441077441077441,0.7870370370370369,0.7868242448671027,-0.007000547345374981,1.083333333333334,0.6299424835979327,0.0038566272997416808,0.9074074074074074,0.6094165528864994,0,0,0
V3-01.08.2024-C1SN.M07.csv,0.004429160280224116,0.7777777777777781,0.46826270041997325,0.2046296296296296,5.083333333333333,1.2491181832710072,-0.16948005698005694,1.1666666666666667,0.6743366776016931,0.050489285271893905,2.0277777777777777,0.7391924424409383,-0.02593610093610092,0.8722222222222223,0.7227834113097348,-0.11402466168091166,0.8944444444444445,0.482658493647083,0.04822045855379189,1.4722222222222223,0.498025496871352,-0.011678816825875654,0.833333333333333,0.4460735519054226,0.133048433048433,0.9027777777777777,0.4507954130553927,-0.061228289625028756,1.1944444444444444,0.6417000084160605,0.15871212121212122,1.1222222222222222,0.46386397592329975,-3.7722908093279804e-4,0.9055555555555556,0.6358787926807947,0.04913076341647769,0.9333333333333333,0.4584390567160266,-0.019560185185185187,1.0166666666666666,0.5299036538589952,-0.03596605445906433,0.9555555555555555,0.6375239930376381,-0.083641975308642,0.9944444444444442,0.774002817323957,-0.147119341563786,1.0333333333333334,0.7197632072891639,0.14585218702865763,1.3166666666666667,0.5472148366980892,-0.09168391994478954,0.9930555555555556,0.6063567698802809,0.09035268358185028,2.361111111111111,0.5845805312079809,0,0,0
V3-01.08.2024-C1SN.M31.csv,0.06331058846302749,0.8888888888888888,0.39258450324216926,-0.03803606237816763,2.3125,0.6848992887157528,-0.05512820512820514,1.1333333333333333,0.5406065672823388,-0.06250748323754791,1.1333333333333333,0.6031246086613096,0.13720043572984755,0.8333333333333333,0.2998473661884238,0.02465706447187929,1.2222222222222219,0.5822186217740063,-0.006060574111560952,0.6111111111111109,0.34468376115832455,0.009177023693152734,0.6722222222222222,0.3348649487918718,0.05315904139433549,0.7222222222222219,0.4163944659779993,-0.02378585693536683,1.2777777777777777,0.6916345535318109,0.079662698412698435,1.038888888888889,0.4873190278172757,-0.13796296296296295,0.5333333333333334,0.5397285908612428,0.27433155080213906,1.7222222222222223,0.6057098760299434,0.0016531713900134913,0.9444444444444443,0.5208851270524214,-0.07956215324636376,1.038888888888889,0.7278267606396033,-0.05654761904761904,1.0833333333333335,0.6933978309023535,-0.030185758513931887,1.038888888888889,0.46152699526548085,0.07270312807397207,0.9055555555555557,0.3788796704394534,-0.030362893949850474,0.9814814814814814,0.6157758649173116,0.01387373093137442,1.0277777777777777,0.47429374670708163,0,0,0
V3-01.08.2024-C1SN.T10.csv,0.028581926896973912,1.3333333333333333,0.431647634212371,-0.06274928774928788,1.5694444444444433,0.946103746000211,0.03234126984126984,2.361111111111111,0.7051588920599005,0.06165824915824917,1.027777777777778,0.3669392057033281,0.028326023391812883,0.6055555555555555,0.3386736618654631,-0.09454600612008023,0.8444444444444444,0.40736803496361756,0.015741809630698534,1.3333333333333333,0.47183968896882716,0.09844343542260209,0.9166666666666665,0.42407341372463836,0.027674897119341426,0.8333333333333304,0.49722652157609487,0.023240183792815373,1.05,0.5142203187567196,0.11262282690854121,2.305555555555556,0.7768632040759715,0.022222222222222216,1.1944444444444444,0.544129985460681,0.023666666666666666,1.05,0.5868754421821452,-0.007967836257309947,1.0666666666666667,0.46031088577432316,-0.038974140380790015,0.961111111111111,0.6513748848155363,-0.09055735930735931,1.1444444444444444,0.8669493600906103,-0.09513888888888888,0.8722222222222223,0.5210680843511831,0.06332070707070707,1.2111111111111112,0.49708483597769726,-0.07781171142823651,1.161111111111111,0.5452697003174013,-0.020235881883726298,1.2,0.3573688322863251,0,0,0
V3-01.08.2024-C1SN.T81.csv,0.04442923540430265,0.7916666666666666,0.39083580532462897,0.06726941623063507,1.3148148148148149,0.6117727694466703,-0.10384615384615388,0.6888888888888889,0.48599408440755637,0.007942708333333333,0.9444444444444443,0.5352827027557848,0.010723927252060183,0.7111111111111112,0.31073193659002685,0.043923076923076926,0.7222222222222223,0.4735867451795702,0.026046728215095554,0.8888888888888888,0.29188976606588285,0.009324111287026893,0.7222222222222223,0.34153415961709094,-0.007210219478737993,0.6944444444444444,0.40839921104441473,0.12009121535723366,1.5555555555555554,0.6746986978956879,0.12081128747795415,0.8222222222222222,0.5030571090437537,-0.0989861853832442,0.8944444444444445,0.4989925909246075,-0.03210289166171519,0.8833333333333334,0.5401584885400836,-9.421702404158778e-4,0.8944444444444445,0.4823105612214204,-0.07430214003104027,0.9388888888888889,0.6091588889685489,0.01899305555555558,0.8722222222222221,0.628990775131914,-0.07283399470899472,0.9277777777777778,0.5047876960314517,0.13862847222222222,0.9388888888888889,0.406847959346212,-0.01850145075951529,1.833333333333333,0.6123396665268583,0.07160493827160494,1.1111111111111112,0.45997260531874806,0,0,0
V3-01.08.2024-C1SN.V12.csv,0.052464964964964896,0.9444444444444446,0.40796430754939694,0.28706488443330547,5.694444444444444,1.3758018992091092,-0.0860805860805861,0.8777777777777779,0.5744994475956531,0.07045304232804239,1.416666666666667,0.5896791331273129,0.04299516908212561,0.4444444444444445,0.3160971205877859,-0.0939153439153439,0.5444444444444445,0.3130568084455835,0.008893396826681594,1.388888888888889,0.44407906530090663,-0.01482559811364159,0.4833333333333333,0.5189605549938724,0.05846560846560849,0.6666666666666665,0.5038564553273395,-0.04882856341189672,0.8777777777777773,0.47690251101005954,0.059570494864612356,1.0833333333333304,0.6199624010294267,0.022554268648018645,0.8388888888888889,0.5657395105921322,0.0714786637863561,0.7333333333333333,0.3303828757424248,-0.05519818063677721,0.75,0.609430567468792,0.01017832647462276,0.6833333333333333,0.6499685849631245,-0.084619341563786,0.7222222222222223,0.7843108345404673,-0.01967063492063494,0.875,0.5811765822133527,0.05793209876543209,0.8333333333333333,0.5375903367417211,-0.008765589569160992,0.7777777777777777,0.5693717833613738,0.005784556668106116,0.7833333333333332,0.4957774813702298,0,0,0
V3-01.08.2024-C1SN.V15.csv,0.064725210650095,0.9166666666666665,0.4551535990589639,-0.03979166666666667,1.8541666666666667,0.5233967667057046,-0.10535300925925928,0.8944444444444443,0.5659595272313088,-0.015357142857142958,1.1222222222222222,0.4241592534929144,0.021354166666666678,0.4666666666666667,0.32445224297768543,-0.11714581714581715,1.2222222222222223,0.641340401467148,-0.04303105779169611,1.2777777777777781,0.4928640829062564,0.001659285159285162,0.9305555555555557,0.38659374481544595,-0.013599537037037077,0.5333333333333334,0.42972895812592027,-0.010457516339869282,0.7777777777777779,0.4479787227217847,0.13846153846153847,0.6499999999999999,0.3532365166860317,0.03397056989649589,0.75,0.624051240301055,-0.04565476190476197,0.711111111111111,0.602706312822747,-0.0370949074074074,0.6611111111111112,0.5026800955310915,0.1017636684303351,0.6111111111111112,0.44990387380475455,-0.02981956315289648,0.7,0.6602110036725974,-0.11356725146198832,0.7,0.4610627340967285,0.10251661918328596,0.7722222222222224,0.294155281377635,-0.07930629041740153,0.6888888888888889,0.4950072901245853,-0.03790636570850997,0.6777777777777778,0.4762350549478689,0,0,0
V3-01.08.2024-C1SN.V42.csv,0.032458493930533405,0.6527777777777779,0.29474634518785153,-0.057090643274853775,0.972222222222222,0.5497780008415861,-0.13205128205128205,0.7,0.5419735780376335,0.02876455026455026,1.236111111111111,0.6348322736684471,0.07354497354497355,0.6166666666666667,0.39920480508319717,-0.16792592592592595,0.9027777777777777,0.7673133064267026,0.013541666666666658,0.5555555555555556,0.3086022350958801,0.04198030859036295,0.6805555555555556,0.39110229221652354,-0.08972800925925928,0.6944444444444442,0.7719723116564982,0.01661128832181464,0.7388888888888887,0.4853318830901007,0.11268993352326688,0.75,0.6300715340648851,-0.06111111111111114,0.6277777777777771,0.6273679422630901,0.0042511581985266115,0.7388888888888887,0.587987249298776,-0.09319659196785851,0.8666666666666665,0.8187482676924768,0.06551226551226554,0.7611111111111112,0.6163295398916508,-0.09185185185185185,0.8194444444444444,0.528066406736477,-0.03526936026936027,0.5888888888888889,0.34390661642087833,0.10238095238095239,0.8111111111111111,0.3547112992563189,-0.035582541097246984,1.083333333333333,0.43149448404048496,-0.030177601316605834,0.666666666666667,0.37499106090829676,0,0,0
V3-01.08.2024-C1SN.V43.csv,0.03531883399537908,0.9861111111111112,0.4348521511759205,-0.03491843644198216,1.05,0.44780839712357495,-0.028596866096866097,0.7888888888888889,0.4478683435037159,-0.0046236942070275325,0.8194444444444445,0.4781384370127374,0.08395061728395067,0.5277777777777778,0.3130944114909933,0.03685185185185182,0.7222222222222223,0.42479181566534485,-0.011846456418824838,0.8222222222222222,0.44760396369654315,-0.009918501180836701,0.48611111111111094,0.374912191732274,0.05689300411522636,0.8222222222222222,0.5013409178094982,-0.08442374583578292,0.8222222222222222,0.6691743598130462,0.08298629570559397,0.7944444444444445,0.5679428344024283,-0.007549028065332409,0.8240740740740741,0.612721759949845,0.01984126984126984,0.9055555555555557,0.5204504922309363,-0.020045484080571788,0.9277777777777778,0.5736588379982164,-0.01618042123361272,0.7722222222222224,0.6314832091451613,0.029249762583095917,0.7611111111111112,0.6367694567967628,-0.06889445836814258,0.7500000000000001,0.5377369463939153,0.04705882352941176,0.8777777777777777,0.5339085354774058,-0.05916119321291735,0.8222222222222223,0.5993179906926035,-0.01865632354762788,0.6611111111111112,0.41727114898200324,0,0,0
V3-01.08.2024-C1SN.V48.csv,-0.004837729747313829,0.8055555555555554,0.5218727611171748,-0.10846560846560846,1.1916666666666667,0.6000718488563911,0.04461279461279461,0.8388888888888889,0.6239841975865738,0.03450751476113795,1.4333333333333331,0.5912475212775954,0.02272708228590579,0.5222222222222224,0.39838280327904885,0.05513176638176639,1.4444444444444446,0.5700888658709194,0.02780589119064617,0.7222222222222223,0.4280269287935961,0.06874379370044405,0.8333333333333335,0.5641632795884778,-0.006543209876543224,0.6111111111111116,0.5461482476579813,-0.10573967236467238,0.8555555555555557,0.7931459040230283,0.16313131313131313,0.7166666666666665,0.5459208553581131,-0.021324786324786325,0.6777777777777778,0.712285453568669,-0.041804912551440275,0.788888888888889,0.6859005952439211,0.0520833333333333,0.75,0.6656098877223391,-0.014962121212121217,0.711111111111111,0.7018622827385558,-0.027494331065759613,0.6055555555555557,0.6448162468812908,-0.08057179987004551,0.7222222222222221,0.564145276491855,0.13463541666666667,0.861111111111111,0.456325419030086,0.022639748501817478,0.7777777777777786,0.5926114968361271,-0.0032679515705172743,0.7777777777777777,0.6062058314047896,0,0,0
V3-01.08.2024-C1SN.V49.csv,0.04920298142129127,1.6944444444444444,0.5249842247808731,-0.052362707535121344,2.462962962962962,0.606657027898191,-0.15090968161143598,0.9259259259259259,0.682563273066146,0.008619177890011246,1.4074074074074072,0.6671555645178862,0.019255050505050483,0.7870370370370372,0.40347111003930847,-0.05436507936507937,1.1111111111111112,0.5560900878384661,0.005833887163001088,1.2777777777777781,0.5167277238790744,0.05954218106995884,1.1388888888888888,0.5127709829311589,-0.01785714285714287,0.9722222222222223,0.6619112249567096,-0.008980785296574714,0.9814814814814814,0.5348290065885153,0.033602150537634407,2.0555555555555554,0.6056362120912412,0.12802942439533918,1.212962962962963,0.6006405134774012,-0.04432209987765543,0.7685185185185187,0.6652340288172394,-0.014625420875420875,1.333333333333334,0.5456041506756302,0.0679454926624738,0.8055555555555556,0.790803723422292,-0.06253633596662225,0.7037037037037037,0.8532688346182864,-0.11155641233766232,0.9722222222222223,0.8072953788528764,0.16655687307861217,1.0185185185185188,0.4704696783280792,-0.10740614075087399,0.9444444444444446,0.7031540217166998,0.00817911749175779,1.388888888888889,0.44923020589256635,0,0,0
V4-01.08.2024-C1SN.M07.csv,0.009493218504482573,0.65,0.31468495042389755,0.03541452991452989,1.5833333333333333,0.5804805024955493,-0.037419871794871794,0.4833333333333333,0.3645701413244218,0.0412773569023569,0.555555555555556,0.3351505540357192,0.007484567901234572,0.3944444444444445,0.27008512322155914,-0.06599616858237546,0.5666666666666667,0.3928978841114995,0.05009812801932367,1.2222222222222223,0.4379442107449125,6.016419909261877e-4,1.0277777777777772,0.33833561545953234,-0.02516339869281045,0.5277777777777778,0.4650107759896456,0.05016064535515336,1.3611111111111107,0.408509063419625,0.033744855967078186,0.7222222222222223,0.326264032612641,0.045230352303523035,0.36111111111111105,0.19740927294753371,-0.058184456868667404,0.7166666666666666,0.4520756087813624,0.04597222222222225,0.8444444444444444,0.4254316645503473,-0.03326734539969835,0.8833333333333334,0.5562399128737401,-0.0522875816993464,0.6888888888888889,0.46683289637479713,-0.05557992202729044,0.9444444444444443,0.46864416637097855,0.024081196581196583,0.9166666666666666,0.45731383351483335,-0.034742039899590425,0.711111111111111,0.4413714683762184,-0.058669847833535814,0.7833333333333333,0.37078948783970656,0,0,0
V4-01.08.2024-C1SN.M31.csv,-0.025120863160078843,1.333333333333334,0.5384694119569895,-0.04221521942110178,0.5111111111111116,0.30472020690016416,0.030399750712250723,0.9777777777777776,0.6036073831965836,0.04967948717948721,1.5416666666666667,0.6617457371205615,-0.01960784313725489,0.7166666666666666,0.4152748037158993,-0.03690932311621964,0.7277777777777777,0.48787846234167087,-0.006668752656280768,1.8611111111111112,0.3913690407614866,0.052859575824692105,0.75,0.37708951465079854,0.04396523716699165,1.0444444444444447,0.52435063398103,0.002987754104903869,1.3888888888888888,0.5965779615655785,0.08271103896103896,1.0944444444444446,0.6451817296922324,0.06262626262626263,1.027777777777778,0.7326608417193312,-0.09218374218374215,0.9666666666666668,0.6577367657141802,-0.14166839575336296,0.8833333333333329,0.6052242744952642,0.11204594017094016,0.961111111111111,0.6001468914568997,0.09066951566951566,1.1388888888888888,0.6512883353633256,-0.0632066276803119,0.9444444444444444,0.46213504594250115,-0.05789153439153438,1.0222222222222221,0.5954356651833194,-0.05034508247743542,0.9388888888888889,0.44496369720388484,0.06847706242898245,1.0055555555555555,0.48690846430963675,0,0,0
V4-01.08.2024-C1SN.T10.csv,-0.003432257043368143,0.75,0.4253912918565828,0.030908289241622533,4.569444444444445,1.1244856115664161,-0.11214726631393297,0.888888888888889,0.5428560317893016,-0.0016975308641975374,0.638888888888889,0.3195887802387685,0.0605034722222222,0.6111111111111116,0.3644076627039363,0.02417071954108989,1.8055555555555554,0.5270651030537793,-0.05449714103560259,0.65,0.36563555590990415,0.03057835297418631,0.8888888888888888,0.3999788764366145,0.07930309536589727,1.7222222222222223,0.6604043043239404,0.02744016917228056,1.9722222222222214,0.6592161236673983,0.03014403292181066,1.2555555555555553,0.6541750909132976,-0.04002525252525249,0.7055555555555555,0.5796353746178864,-0.021501976284584938,1.2,0.6337330422847954,0.08898148148148155,2.0277777777777803,0.6655207893738035,-0.030041152263374477,1.3,0.6144960801081308,-0.009912854030501135,1.3277777777777777,0.9011905278857196,-0.1075156325156325,1.1333333333333333,0.6750830164923358,0.06204989711934156,1.2333333333333334,0.5269233786284683,-0.04925925925925925,1.1944444444444446,0.49808597275152505,-0.01442170240415855,1.05,0.39198886810685535,0,0,0
V4-01.08.2024-C1SN.T81.csv,0.001479492421949042,0.6722222222222222,0.33777889140613265,0.05941358024691359,2.291666666666667,0.5773798437738731,-0.10962962962962962,0.8555555555555557,0.42376346033085655,0.02865665547117159,0.8833333333333332,0.4231614802769646,-0.013466775599128537,0.6666666666666666,0.3706337517943638,-0.07437097423510466,0.5777777777777777,0.40072616814157214,-0.019645018501227646,0.4833333333333334,0.2531397566598527,0.006195047463429813,0.8333333333333333,0.3654948894268869,-0.012573099415204675,0.5444444444444444,0.42506772053743747,1.1204481792716908e-4,1,0.3857940299059283,0.05331088664421997,0.7833333333333332,0.38955872893439325,-0.05953019781144781,0.8222222222222223,0.4973289477220806,0.0421318447634237,0.7111111111111112,0.40129301918902766,-0.04913194444444444,0.7,0.38747567690705265,0.0029539049919484793,0.8333333333333336,0.5312731288829357,0.005966583570750225,0.7944444444444444,0.49969169156250454,-0.050655624568668046,0.9777777777777779,0.4869210330132412,0.021365914786967425,0.7388888888888887,0.317172495824507,-0.08576320403243481,0.8277777777777778,0.5074951980853015,0.03330707109542172,0.6875,0.3260937509068909,0,0,0
V4-01.08.2024-C1SN.V12.csv,-8.122157245025255e-6,0.7222222222222222,0.3671966988925495,-0.11224198506807204,0.6944444444444442,0.5177366626393994,-0.011868686868686867,0.8444444444444444,0.5166996568157708,0.021837678782123254,1.0555555555555554,0.577995048771053,0.006725146198830397,0.7314814814814815,0.43803050359516493,0.09218304843304843,1.4166666666666667,0.5091503137157463,-0.007584972394755014,0.9722222222222222,0.42988156865228205,0.007745370370370357,0.6111111111111107,0.3536909526770125,0.02663690476190471,1.6111111111111107,0.6639208152785979,0.03552737520128825,0.8240740740740741,0.4970050010459104,-0.02925240054869685,0.7222222222222221,0.6360760528982711,-0.015138780860196514,0.8888888888888888,0.5294464005749651,-0.02996031746031746,0.7111111111111111,0.4914193201222117,-0.03204089506172839,0.5111111111111112,0.3829640535769069,-0.17888921645702305,0.6722222222222222,0.6361225170970933,0.0563627730294397,0.65,0.5169999923236505,-0.06352237654320987,0.6277777777777779,0.4509111736856072,0.03576388888888889,0.5486111111111112,0.3483338565125669,0.02496974098281289,1.2777777777777777,0.40693210926748113,-0.025335586909660996,0.5555555555555556,0.3461486673098782,0,0,0
V4-01.08.2024-C1SN.V15.csv,-0.007831790123456786,0.7,0.4482343715189148,-0.044201631701631605,1.3055555555555558,0.638821772137946,0.02043209876543212,1.0833333333333335,0.4834358821387429,0.017528864897285903,1.1851851851851851,0.4695836840309842,0.053129133597883606,0.6944444444444444,0.43312858739151927,0.09159335288367546,2.5555555555555554,0.6828867327357302,0.03482629708188113,0.9722222222222223,0.3469109375592716,0.08514209555876225,1.4444444444444446,0.5147114303705067,0.010957414904783344,0.6666666666666661,0.4677777430879973,0.1042039165602384,1.083333333333333,0.6277864346388038,0.17185185185185187,0.711111111111111,0.3482551713620773,-0.11723646723646725,0.7222222222222221,0.6811435624789774,0.09819624819624824,0.7222222222222221,0.4435065345875477,0.026275857797596867,1.037037037037037,0.45535704916327885,-0.08637508875604111,0.8222222222222222,0.5615982671156877,-0.04306742640075974,0.7444444444444444,0.5230479682323367,0.022608024691358,0.8444444444444447,0.4700646866929614,0.0779788838612368,0.8555555555555555,0.2979698026757881,-0.003717857403754844,0.8472222222222223,0.4766723787607567,0.03458725951185015,1.0277777777777777,0.4986758698883466,0,0,0
V4-01.08.2024-C1SN.V42.csv,0.003542137382597905,0.5055555555555556,0.365888166994241,-0.02458847736625513,0.5944444444444444,0.3698028361714175,-0.03282828282828284,0.9333333333333333,0.5341166385855406,0.029019129019129022,1.2277777777777776,0.531820543921158,0.006378600823045283,0.8722222222222223,0.5635699958740031,-0.02046296296296297,0.8611111111111107,0.3524476831437386,-0.0011145338431934407,1.3888888888888886,0.4023008452626431,0.047467544710191774,0.7222222222222223,0.43648164442669263,0.0070261437908497055,1.013888888888889,0.5401359404356711,-0.028089645397337708,1.0944444444444443,0.5805934511036304,-0.02836661546338966,0.6777777777777777,0.37600974286108446,0.08353587962962963,0.6888888888888889,0.40897673928044154,0.009995971107082198,0.6611111111111112,0.4359728202843971,0.07291666666666667,0.8444444444444447,0.5584070340153856,-0.03999999999999998,0.6,0.6842947166676498,-0.13036701860231276,0.7166666666666666,0.68996771137105,-0.11314629165506358,0.7611111111111111,0.7970295719848363,0.06367243867243867,0.7833333333333334,0.4934141809372509,-0.06454514278588352,0.7,0.522460064309662,-0.002419773024507521,1.083333333333333,0.4416658399688267,0,0,0
V4-01.08.2024-C1SN.V43.csv,-0.03165823239865052,0.8055555555555558,0.5500918326640106,0.05018939393939394,1.0902777777777777,0.3773705923621295,0.007478632478632475,0.888888888888889,0.5085197298101664,-0.008350480109739359,1.1166666666666667,0.5024333804146884,0.030262345679012297,1.0277777777777768,0.5468745710971321,-0.019638888888888872,0.9722222222222223,0.48461034538791664,0.015937746256895195,0.916666666666667,0.3490055618689278,0.06124803673823282,1.1944444444444444,0.44242554149775803,0.08136574074074075,1.1666666666666665,0.5263846965317955,0.022543814386327025,1.0277777777777781,0.6471491531551103,0.09183673469387756,0.6666666666666666,0.43233844256939685,0.03368945868945869,0.7611111111111112,0.5182033789999485,-0.006776556776556768,0.8055555555555557,0.7224831731213357,-0.038446969696969695,0.8749999999999999,0.563537352006143,0.03984638047138044,0.6777777777777777,0.5964027999332031,0.03333333333333338,0.75,0.5903545701682325,-0.10413105413105413,0.6611111111111112,0.44908420994817416,0.09181069958847737,0.7833333333333334,0.39727317736914836,-0.033892850069320656,0.75,0.41832134680947247,0.022381041635427597,1.0277777777777777,0.36869485145806713,0,0,0
V4-01.08.2024-C1SN.V48.csv,0.022584976751643424,0.6888888888888889,0.3254104573158891,0.0011574074074073965,1.574074074074075,0.5086394060168989,-0.08680897646414887,0.8944444444444445,0.5640466484350118,0.01009210268469527,1.4944444444444445,0.683749886001763,0.04343323586744637,0.5888888888888889,0.4765675881522576,-0.06663105413105412,0.666666666666667,0.47676164460991066,0.007936105476673425,1.333333333333333,0.4819712773074748,0.019982363315696663,0.5416666666666667,0.37823540402627454,0.032465277777777794,0.9351851851851851,0.46147556977937704,-0.03559491338884105,0.9444444444444443,0.6308343510211055,0.014537037037037043,0.7722222222222223,0.659502133186628,0.16533713200379865,0.7333333333333334,0.6986466038369799,0.02769841269841267,0.7944444444444445,0.7906927635506029,0.07510683760683746,0.8055555555555536,0.687349126309285,-0.010858585858585876,0.6611111111111112,0.7088597766416967,-0.0862962962962963,0.7611111111111113,0.7279064065012165,-0.12401795735129065,0.75,0.6168423088666999,0.08916947250280582,0.8444444444444443,0.5168579156924665,-0.0731778252611586,0.7333333333333334,0.6535991068279792,0.017057978155539135,1.1944444444444446,0.5945618491136652,0,0,0
V4-01.08.2024-C1SN.V49.csv,0.017605042128697537,0.6666666666666666,0.49460200610257365,-0.08847736625514403,1.5740740740740742,0.5404421797375535,-0.014691358024691351,1.2037037037037035,0.6969719319530505,0.0041761148904006055,1.2685185185185186,0.6573463036686049,-0.010444223985890658,0.7870370370370369,0.40155035248712956,-0.010841049382716052,1.0277777777777777,0.5637038833847502,-0.020143652350337545,1.3888888888888888,0.5704596534946857,-0.0056210056210056,0.7222222222222222,0.5208727703400567,0.083501919286233,0.8425925925925926,0.47050564989878335,-0.10389044506691567,1.5000000000000018,0.695622741720514,0.12973484848484848,0.6666666666666666,0.5147949876717657,-0.036947895100068996,0.7407407407407408,0.7137073206661333,0.005599730931799188,0.7870370370370369,0.6937027369690979,-0.13799283154121858,0.7129629629629631,0.6524826617670867,-0.03319032620107889,0.75,0.5443236497255068,0.04351276742581089,0.9444444444444442,0.7604526475492709,-0.057911706349206345,0.7592592592592592,0.7511559603987379,-0.1075960219478738,1.0462962962962963,0.6543977073595311,-0.0014326131687242762,1.1666666666666667,0.5458486693287716,0.021835446218162278,0.916666666666667,0.5815509538075253,0,0,0
V5-01.08.2024-C1SN.M07.csv,0.06458091366627952,1.1666666666666667,0.35955451153698426,-0.03558935920047033,1.6388888888888886,0.7521883471988313,0.040354938271604926,0.8555555555555557,0.4949138773240346,-0.028675144300144343,1.8611111111111107,0.8409816424743373,0.025233426704014968,0.5555555555555556,0.42171098740261886,-0.0982689210950081,0.5444444444444445,0.5062711774114882,0.0270206043275896,1.3333333333333321,0.42141793059444455,0.007072959246872299,0.8333333333333335,0.3436971900225142,-0.0987847222222222,0.45555555555555555,0.5829239910763907,-4.2966211825868977e-4,1.777777777777775,0.6713854806381792,7.557189542483543e-4,1.263888888888889,0.8490397405734227,-0.02699430199430199,0.8111111111111111,0.6812287598105305,-0.040170304232804196,0.7333333333333328,0.7064893827894942,-0.06831081376535926,0.7944444444444445,0.5385550850666019,0.07124183006535947,1.5277777777777777,0.7380222447165408,-0.13795458354281886,0.7166666666666671,0.7513033343857833,-0.011375661375661362,0.6777777777777777,0.6376482416562784,-0.001439701897018874,0.8944444444444445,0.6058921776048957,-0.07344650205761315,0.6277777777777777,0.49308738392220935,-0.0383744678003649,1.083333333333333,0.4983852646112449,0,0,0
V5-01.08.2024-C1SN.M31.csv,0.05333662064431295,0.8777777777777773,0.31203025729669087,0.08540305010893247,2.944444444444445,1.0087584748382068,-0.056010101010101024,1.2055555555555555,0.6586315787873062,0.09591920549581838,1.777777777777778,0.6754550881887224,0.09861111111111112,0.8777777777777779,0.3437587079013596,-0.03637891737891736,0.8,0.4052291385817964,-0.001348597187412972,1.027777777777778,0.33715263568845744,-0.012664125673125207,0.45833333333333326,0.2597758790295864,0.058167989417989424,1.994444444444444,0.7040091719288686,0.03043766328080053,0.8055555555555558,0.4074497866509942,0.09153874269005849,0.9333333333333332,0.5051885240699528,0.01941964285714288,0.9722222222222221,0.6585653116351092,0.013888888888888784,0.9777777777777779,0.6490324655126567,-0.09393388010790649,1.011111111111111,0.6233823403897342,-0.03905895691609976,0.9277777777777778,0.6324547796134131,-0.030002834467120224,0.9166666666666667,0.638607694218915,-0.005779405779405763,1.0277777777777777,0.6248409925433756,0.08773579480101219,1.2083333333333335,0.4999354595795901,0.04107142857142857,1.1,0.5788592226853698,0.0048671088805892805,0.8944444444444443,0.4137695539892954,0,0,0
V5-01.08.2024-C1SN.T10.csv,-0.011609239323055106,0.6944444444444442,0.40352561242126955,0.1643649722597091,5.083333333333334,1.0711091820799727,0.005015432098765212,0.9666666666666665,0.7461046748180326,0.026996361892195234,1.583333333333334,0.6838395368913763,-0.13293209876543213,0.7000000000000001,0.4814102150995227,-0.018460134363038182,0.6944444444444446,0.40262448989987176,-0.024398937289562272,1.1666666666666665,0.5065284123346468,-0.013668430335097,0.7916666666666666,0.4613781118215997,-0.02165032679738562,0.6111111111111112,0.5236767427791131,0.008337962962962964,1.3055555555555556,0.6546969510180455,0.09658119658119659,1.1333333333333333,0.4479120425344914,-0.017268842268842264,0.8444444444444447,0.5578173617707693,-0.09803030303030305,1.3777777777777778,0.7515392173973326,-0.11753012933568491,1.027777777777778,0.5681387561964024,0.013578493265993266,1.077777777777778,0.7219113646387092,-0.031131291547958198,1.0833333333333333,0.8095706718052623,-0.025147306397306397,1.1222222222222222,0.6270585243194782,-0.028456439393939402,1.0944444444444443,0.5959461186539635,0.03640172101449276,2.333333333333334,0.6791182049971305,-0.04323056685986764,1.1666666666666667,0.5768071627650653,0,0,0
V5-01.08.2024-C1SN.T81.csv,-0.009816465401571795,0.7722222222222221,0.30958189099909467,-0.06770258980785296,1.7055555555555557,0.6084976665377697,0.057905982905982895,0.875,0.46312568365444695,0.013667471819645755,1.2314814814814816,0.4803219467634774,0.1225135975135975,0.5888888888888888,0.21955454781631312,-0.037932098765432055,0.7722222222222224,0.38502426068281687,0.031661522633744846,0.7777777777777777,0.36657886380256943,-0.028969226579520703,0.6805555555555556,0.43922325692858594,0.025063381834215154,1.4444444444444442,0.49315036887416414,-0.04461479036058869,0.8888888888888886,0.4856364430727954,-0.012369791666666671,0.861111111111111,0.38019195751559787,0.021527777777777785,0.7916666666666667,0.4596713020835261,0.06822916666666669,0.9055555555555557,0.5045166051646183,-0.012731481481481495,0.7944444444444444,0.43540028088337146,-0.031153610869635202,0.8833333333333334,0.533746870178511,-0.03263888888888889,0.8555555555555555,0.5377704124074746,-0.06463844797178131,0.8666666666666666,0.3802871021960581,-0.030285493827160486,0.9055555555555556,0.4690958107274619,-0.031461988304093566,1.0555555555555556,0.40896769172847164,0.0072064303855042785,1.1388888888888884,0.3924736234578965,0,0,0
V5-01.08.2024-C1SN.V12.csv,-0.02516561276723879,0.7277777777777776,0.39069745348523927,-0.15318019943019937,1.2555555555555558,0.6085514031811274,0.03636363636363636,0.7444444444444445,0.43116525745566814,-0.0446609477124183,1.1111111111111112,0.49923254184595794,-0.042013888888888885,0.5555555555555556,0.41884231369914854,0.01068376068376069,0.7916666666666667,0.3789288791819926,0.027546296296296298,0.5444444444444443,0.35818133945340064,-0.04003872053872053,0.42777777777777776,0.3978773211606807,0.03386939571150096,0.6888888888888889,0.36899633443747326,-0.027442002442002445,1.1166666666666667,0.6363680417995242,0.03542120551924478,0.8111111111111109,0.48971972739922476,-0.03499622071050642,0.7222222222222223,0.5145418935465154,-0.0077609427609427704,0.7277777777777779,0.5776305141047694,0.03367552334943641,1.3888888888888893,0.5295240731461845,0.05441468253968253,0.9722222222222223,0.566117916013919,-0.09292929292929293,0.7333333333333332,0.6779330009372758,0.027488425925925927,0.7944444444444445,0.4043326337145654,-0.027827160493827163,0.5944444444444444,0.4265897314324064,-0.0017989417989418236,0.6805555555555556,0.39721812410439156,-0.010707685093236245,0.7277777777777776,0.4566534170703149,0,0,0
V5-01.08.2024-C1SN.V15.csv,0.03503609992971696,0.7222222222222221,0.3416385118636616,0.07646604938271603,1.0462962962962965,0.4828548569667327,0.06990740740740739,1.2222222222222223,0.7427972819652913,0.004897660818713432,1.1333333333333333,0.5250905189152946,-0.018626743626743596,0.4833333333333332,0.43685253826409576,-0.032561728395061725,0.7777777777777786,0.45740036054066324,0.06734687216890967,1.4444444444444446,0.4854369570462572,0.02006869024412886,0.5648148148148148,0.4067273228899959,0.045555215141612176,1.0277777777777777,0.6369326427576492,0.0653343056120834,1.0648148148148149,0.6223336579129655,0.09320987654320985,0.638888888888889,0.3576683784637713,0.08471153846153832,1.138888888888889,0.5930965436209642,-0.011919965942954401,0.7222222222222221,0.7148902309609371,-0.0680180375180375,1.0277777777777775,0.6858996210907079,0.07450396825396824,0.7333333333333332,0.6840496939485079,-0.06146723646723641,0.8777777777777779,0.782222340818252,-0.10726883345930967,0.7685185185185185,0.6920773495603448,0.07231795074932329,1.25,0.6990698931136623,-0.021676642972939267,0.7388888888888889,0.3679832524447498,-0.011520987026999895,0.8,0.5756194546752089,0,0,0
V5-01.08.2024-C1SN.V42.csv,0.057931611470655626,0.8333333333333335,0.44724489136468887,0.2562206055261611,3.083333333333334,0.9112765508432462,-0.04768518518518519,0.6666666666666666,0.4786605559229665,0.05854107312440647,1.0277777777777777,0.49240015306337154,0.033399470899470894,0.5555555555555556,0.3902760185712827,-0.0578875171467764,0.8888888888888893,0.4659043576464326,-0.014968041218041232,0.916666666666667,0.4401539886167321,0.018007150525266476,0.7777777777777777,0.3878479317779279,0.023425925925925944,0.4722222222222223,0.3902052468218718,-0.019590132090132096,0.8555555555555555,0.5667024437516605,0.08835470085470085,0.6166666666666666,0.44948227621899733,0.019762111038914173,0.8333333333333339,0.6384672748939338,0.008418803418803392,0.7,0.519129873853102,0.012934027777777801,0.6277777777777782,0.4802291544989343,-0.009454280615755074,0.5888888888888889,0.6577094153914902,-0.024192782526115862,0.7611111111111112,0.7982430220529476,-0.06652116402116402,0.7277777777777777,0.6263817903133113,-0.02122700932224742,0.7500000000000001,0.5344408465432484,-0.026871492704826055,0.6666666666666666,0.5725620631173033,0.05660309996516896,0.8888888888888888,0.504535251719826,0,0,0
V5-01.08.2024-C1SN.V43.csv,0.045449800290486564,1.083333333333333,0.3732378669440764,0.038532763532763525,1.1736111111111112,0.46780472616520496,-0.026452020202020202,0.8444444444444443,0.5101879168579517,-0.015401702207257737,1.2916666666666665,0.6351326338943227,0.02243589743589742,0.5555555555555557,0.470457570937644,-0.07707231040564373,0.6944444444444442,0.5495547755851786,0.047342649180884475,1.0277777777777781,0.44477578255341665,-0.00623522828383939,0.875,0.47943983046766275,0.0012152777777778147,0.9166666666666679,0.5628280650542911,0.019886363636363622,0.875,0.566267007232016,0.1388888888888889,0.8222222222222222,0.41070823830864456,0.010879629629629623,0.8388888888888889,0.5631854153574385,-0.0012500000000000005,0.8555555555555557,0.6641685609847463,-0.017376605814739682,0.9055555555555556,0.48794746272882983,-0.11863049095607235,0.8055555555555557,0.6966977225507378,0.052146464646464635,0.7944444444444443,0.6185716832581686,-0.03074561403508771,0.9055555555555553,0.6092566734153257,-0.011712962962962918,0.9666666666666668,0.6182113047618839,-0.046198559670781916,0.8777777777777779,0.49208469673327726,-0.03674768518518517,0.888888888888889,0.45422367826610477,0,0,0
V5-01.08.2024-C1SN.V48.csv,-0.00748456790123456,0.6611111111111111,0.33740422627794037,-0.007598039215686268,0.5555555555555555,0.4163372881123751,-0.029856254856254878,0.8222222222222223,0.515847424507481,-0.060124643874643835,0.8333333333333334,0.5056476822192811,0.03883079157588963,0.5666666666666668,0.38900598317412427,-0.004305555555555582,1.0833333333333335,0.5121638569307672,-0.013486696118776733,0.8444444444444443,0.28603757564438936,-0.015576032763532777,0.5555555555555556,0.3975991496042844,-0.003975249287749284,0.7777777777777777,0.4888120434291092,0.043280873328950246,1.0138888888888888,0.6705319626951374,0.12849421820010054,0.65,0.43480684616850934,-0.08853646033576838,0.8611111111111143,0.7050706025733121,-0.051210826210826225,0.7333333333333332,0.7103730199529328,0.11132897603485839,0.75,0.45231973458834573,-0.05945495616389339,0.711111111111111,0.569601817181669,-0.0465956558061821,0.8499999999999999,0.6426630183120962,-0.03882664176781823,0.7111111111111111,0.4310991104155385,0.09759259259259259,1.083333333333334,0.5958796808387845,-0.038072453861927535,0.7166666666666668,0.49708633981168804,0.042340367414772186,0.916666666666667,0.5158625337737676,0,0,0
V5-01.08.2024-C1SN.V49.csv,2.5517653713027935e-4,1.0833333333333335,0.49764668314082605,-0.0070806100217865,2.3148148148148144,0.6122007458577742,-0.07505144032921805,1.0462962962962963,0.5840375519102309,-0.07929256010396364,1.8518518518518519,0.7464480105645102,0.07779431216931215,1.0833333333333321,0.5228637945631504,-0.07595679012345681,1.2361111111111112,0.6200933639070234,-0.036171163622144016,1.3240740740740742,0.5727317380516569,0.01836566497944208,0.9166666666666667,0.5746834718350687,-0.07072158365261814,0.8425925925925926,0.6228651278029219,-0.0033764967975494146,1.0092592592592593,0.5539265338947819,-0.03930704898446833,0.7962962962962962,0.5699300267652568,-0.06197851531184864,0.8981481481481483,0.5701131011676107,0.07467592592592592,1.0277777777777777,0.41318015807365954,-0.03098903098903098,0.7870370370370372,0.3525940528906313,-0.02911522633744857,0.6851851851851851,0.4243041971737949,-0.09216485507246375,0.8425925925925924,0.5282559555678282,-0.04128873771730915,0.8240740740740741,0.35566112911306375,0.028523662551440326,1.3055555555555556,0.4193053443094993,-0.036489659174844355,1.1111111111111114,0.41742746764006206,-0.009567244295378962,0.7407407407407406,0.40252806212566566,0,0,0
V6-01.08.2024-C1SN.M07.csv,0.012777645171128843,0.8611111111111112,0.467307813452747,0.07529513888888889,1.625,0.5565799363703959,-0.037327823691460066,0.6666666666666666,0.5531137086935127,-0.12218539562289553,0.7333333333333334,0.6017264692969971,0.11593915343915343,0.5555555555555556,0.1816057842849546,-0.08460693895476505,0.45833333333333304,0.4075891554082966,0.012173390582481488,0.6180555555555558,0.3927592943903073,-0.015434419381787813,0.5944444444444443,0.5487374339853814,-0.148577441077441,0.6388888888888888,0.7028968582061927,-0.04976280292638317,0.9097222222222222,0.5468805521256213,0.14705882352941174,1.1388888888888886,0.5705852990700754,-0.03933782267115598,1.3888888888888893,0.6752407124667166,-0.08124298540965208,0.6111111111111113,0.5747870148359001,0.08040123456790124,0.6166666666666667,0.3867828972983942,-0.03825577714466604,0.7333333333333332,0.5633021577947739,-0.023809523809523805,0.5944444444444444,0.4262706750098522,-0.06210317460317459,0.6888888888888889,0.48805941764288474,-0.022769360269360273,0.7166666666666666,0.40798446577059844,-0.00706544612794613,0.6888888888888889,0.3491266889078249,-0.0036769118655692857,0.7888888888888889,0.3417571102145677,0,0,0
V6-01.08.2024-C1SN.M31.csv,0.05180852644087937,0.8500000000000002,0.39558441805451816,-0.039957264957264954,1.6277777777777778,0.5617922045055213,-0.05564102564102564,1.1333333333333333,0.6481376224060011,0.00349002849002849,1.4500000000000006,0.6059501238994786,0.06369047619047624,0.8833333333333334,0.41598300648908126,-0.02447089947089948,0.9027777777777777,0.6109772179760499,0.026951058201058194,1.3888888888888888,0.5021213116198988,0.1187389770723104,1.6388888888888893,0.5469365288539554,0.03506944444444442,0.6888888888888889,0.328130499170066,-0.044155807041609506,1.2,0.568315350107826,0.13440329218106997,1.5,0.7873955149531762,0.11616161616161613,1.0055555555555555,0.5748507833517232,-0.2238223691843601,1.1222222222222225,0.7338234299378917,0.1109567901234568,1.011111111111111,0.5938917412685328,-0.10507587650444793,1.0166666666666666,0.7510748669625011,0.10550807217473882,1.0611111111111113,0.7689718357064236,-0.06814925044091717,1.038888888888889,0.5568794442374406,0.002897603485838782,1.0833333333333335,0.5697032798349633,-0.020209495209495162,1,0.5991445830626992,0.02743251726302574,1.2777777777777777,0.49483194555508675,0,0,0
V6-01.08.2024-C1SN.T10.csv,0.030190164241888365,0.6944444444444445,0.3866539396873905,0.0054783950617284015,0.791666666666667,0.5510501456633153,-0.04908459595959595,0.8125,0.7326063426276606,-0.005813083955098489,0.9055555555555556,0.5687969802110165,0.014340373431282529,0.7388888888888889,0.6249592933866257,-0.07698902606310014,0.788888888888889,0.54541896472358,-0.04966275542784163,0.7870370370370369,0.415361094616482,0.00455818965517241,0.6666666666666666,0.36033534993147714,-0.1519736842105263,0.7430555555555554,0.7907346847648271,-0.03538011695906432,0.9555555555555555,0.6359134303979909,0.015805041152263367,1.0666666666666667,0.546569596517008,-6.584362139917912e-4,1.0999999999999999,0.4948174850990081,-0.012660093760572175,0.9333333333333333,0.6078046359794074,-0.05714556373129223,1.9444444444444446,0.6998847649919173,0.13046398046398044,0.8944444444444443,0.5324450055863745,-0.0807449494949495,1.038888888888889,0.8050186586959346,-0.0915824915824916,0.9388888888888889,0.4889128472273155,0.05582010582010586,1.027777777777778,0.521966474582314,-0.04166269841269843,1.0722222222222224,0.5660285431034806,-0.01583107497741644,0.9555555555555557,0.47424211950739714,0,0,0
V6-01.08.2024-C1SN.T81.csv,0.05409336175728755,3.1666666666666665,0.5485978811296647,0.04502957818930044,1.166666666666667,0.38933627950304034,-0.00835218702865761,0.4375,0.3524511573913383,0.009847442680776008,1.05,0.42195853124987376,0.054398148148148154,0.5138888888888893,0.2836451322383728,0.009226190476190478,1.1388888888888893,0.5331908104167662,-0.029632136516194493,1.8611111111111112,0.6337904026874697,0.022790758815603537,1.277777777777778,0.477701274900483,0.01689814814814815,1.0277777777777777,0.43728786744242704,0.03662962962962963,1.1388888888888888,0.5672706948521115,0.08444444444444447,0.85,0.4940037272528241,-0.02983217592592593,0.8666666666666671,0.5941854917322524,0.09459064327485381,0.9222222222222223,0.5210778497655635,-0.02732233044733045,0.9444444444444443,0.5657164307172021,0.021666666666666678,0.42777777777777787,0.22301479033422614,-0.0888770180436847,0.9055555555555553,0.70306105044457,-0.04382716049382715,0.38888888888888895,0.394289709541641,0.015507235819735822,1.038888888888889,0.46828056265353313,-0.036342592592592586,0.9055555555555556,0.3697715821849897,0.02237295990520962,0.8750000000000001,0.3792255349408525,0,0,0
V6-01.08.2024-C1SN.V12.csv,0.031476119357493365,1,0.4472261485174865,-0.12268518518518516,1.0444444444444443,0.6384150345616819,0.10342312008978677,0.9305555555555556,0.6076321734615466,0.0117847222222222,1.4166666666666667,0.6732187674232964,-0.15112847222222225,0.5666666666666668,0.6551311437583466,0.03279320987654322,2.7222222222222223,0.7341123481409694,-0.0550298421621951,0.6888888888888889,0.48856884525254796,-0.0013888888888888811,0.6777777777777778,0.40147841386662225,-0.027241941015089165,0.6666666666666667,0.4723699761353441,0.07079239103048632,1.2638888888888888,0.7432520268732192,0.08066239316239314,0.8333333333333334,0.6454126620640808,0.08262345679012341,1.0277777777777777,0.6855870511656257,0.07067901234567905,0.6888888888888889,0.6587782756674573,-0.1332705874372541,0.8833333333333334,0.6881684306209904,-0.039062500000000014,0.8,0.628678859011093,0.2529601571268238,1.8333333333333335,0.8769246034079992,-0.11790123456790123,0.861111111111111,0.6097267610579065,0.10241013071895425,1.0111111111111115,0.6114782533137211,-0.07116113053613053,0.8166666666666668,0.5912990349870911,-0.010727043611659022,0.6999999999999995,0.43384891734533143,0,0,0
V6-01.08.2024-C1SN.V15.csv,0.04287414373621272,0.65,0.4558008866331075,0.2534401027822079,2.8055555555555554,0.9245885307327198,-0.07696759259259253,0.9166666666666667,0.6398100677670867,-0.014429012345678869,1.333333333333333,0.7825655714258339,0.0328792735042735,0.5055555555555556,0.3859040697473948,-0.09423076923076926,1.1111111111111107,0.4913820099241658,0.07247732426303855,2.1111111111111107,0.5434405888942866,-0.028363695811400594,0.5694444444444444,0.4652983909512852,0.0011574074074073937,0.6458333333333333,0.5074010630725088,8.744035547154405e-4,0.8944444444444443,0.7602613030388438,0.08393246187363836,0.7083333333333334,0.6629073488723326,-0.06635552218885551,0.7388888888888888,0.6641686430208092,0.1319584736251403,0.8111111111111111,0.5873309905787495,0.07361111111111111,1.3888888888888888,0.679978870118526,-0.09981006647673314,0.6555555555555556,0.8415558112825661,0.021759259259259253,0.6888888888888888,0.7243598173985967,-0.05527375201288238,0.75,0.736023565659095,0.08066578483245153,1.0277777777777786,0.4694339727929936,-0.020020489677352482,0.7111111111111106,0.5543238062426655,-0.001999642985748484,0.7083333333333335,0.5819642639194311,0,0,0
V6-01.08.2024-C1SN.V42.csv,0.07184741165212663,1.0277777777777777,0.44864915917416703,0.10702861952861953,2.2222222222222223,0.6047844479516118,-0.043432784636488114,0.8944444444444445,0.5254902660897122,0.002120315581854044,1.2166666666666668,0.6196358758517626,0.1095734126984127,0.5722222222222222,0.4150647599940863,-0.12651353276353275,0.5833333333333339,0.5546372898390862,0.03916837048762259,1.6944444444444446,0.5469003151220434,-1.8644209820680766e-4,0.5555555555555554,0.3375729806223382,0.051793981481481476,0.9166666666666661,0.49824388321777036,0.018804973531481254,0.9722222222222223,0.5833994257880696,0.15270128824476648,2.6388888888888884,0.7446927634756483,-0.09080086580086581,0.7277777777777779,0.5980765601696489,0.0020863395863395906,0.6388888888888887,0.5245170955030415,0.1322420634920635,0.9388888888888889,0.47839609741748973,-0.14354423868312755,0.7,0.6690276531590265,0.0015100444011261621,0.8055555555555558,0.6581197672301542,-0.10357374918778427,0.5722222222222222,0.6025138644404674,0.06802410065567958,0.8222222222222225,0.7144084268258423,0.05981624131133935,0.6999999999999996,0.6542469894831665,-0.0036462536992197896,0.666666666666667,0.48576298549675656,0,0,0
V6-01.08.2024-C1SN.V43.csv,-0.008566719327363121,0.638888888888889,0.41590093599986483,0.012801932367149731,2.236111111111111,0.7005803366010289,-0.05972222222222221,1.2166666666666668,0.5600681626385727,-0.059492653810835655,0.9666666666666668,0.5186408689477747,0.018967013888888887,0.6666666666666667,0.41916939095631284,-0.06047979797979796,0.7916666666666665,0.4955748713657457,0.01889550264550265,0.8472222222222223,0.42145790613096595,-0.011083240431066519,0.6944444444444444,0.36857649804667997,0.09681324910916746,1.1388888888888884,0.5040799261137139,-0.05561409110259685,1,0.5429174000300213,0.0016894087069525678,0.6722222222222223,0.55919449249161,0.05354924928634169,0.9222222222222223,0.5908412507985007,-0.09577991452991454,0.8444444444444444,0.6281725332588458,0.08845290511957178,0.861111111111111,0.4163221300190704,-0.060185185185185175,0.8981481481481483,0.639330899165884,-0.0920138888888889,0.7611111111111113,0.44561405707190427,0.020954106280193233,0.9,0.5227335559856089,-0.06390491452991454,0.9555555555555555,0.45236083166595253,0.026073548770917207,0.7833333333333334,0.3867241805742239,0.018637226970560302,1.2361111111111112,0.37537550046313134,0,0,0
V6-01.08.2024-C1SN.V48.csv,0.07182137414695555,0.916666666666667,0.3629483277790778,0.051361111111111135,0.8611111111111107,0.44927283926912187,0.013641975308642034,1.1388888888888893,0.5676576978579807,0.025178502338996184,1.1666666666666667,0.5430756801196137,0.03832866479925304,0.6555555555555556,0.42607815432853463,-0.08204210069444445,0.7222222222222223,0.4811455555937488,0.02691358024691358,0.8333333333333334,0.331495039897898,-0.007635826964530664,0.75,0.46492797169857525,0.0752680311890838,2.3611111111111107,0.7480180131025869,0.04002556897293739,1.3333333333333335,0.6129208899944385,0.1901416122004357,1.6111111111111112,0.6576099177181131,-0.03312629399585921,0.7166666666666666,0.5521519497723169,-0.09459437911557794,0.6388888888888887,0.6361562216267108,0.003589968600965665,0.6458333333333335,0.5161589020545592,0.012728909465020581,0.65,0.6174814438014941,0.1707828282828283,0.6666666666666661,0.5537804009857665,-0.1126763668430335,0.6166666666666667,0.5112415175177802,0.10084175084175084,0.75,0.44350528259180255,-0.07517006802721088,0.5111111111111111,0.4715567178589368,0.029388202697906558,0.7499999999999999,0.44481147576849106,0,0,0
V6-01.08.2024-C1SN.V49.csv,-0.031992894687726516,0.8981481481481483,0.471027144212336,0.004947916666666696,1.712962962962963,0.492029518089145,0.0020723104056437546,1.2314814814814818,0.616889889021739,-0.07386793101078816,0.9722222222222223,0.6592417549911924,0.04966329966329966,0.9722222222222223,0.5339991443960301,-0.0784252297410192,0.5925925925925926,0.3788182404481256,-0.004367359970808249,1.083333333333333,0.43442008360024004,-0.039831059129304736,0.9444444444444446,0.5008112440494994,-0.03672686333976657,1.0740740740740742,0.5455452140005976,5.060525893859217e-4,1.1527777777777777,0.7012948704462872,0.12430555555555557,1.5555555555555558,0.6666786425107472,-0.016666666666666663,0.9259259259259259,0.5469782309975281,0.0030191516302627394,0.851851851851852,0.6122324622425195,-0.034442848020434194,0.7685185185185185,0.4694754877136956,-0.09984632741985686,0.8888888888888888,0.6709843667504735,-0.06129793448634029,0.851851851851852,0.580663066550946,-0.06665986672106623,0.7222222222222223,0.4292401645202113,0.05996919840733227,0.9074074074074073,0.3174607866676372,-0.06943377822688167,0.7685185185185187,0.5149510173664129,-0.0012517146776405996,0.7962962962962964,0.3812729683072213,0,0,0
V7-01.08.2024-C1SN.M07.csv,0.08018931437516998,1.4861111111111112,0.3927525990376946,-0.09135472370766487,0.6919191919191919,0.5076858291360213,-0.06912037037037037,0.7833333333333333,0.6237568054119074,0.035545267489711915,1.0666666666666669,0.5043014029221734,-8.641975308641969e-4,1.0555555555555556,0.466233817087683,-0.07518939393939392,0.8944444444444443,0.4555163162554519,-0.03201459034792369,0.5888888888888889,0.36358527633411897,-0.0015018817487953394,1.1666666666666665,0.6276913082977091,-0.048518518518518475,0.7166666666666666,0.5785396211829088,-6.313131313131342e-4,1.0611111111111111,0.5934662139774283,0.14871794871794872,0.7666666666666667,0.5260798899871953,-0.02529761904761908,0.8722222222222223,0.49753970268600756,-0.005079732510288004,0.6777777777777777,0.5577648406082599,-0.015185185185185199,0.6888888888888891,0.5048953911486781,-0.02430555555555555,0.5388888888888888,0.5139484336236879,-0.0575822325822326,0.7,0.5020832099543073,-0.10166666666666666,0.7222222222222223,0.5623621049661991,0.012153587153587086,0.7888888888888889,0.5254164424629706,-0.053824476650563606,0.6444444444444445,0.4378682160905845,0.0022948590571541154,0.7708333333333333,0.3277980309980767,0,0,0
V7-01.08.2024-C1SN.M31.csv,0.08328460038986356,0.916666666666667,0.40712184347244595,0.07906227305737112,2.6597222222222223,0.9421473459448729,-0.057732082732082746,1.2638888888888888,0.647888115947458,0.00820185185185188,1.3277777777777777,0.6023820106328797,0.12336860670194007,0.8944444444444445,0.33271628629204786,-0.005486968449931375,0.8555555555555555,0.5271192176253143,0.056066809439825296,1.3888888888888884,0.5135194784563774,0.08180189362840225,1.6944444444444446,0.5927726413180718,-0.0014467592592592863,0.625,0.38925628864232814,-0.08745590828924167,1.1944444444444444,0.6364312955159244,0.14490740740740737,1.088888888888889,0.5726778529916672,-0.011640211640211649,1.2685185185185175,0.7638395847484528,-0.2445579594017094,1.1,0.7937723803799734,0.0980324074074074,1.0722222222222222,0.6055954787051075,-0.04366689671037495,1.0611111111111111,0.7154769443766607,-0.218056453350571,1.1555555555555554,0.952695187314015,-0.11181257014590347,1.088888888888889,0.5577499237919793,0.0910846560846561,1.1444444444444444,0.3647370001536657,-0.020915032679738578,0.8333333333333333,0.4268563325019708,0.028489454094292814,1.1944444444444446,0.37885455111366634,0,0,0
V7-01.08.2024-C1SN.T10.csv,-0.015859357027835214,0.7222222222222223,0.4543437987951486,0.07989267676767675,1.8472222222222228,0.6507761752240405,0.03327160493827157,0.8333333333333333,0.6036715447517769,-0.03226508506113769,1.1888888888888887,0.672193417524085,0.06928374655647385,1.0944444444444446,0.5290761574274724,-0.062422839506172834,1.0722222222222224,0.6521525664071057,-0.0387294707116439,0.5888888888888889,0.46181720143314264,0.0120892228782728,1.0138888888888888,0.4695488994499551,-0.09349415204678371,0.6222222222222221,0.5204642376146037,-0.028900541698160746,1.3444444444444443,0.7180705828922909,0.1319444444444444,0.6611111111111111,0.3821075409351485,0.014241622574955929,1.4166666666666665,0.7332619432790967,-0.11247641247641248,1.2277777777777776,0.8390455471581647,-0.05824438443072702,1.1,0.49815905778060177,0.03469742063492062,1.1944444444444444,0.870101099106732,-0.04329966329966331,1.35,0.6595927682642211,-0.06781368673951794,1.1666666666666667,0.6279521883359771,0.13286195286195288,1.0777777777777777,0.3343462934503829,-0.09577991452991459,0.8666666666666668,0.48416985094401827,-0.07464005901505902,1.1111111111111112,0.4314945308954095,0,0,0
V7-01.08.2024-C1SN.V15.csv,0.023158998451956656,0.916666666666667,0.4360729185901466,0.18614969135802475,2.1111111111111107,0.7235614301875856,-0.011489898989898993,1.0277777777777777,0.5778552601989692,-0.059037037037037006,1.0944444444444446,0.4730658110390922,-0.024522569444444454,0.46111111111111114,0.35846293223698494,0.1260085978835979,1.0833333333333335,0.5006142085194271,0.01032477420709933,0.8888888888888884,0.319846414785746,0.04001702387119055,0.7314814814814814,0.42143322016765733,0.12336601307189528,1.1666666666666643,0.554397281122395,0.030015432098765494,1.138888888888891,0.8340620773572816,0.03285493827160492,0.8333333333333333,0.6599526450996973,-0.05959286492374729,0.7722222222222221,0.7297218054432534,-0.04277525825144872,0.7611111111111111,0.5051960621225738,-0.02019901905300887,0.7944444444444445,0.581739639258077,0.2209935897435897,0.7333333333333333,0.5423805357826886,-0.10046763935652823,0.7111111111111112,0.844303691074471,-0.1156045751633987,0.7555555555555555,0.6568981090901514,0.12016381766381766,0.8166666666666668,0.43977563849814105,-0.060781893004115246,0.8833333333333334,0.5758980516159165,0.02644207339931023,0.8055555555555554,0.4214156983815948,0,0,0
V7-01.08.2024-C1SN.V42.csv,0.005172963272378493,0.8888888888888888,0.5261674358121272,7.716049382715132e-4,0.8333333333333333,0.41890060185423644,-0.03182539682539682,1.0166666666666668,0.6511030204146497,-0.006236534318251764,1.3499999999999999,0.626832695403907,0.013310185185185178,0.5555555555555556,0.4613706658704144,-0.09953703703703701,0.8333333333333335,0.558246881863753,0.08603372084233328,0.9722222222222219,0.5605325535343914,0.04572207180902826,1.0277777777777777,0.4396492266655335,0.023276748971193435,0.6296296296296298,0.4750378436458257,-0.01614708890349916,1.0166666666666666,0.5050081796061817,0.01615016376921139,0.7833333333333333,0.4881510663085641,-0.016540404040404043,0.8111111111111111,0.6060027066198371,-0.005128205128205121,0.7166666666666666,0.3966387941399296,0.013849696257103658,0.833333333333333,0.45890986710119336,0.03812636165577342,0.6833333333333333,0.5414715772544493,-0.0329992737835875,0.7222222222222223,0.6899373416995771,-0.08864734299516908,0.9444444444444444,0.6293256109818519,0.0595398428731762,0.8555555555555557,0.5141798733784108,-0.005091598042725863,0.7722222222222221,0.522211649759226,0.04942054760317168,1.083333333333333,0.48458320407185285,0,0,0
V7-01.08.2024-C1SN.V43.csv,-0.019047105948815344,1.2777777777777777,0.4374422319678875,0.07019032921810699,0.6055555555555555,0.2546853345132702,0.001455026455026473,0.9777777777777776,0.40347047457433444,0.09840761090761091,1.6944444444444444,0.653459429757139,0.09994855967078191,0.5333333333333332,0.37362713818395643,-0.03683333333333337,1.6944444444444446,0.5800044344941871,0.041872427983539094,0.8148148148148145,0.3923780482081039,0.0896355301379811,1.388888888888889,0.6047507342805608,0.03978395061728389,0.9999999999999996,0.49403563652246546,0.026337448559670792,0.9888888888888889,0.4958736191342452,0.08773148148148151,0.7833333333333334,0.355092537719652,0.014500661375661377,0.8222222222222223,0.5999754332703433,-0.028619528619528614,0.8166666666666668,0.585654619279935,0.01493055555555557,0.8611111111111113,0.4354965887427643,-0.01626984126984129,0.6888888888888889,0.502158041270573,0.08017676767676768,0.7986111111111112,0.6233769329266607,-0.1067251461988304,0.8444444444444444,0.5426734200553743,0.11891534391534388,0.8944444444444443,0.30399147893646283,-0.008777006172839448,1.027777777777778,0.49611900102099205,0.03471604453747315,0.7722222222222221,0.3235461891790252,0,0,0
V7-01.08.2024-C1SN.V49.csv,0.04174916530786551,0.8472222222222223,0.39205024648897757,0.06038011695906428,2.5555555555555554,0.7580039537961387,-0.14477513227513228,1.3055555555555556,0.5990638640949297,-0.02776009243538955,1.2962962962962965,0.6379052552505724,0.1679514442672337,0.6481481481481483,0.23571918887503546,-0.06706349206349205,0.6574074074074078,0.5301676524816187,-0.04174201651427324,1.1018518518518519,0.44676958352403034,-0.0173804012345679,0.75,0.5491253577545072,-0.014476778365667207,1.1388888888888893,0.5670436274627406,0.020213560334528088,0.9907407407407408,0.6485965058881865,0.06181917211328976,0.7870370370370372,0.6743062648282319,-0.0847800925925926,0.75,0.6734032094815028,-0.08653439153439152,0.8796296296296298,0.6603482893486662,0.0059392726059392725,0.9259259259259259,0.4860365926150582,0.029280904280904293,0.6759259259259259,0.4875609623684578,-0.03151260504201683,0.6851851851851851,0.6043445160248474,-0.08275462962962964,0.833333333333333,0.6477718519816779,0.11663105413105412,0.8240740740740738,0.29861367851543225,-0.0929616210413312,0.7037037037037037,0.5398261904666675,0.026683140375417046,0.8888888888888893,0.3926804734999597,0,0,0
