archivo,MeanVel_Int1_Sub1,MeanVel_Int1_Sub2,MeanVel_Int1_Sub3,MeanVel_Int2_Sub1,MeanVel_Int2_Sub2,MeanVel_Int2_Sub3,MeanVel_Int3_Sub1,MeanVel_Int3_Sub2,MeanVel_Int3_Sub3,MeanVel_Int4_Sub1,MeanVel_Int4_Sub2,MeanVel_Int4_Sub3,MeanVel_Int5_Sub1,MeanVel_Int5_Sub2,MeanVel_Int5_Sub3,MeanVel_Int6_Sub1,MeanVel_Int6_Sub2,MeanVel_Int6_Sub3,MeanVel_Int7_Sub1,MeanVel_Int7_Sub2,MeanVel_Int7_Sub3,MeanVel_Int8_Sub1,MeanVel_Int8_Sub2,MeanVel_Int8_Sub3,MeanVel_Int9_Sub1,MeanVel_Int9_Sub2,MeanVel_Int9_Sub3,MeanVel_Int10_Sub1,MeanVel_Int10_Sub2,MeanVel_Int10_Sub3,MeanVel_Int11_Sub1,MeanVel_Int11_Sub2,MeanVel_Int11_Sub3,MeanVel_Int12_Sub1,MeanVel_Int12_Sub2,MeanVel_Int12_Sub3,MeanVel_Int13_Sub1,MeanVel_Int13_Sub2,MeanVel_Int13_Sub3,MeanVel_Int14_Sub1,MeanVel_Int14_Sub2,MeanVel_Int14_Sub3,MeanVel_Int15_Sub1,MeanVel_Int15_Sub2,MeanVel_Int15_Sub3,MeanVel_Int16_Sub1,MeanVel_Int16_Sub2,MeanVel_Int16_Sub3,MeanVel_Int17_Sub1,MeanVel_Int17_Sub2,MeanVel_Int17_Sub3,MeanVel_Int18_Sub1,MeanVel_Int18_Sub2,MeanVel_Int18_Sub3,MeanVel_Int19_Sub1,MeanVel_Int19_Sub2,MeanVel_Int19_Sub3,MeanVel_Int20_Sub1,MeanVel_Int20_Sub2,MeanVel_Int20_Sub3
V1-01.08.2024-C1SN.M07.csv,1.359126984126984,3.7916666666666665,9.029761904761905,1.9351851851851851,6.097222222222222,11.597222222222221,3.486111111111111,9.63888888888889,8.574074074074074,4.645833333333333,5.3125,7.90079365079365,3.8680555555555554,9.45138888888889,9.796296296296296,5.722222222222222,5.694444444444445,4.604938271604938,4.0405982905982905,5.747863247863248,2.8518518518518516,3.4228395061728394,4.53125,6.256944444444445,4.535714285714286,9.351851851851851,7.129629629629629,5.729166666666666,10.184027777777779,3.013888888888889,8.018518518518519,6.527777777777779,4.355555555555555,2.8015873015873014,2.060185185185185,8.046296296296296,2.638888888888889,8.916666666666666,2.111111111111111,4.801587301587301,12.356481481481481,11.36111111111111,4.912037037037037,6.708333333333333,5,3.6277777777777778,6.916666666666667,5.020833333333333,6.148148148148148,10.440972222222221,3.9583333333333335,9.28968253968254,10.373015873015873,4.564814814814815,5.6313131313131315,8.926767676767676,7.169444444444444,7.847222222222222,5.1003086419753085,5.547839506172839
V1-01.08.2024-C1SN.M31.csv,1.4305555555555556,4.0747863247863245,9.908119658119658,4.2407407407407405,8.902777777777779,11.227777777777778,2.9652777777777777,10.777777777777779,7.768518518518518,6.117283950617285,5.478395061728396,5.046296296296296,1.7333333333333334,8.033333333333333,9.125,5.966666666666667,5.435185185185185,4.29320987654321,5.333333333333333,5.511574074074074,2.4974747474747474,2.5777777777777775,4.558333333333334,3.0777777777777775,4.916666666666666,10.458333333333334,5.361111111111111,5.761904761904762,10.86574074074074,7.027777777777778,2.5555555555555554,9.377777777777778,9.680555555555555,1.6785714285714286,4.550925925925926,9.902777777777777,2.7152777777777777,11.07638888888889,3.805555555555556,4.967592592592593,11.023148148148149,10.87037037037037,3.4166666666666665,9.266666666666666,4.6499999999999995,3.9722222222222223,6.333333333333333,6.972222222222222,3.4087301587301586,11.273148148148149,9.5,2.060185185185185,13.037037037037036,12.005555555555556,8.675,8.105555555555556,4.228395061728395,6.711988304093567,6.132716049382716,5.091049382716049
V1-01.08.2024-C1SN.T10.csv,3.8055555555555554,6.583333333333333,11.354166666666666,3.611111111111111,6.8125,10.51388888888889,0.5,5.311111111111111,9.261111111111111,5.191358024691358,5.938271604938272,4.427083333333333,3.75,6.819444444444445,9.26388888888889,5.003968253968254,6.523809523809524,5.532407407407407,3.591666666666667,7.044444444444444,2.4361111111111113,3.158730158730159,7.388888888888889,3.25,5.648148148148148,8.86574074074074,3.7546296296296298,4.833333333333333,7.291666666666666,6.119047619047619,4.650793650793651,4.9603174603174605,6.043650793650794,4.777777777777778,10.520833333333334,2.7152777777777777,1.75,9.305555555555557,10.77777777777778,6.246031746031745,10.785714285714286,6.686507936507937,4.798611111111111,10.01388888888889,10.597222222222221,3.638888888888889,9.092592592592592,8.944444444444445,6.51984126984127,10.666666666666668,5.226851851851852,2.574074074074074,10.61111111111111,10.662037037037038,6.898148148148149,10.194444444444445,6.704861111111112,6.561111111111111,5.252923976608187,4.755847953216374
V1-01.08.2024-C1SN.T81.csv,2.446296296296296,4.382936507936508,9.178571428571429,3.382716049382716,6.570987654320987,7.746913580246914,2.0944444444444446,8.652777777777777,7.25,4.21604938271605,4.521604938271604,8.409722222222223,1.4365079365079365,7.675925925925926,8.550925925925926,4.861111111111111,5.354938271604938,4.9375,2.9,7.6913580246913575,4.154320987654321,2.4126984126984126,9.097222222222221,2.7083333333333335,5.607142857142857,11.178571428571429,1.9305555555555556,7.134920634920634,6.567460317460317,5.013888888888888,4.718253968253968,3.189814814814815,7.402777777777778,4.396825396825397,2.916666666666667,5.694444444444445,1.0208333333333335,7.888888888888889,11.435185185185185,2.5034722222222223,12.206349206349207,6.555555555555556,4.810185185185185,9.877777777777778,5.822222222222223,3.9791666666666665,10.034722222222221,2.574074074074074,5.763888888888889,13.044444444444444,9.711111111111112,5.134920634920635,13.337962962962964,8.375,5.402777777777778,12.833333333333334,9.880952380952381,6.9907407407407405,5.805555555555555,5.944444444444445
V1-01.08.2024-C1SN.V12.csv,1.4316239316239316,5.743055555555555,10.31712962962963,2.503968253968254,6.7063492063492065,8.019841269841269,4.104166666666667,12.231481481481481,7.527777777777779,6.763888888888889,11.703703703703704,8.544444444444444,3.8444444444444446,8.205555555555556,8.488888888888889,4.9753086419753085,6.666666666666666,4.885802469135802,5.444444444444445,9.62037037037037,3.351851851851852,1.7777777777777777,6.272222222222222,2.6203703703703702,4.383333333333334,10.322222222222223,9.405555555555555,6.300000000000001,13.238888888888889,9.930555555555555,5.438888888888889,10.375,11.173611111111112,4.138888888888889,5.038888888888889,6.783333333333333,4.677777777777778,9.183333333333334,4.722222222222222,3.838888888888889,13.305555555555555,13.777777777777777,4.462962962962963,8.180555555555555,6.927777777777778,3.5069444444444446,7.145833333333333,7.203703703703703,2.75,13.49537037037037,8.023148148148147,7.638888888888889,12.872222222222222,9.283333333333333,7.051587301587301,13.962962962962962,11.523148148148149,9.777777777777777,5.479629629629629,7.387037037037037
V1-01.08.2024-C1SN.V15.csv,3.2944444444444443,5.565476190476191,5.670634920634921,1.7673611111111112,9.163194444444445,7.432539682539683,4.351851851851852,7.794444444444444,5.2,8.151234567901234,8.590277777777779,2.3333333333333335,2.7888888888888888,6.777777777777778,7.6722222222222225,4.356060606060606,6.3277777777777775,3.227777777777778,4.614814814814815,5.10515873015873,2.232142857142857,4.211805555555555,7.576388888888888,2.4206349206349205,5.8,10.916666666666668,5.866666666666667,6.277777777777778,10.36111111111111,6.347222222222222,8.799999999999999,9.855555555555556,3.3402777777777777,1.211111111111111,6.966666666666667,6.938888888888889,2.1944444444444446,9.21111111111111,2.1,4.287037037037037,11.208333333333332,3.378472222222222,3.5388888888888888,9.458333333333334,10.631944444444445,2.5277777777777777,8.037037037037038,9.361111111111112,5.321428571428572,11.162698412698413,5.722222222222222,6.916666666666666,10.814814814814815,10.527777777777779,4.246913580246914,11.104166666666666,9.385416666666666,8.89327485380117,3.891812865497076,8.12280701754386
V1-01.08.2024-C1SN.V42.csv,2.3993055555555554,4.161458333333333,9.627777777777778,2.439814814814815,7.6759259259259265,10.814814814814815,3.5277777777777777,10.527777777777779,8.314814814814815,6.119047619047619,10.61111111111111,5.638888888888888,2.810185185185185,7.587962962962963,6.661111111111111,3.0462962962962963,5.598484848484849,3.6338383838383836,3.5074074074074075,5.329365079365079,2.2202380952380953,4.233333333333333,6.037037037037037,1.373456790123457,6.434027777777778,10.166666666666666,3.761904761904762,4.277777777777778,6.260416666666666,8.135416666666668,8.661111111111111,6.794444444444444,5.854166666666667,3.5888888888888886,4.027777777777778,10.4375,2.037037037037037,6.495370370370371,3.6944444444444446,5.432539682539683,13.333333333333334,5.689814814814815,2.588888888888889,7.522222222222222,11.840277777777779,2.8166666666666664,5.822222222222222,5.770833333333333,5.398148148148149,14.905555555555555,8.4,4.083333333333334,15.105555555555556,14.26388888888889,4.843434343434344,13.144444444444446,2.0666666666666664,5.8845029239766085,7.140350877192982,5.800925925925926
V1-01.08.2024-C1SN.V43.csv,2.9791666666666665,5.242424242424242,10.292929292929292,3.7420634920634916,8.069444444444445,10.671296296296296,2.0555555555555554,9.347222222222221,10.67361111111111,5.616666666666666,4.472222222222222,6.518518518518518,2.9722222222222223,8.05,8.875,5.413888888888889,6.227777777777778,4.537037037037037,4.1686507936507935,4.918803418803419,1.9786324786324787,2.484567901234568,8.080246913580247,3.788194444444445,3.185185185185185,9.689814814814815,7.98888888888889,3.6666666666666665,10.178571428571429,7.925925925925926,8.63888888888889,10.601851851851851,10.777777777777779,2.9833333333333334,7.472222222222222,10.29861111111111,2.814814814814815,6.032407407407407,2.5,5.551587301587301,10.793650793650794,6.402777777777778,2.948412698412698,7.916666666666667,4.851851851851852,2.8055555555555554,8.805555555555555,11.083333333333332,3.527777777777778,12.231481481481481,9.23611111111111,6.503968253968254,10.416666666666666,8.148148148148149,5.357638888888888,9.118055555555555,11.899305555555555,6.061728395061729,7.828431372549019,6.310457516339869
V1-01.08.2024-C1SN.V48.csv,2.816666666666667,4.567460317460317,8.301587301587302,3.411111111111111,5.163580246913581,8.44753086419753,2.881944444444444,8.902777777777779,7.618055555555555,3.087962962962963,9.046296296296296,10.194444444444443,3.1805555555555554,6.833333333333333,10.04861111111111,5.180555555555555,5.694444444444445,4.395061728395062,5.03030303030303,7.03030303030303,3.4833333333333334,2.7314814814814814,8.203703703703702,6.088888888888889,7.351851851851851,12.033333333333333,5.666666666666667,8.198412698412698,9.722222222222223,7.601851851851853,6.055555555555555,10.270833333333336,8.5625,3.423611111111111,9.833333333333332,12.972222222222221,2.9097222222222223,11.666666666666668,3.4537037037037033,4.6190476190476195,13.78968253968254,5.5436507936507935,3.2916666666666665,7.909722222222221,13.562500000000002,3.1666666666666665,9.194444444444445,13.791666666666668,5.216666666666666,13.322222222222223,12.177777777777777,6.255555555555556,15.54861111111111,13.493055555555555,4.595238095238095,13.940476190476192,12.396825396825397,10.07962962962963,6.888888888888889,7.518518518518518
V1-01.08.2024-C1SN.V49.csv,3.8993055555555554,4.444444444444445,10.8125,3.042929292929293,4.724747474747475,11.027777777777777,4.166666666666667,11.088888888888889,10.372222222222224,4.10042735042735,3.376068376068376,9.069444444444445,4.135416666666667,7.873015873015873,9.916666666666666,4.5747863247863245,6.449074074074074,4.643518518518518,5.8353174603174605,6.696428571428571,2.8311965811965814,3.397222222222222,9.847222222222223,3.382716049382716,5.944444444444445,11.430555555555555,4.982638888888888,4.638888888888889,6.3813131313131315,9.497474747474747,8.392857142857142,11.134920634920636,5.1230158730158735,4.7253086419753085,4.867283950617284,5.015432098765432,2.9722222222222223,8.61111111111111,13.423611111111112,6.267676767676767,13.765151515151516,4.405555555555556,4.305555555555555,10.654761904761905,7.805555555555555,4.916666666666667,6.856481481481481,5.953703703703703,5.762345679012346,13.36111111111111,12.07638888888889,6.654320987654321,15.635416666666668,13.864583333333334,5.55050505050505,13.964646464646465,12.272727272727273,7.484444444444444,7.2280092592592595,7.1875
V2-01.08.2024-C1SN.M07.csv,1.0524691358024691,3.619281045751634,8.580065359477125,5.155555555555556,9.044444444444444,8.816666666666666,2.183333333333333,8.711111111111112,5.597222222222222,3.497685185185185,2.136574074074074,5.506944444444445,4.2444444444444445,7.383333333333333,8.833333333333334,4.741666666666666,5.308641975308642,4.296296296296296,4.277777777777778,7.777777777777778,3.271604938271605,1.8939393939393938,5.833333333333333,2.436868686868687,7.170634920634921,8.535714285714286,3.634259259259259,6.095679012345679,5.314814814814815,3.981481481481481,4.083333333333334,8.25,9.027777777777779,2.7444444444444445,5.152777777777778,9.979166666666664,2.5069444444444446,8.847222222222221,9.090277777777779,5.288194444444445,11.01984126984127,4.718253968253968,4.7063492063492065,8.305555555555555,4.50462962962963,4.842592592592593,3.2055555555555557,4.85,5.801587301587301,10.623015873015873,6.291666666666666,1.8101851851851853,12.555555555555555,10.773148148148149,3.4537037037037037,11.989583333333334,9.614583333333334,6.535714285714286,5.246031746031746,4.953703703703704
V2-01.08.2024-C1SN.M31.csv,1.205128205128205,4.829059829059829,9.076923076923077,3.6597222222222223,7.587301587301587,11.277777777777779,3.0416666666666665,9.833333333333334,10.86111111111111,5.722222222222222,9.385416666666668,6.424603174603175,3.4611111111111112,9.0625,9.541666666666668,2.5982905982905984,4.235042735042735,3.4768518518518516,4.7188888888888885,1.8796296296296295,0.9027777777777778,2.2376543209876543,5.256944444444445,4.211805555555555,5.62962962962963,10.76388888888889,3.712962962962963,5.196581196581197,7.467592592592593,1.5069444444444444,2.3425925925925926,3.191919191919192,6.095959595959596,4.37037037037037,2.338888888888889,7.249999999999999,4.85,8.75,2.5625,4.611111111111112,11.708333333333334,7.069444444444445,4.740740740740741,10.453703703703704,1.5787037037037037,3.611111111111111,10.0625,3.2685185185185186,6.027777777777778,11.36111111111111,7.972222222222223,7.432539682539683,12.560185185185185,5.837962962962964,7.541666666666667,10.739583333333332,6.809027777777778,8.816993464052288,4.90032679738562,6.107843137254902
V2-01.08.2024-C1SN.T10.csv,1.7586805555555556,4.465277777777778,8.064814814814815,2.5277777777777777,5.736111111111112,9.533333333333333,0,3.9629629629629632,8.375,3.338888888888889,3.897222222222222,5.416666666666667,3.712962962962963,7.032407407407407,8.016666666666667,3.0534188034188032,3.4209401709401708,4.02991452991453,4.3813131313131315,5.7146464646464645,2.9972222222222222,3.0185185185185186,5.487654320987654,3.545138888888889,6.170138888888889,6.149305555555555,2.2569444444444446,7.777777777777778,5.698412698412699,6.55952380952381,4.3,8.588888888888889,9.305555555555554,4.226851851851852,3.3444444444444446,8.6,0.8842592592592592,10.094444444444445,5.1,5.979166666666667,11.115079365079366,6.404761904761905,3.6555555555555554,9.555555555555555,8.222222222222223,2.8333333333333335,9.172222222222222,1.6166666666666667,1.5208333333333333,10.76388888888889,7.345238095238095,7.333333333333333,9.384920634920634,3.75,6.888888888888888,9.988888888888889,4.7444444444444445,6.464285714285714,4.964285714285714,5.069444444444445
V2-01.08.2024-C1SN.T81.csv,2.5393518518518516,4.43287037037037,9.467592592592593,3.2118055555555554,10.388888888888888,6.984126984126984,3.9305555555555554,7.861111111111111,6.555555555555555,4.563492063492063,8.857142857142858,7.1230158730158735,3.4555555555555557,5.55,7.8388888888888895,4.330555555555556,3.947530864197531,4.805555555555555,2.4761904761904763,4.357142857142857,1.7457264957264957,2.33974358974359,2.6965811965811968,2.127314814814815,6.166666666666667,9.777777777777779,4.844444444444444,5.517676767676767,3.0656565656565657,5.487373737373737,3.8222222222222224,9.63888888888889,8.194444444444445,2.25,7.076388888888888,10.458333333333334,1.3402777777777777,6.965277777777778,10.895833333333334,7.428571428571429,11.685185185185185,4.87962962962963,5.824074074074074,4.907407407407407,5.716666666666668,4.2555555555555555,4.951388888888888,6.020833333333333,6.423611111111111,8.98263888888889,4.28125,8.9,13.683333333333334,10.666666666666666,7.953703703703703,9.57716049382716,6.739583333333333,6.660493827160494,6.586601307189542,5.5245098039215685
V2-01.08.2024-C1SN.V12.csv,2.4273504273504276,4.754273504273504,10.601851851851851,3.9131944444444446,8.630952380952381,10.222222222222223,2.398148148148148,11.490740740740742,10.824074074074074,3.6416666666666666,4.6305555555555555,6.044444444444444,5.149305555555555,6.634920634920634,4.178571428571429,5.133333333333334,5.799382716049383,3.9228395061728394,5.175925925925926,4.145833333333333,2.449074074074074,3.9194444444444443,4.094444444444444,2.6944444444444446,3.685185185185185,11.950000000000001,8.927777777777779,5.083333333333333,6.28125,6.649305555555556,4.95,6.833333333333333,12.63888888888889,2.166666666666667,3.738888888888889,9.822222222222223,0.3472222222222222,5.784722222222222,13.342592592592592,2.6851851851851856,11.25925925925926,13.027777777777777,4.755555555555556,7.5055555555555555,6.833333333333333,3.9166666666666665,12.87962962962963,10.027777777777779,4.597222222222223,11.007936507936508,4.476190476190476,6.044444444444445,16.055555555555557,13.044444444444444,6.285714285714286,13.912698412698413,9.936507936507937,7.207516339869281,7.372549019607843,5.852941176470588
V2-01.08.2024-C1SN.V15.csv,1.848148148148148,3.887037037037037,9.142592592592592,3.65,7.688271604938271,7.836419753086419,4.705555555555556,7.993055555555555,7.048611111111111,5.177083333333333,5.166666666666667,7.854166666666667,4.180555555555555,2.566666666666667,3.3549382716049383,2.5347222222222223,3.1259259259259258,3.187037037037037,4.698717948717949,4.743589743589744,2.2094017094017095,3.515151515151515,5.602777777777778,1.6055555555555556,7.013888888888888,7.154761904761905,2.365079365079365,6.475308641975309,4.809027777777778,4.996527777777779,3.337962962962963,9.388888888888888,5.1611111111111105,3.75,10.477777777777778,3.3777777777777778,2.712962962962963,7.722222222222223,10.722222222222221,3.7638888888888884,10.174603174603174,10.912698412698413,3.7222222222222223,7.3842592592592595,7.455555555555556,3.0069444444444446,8.50925925925926,10.88888888888889,4.46875,10.809027777777779,4.461805555555555,6.412037037037037,10.75,7.393518518518518,5.37037037037037,10.75,9.940972222222223,6.347222222222222,7.574652777777778,8.109375
V2-01.08.2024-C1SN.V42.csv,3.4623015873015874,3.875,9.664529914529915,2.7685185185185186,8.75462962962963,9.50925925925926,3.238888888888889,10.04861111111111,5.041666666666667,7.4603174603174605,5.376984126984127,8.62037037037037,2.077777777777778,7.305555555555555,8.455555555555556,5.116666666666666,2.9660493827160495,3.9166666666666665,4.746031746031746,4.0396825396825395,1.2718253968253967,1.6194444444444445,3.947530864197531,5.333333333333333,3.2283950617283947,6.493827160493827,5.222222222222222,7.727777777777778,5.441358024691358,2.3518518518518516,7.472222222222222,3.1888888888888887,8.822222222222223,3.7,8.772222222222222,3.5777777777777775,2.388888888888889,9.838888888888889,1.8444444444444443,4.321428571428571,10.37037037037037,11.023148148148149,2.2976190476190474,6.579365079365079,4.6309523809523805,3.986111111111111,4.35,4.805555555555555,5.143518518518518,10.439814814814813,9.462962962962962,4.78888888888889,13.183333333333334,11.894444444444444,6.96604938271605,9.944444444444445,10.36111111111111,7.083333333333333,6.388888888888888,6.904761904761905
V2-01.08.2024-C1SN.V43.csv,1.7592592592592593,3.2537037037037035,8.46111111111111,1.6354166666666667,7.100694444444445,10.178571428571429,2.013888888888889,9.162037037037036,2.683333333333333,4.169753086419753,3.9876543209876543,6.685185185185185,5.8277777777777775,4.058333333333334,1.4074074074074074,2.0574074074074074,3.1726190476190474,3.2857142857142856,3.8402777777777777,6.215277777777778,2.6666666666666665,3.0782828282828283,6.030555555555555,2.463888888888889,4.507936507936508,9.087962962962962,4.666666666666667,4.9907407407407405,5.116161616161616,3.952020202020202,4.560185185185185,8.037037037037036,4.083333333333333,4.138888888888889,4.561111111111111,7.5625,2.6180555555555554,8.895833333333334,8.50925925925926,5.083333333333333,11.743055555555555,4.607142857142857,4.162037037037037,9.324074074074074,3.6444444444444444,3.7555555555555555,11.458333333333334,2.125,4.777777777777778,12.40079365079365,4.98015873015873,5.96111111111111,15.083333333333334,11.45138888888889,2.3027777777777776,12.297222222222222,6.197530864197531,9.820987654320987,4.6157407407407405,5.578431372549019
V2-01.08.2024-C1SN.V48.csv,2.837962962962963,5.69949494949495,10.98989898989899,2.515873015873016,8.71031746031746,11.321428571428571,4.05,11.381944444444445,4.479166666666667,5.675925925925926,5.561728395061729,5.340277777777778,3.7847222222222223,7.131944444444445,10.340277777777779,4.569444444444445,5.694444444444445,5.367283950617284,4.764957264957265,5.354700854700855,4.349537037037037,3.7407407407407405,7.1157407407407405,6.50462962962963,7.055555555555555,10.050925925925926,3.238888888888889,7.920138888888889,3.9365079365079367,7.626984126984127,8.18888888888889,3.9944444444444445,10.71111111111111,4.105555555555555,6.072222222222222,7.958333333333332,2.5277777777777777,7.981481481481481,13.240740740740742,3.7453703703703707,11.935185185185185,12.625,4.355555555555556,10.222222222222221,5.483333333333333,4.655555555555556,4.3055555555555545,6.069444444444445,3.5912698412698414,11.583333333333334,7.007936507936508,8.627777777777778,13.534722222222221,12.45138888888889,7.108585858585858,8.472222222222223,5.647222222222222,8.752777777777778,5.27046783625731,6.172514619883041
V2-01.08.2024-C1SN.V49.csv,4.222222222222222,4.744791666666666,11.81076388888889,2.255050505050505,7.161616161616162,11.133333333333333,3.3518518518518516,9.944444444444445,9.605555555555554,4.228632478632479,6.277777777777778,5.482905982905983,3.6440972222222223,4.359375,2.4305555555555554,2.572530864197531,3.810185185185185,3.631172839506173,5.655555555555556,4.714814814814815,3.6706349206349205,1.8183760683760684,6.891025641025641,3.1047008547008548,8.994444444444444,8.086111111111112,2.063888888888889,3.927777777777778,4.646296296296296,8.340740740740742,3.580246913580247,4.882716049382716,10.82638888888889,3.6527777777777777,7.430555555555555,7.218253968253968,4.531746031746032,10.321428571428571,2.238095238095238,5.28030303030303,13.785353535353535,7.141666666666667,3.888888888888889,9.203703703703704,12.958333333333334,4.326388888888889,5.663194444444445,4.048611111111111,3.994949494949495,7.0227272727272725,13.158333333333333,7.0246913580246915,14.836805555555555,8.8125,9.699074074074074,12.583333333333332,8.012626262626263,7.008454106280193,8.06280193236715,7.450757575757576
V3-01.08.2024-C1SN.M07.csv,1.6649305555555556,4.517361111111112,7.064814814814815,1.4675925925925926,6.773148148148148,11.680555555555555,4.516666666666667,11.9375,5.256944444444445,5.941358024691358,3.574074074074074,7.788194444444445,5.105555555555555,10.743055555555557,5.805555555555556,5.75,4.633838383838384,2.7916666666666665,3.1323529411764706,3.3366013071895426,3.1753472222222223,3.1555555555555554,4.288888888888889,2.7469135802469133,6.605555555555556,11.638888888888888,8.166666666666666,6.413194444444445,3.513888888888889,8.552083333333334,9.631944444444445,8.305555555555555,10.64814814814815,2.3703703703703702,1.25,9.402777777777779,1.35,3.5222222222222226,12.034722222222223,5.282407407407407,12.35,11.955555555555556,5.175925925925926,7.694444444444445,4.455555555555556,4.194444444444445,7.743055555555555,12.98611111111111,1.7824074074074074,13.976851851851851,9.481481481481481,4.022222222222222,16.041666666666668,14.527777777777779,6.142361111111111,15.51388888888889,7.5396825396825395,8.539814814814815,4.676245210727969,3.8093869731800765
V3-01.08.2024-C1SN.M31.csv,1.3849206349206349,3.4087301587301586,9.5,1.4880952380952381,9.814814814814815,8.953703703703704,0.9111111111111111,10.11111111111111,8.395833333333332,5.579861111111111,5.125,6.940972222222222,3.7847222222222223,8.48611111111111,9.708333333333334,6.194444444444445,5.265432098765432,3.1512345679012346,4.503472222222222,2.0850694444444446,2.1041666666666665,3.161111111111111,3.1296296296296298,4.5,6.273148148148148,10.662037037037036,5.016666666666667,7.111111111111111,5.295138888888889,7.993055555555556,3.2222222222222223,8.988888888888889,10.618055555555557,2.8777777777777778,7.383333333333333,5.638888888888889,0.4305555555555556,6.944444444444445,10.99074074074074,2.853174603174603,11.666666666666666,11.907407407407408,6.027777777777778,6.49537037037037,3.5462962962962963,4.472222222222222,10.766666666666667,2.5208333333333335,5.325396825396825,10.791666666666666,8.800925925925926,2.925925925925926,12.018518518518519,11.661111111111111,7.488888888888889,9.354938271604938,5.663580246913581,6.5777777777777775,5.636111111111111,4.3011695906432745
V3-01.08.2024-C1SN.T10.csv,3.011111111111111,3.6814814814814816,8.642857142857142,5.126543209876543,7.549382716049382,9.9375,0.32936507936507936,3.599206349206349,7.658730158730159,5.28125,4.492063492063492,7.773809523809524,3.425925925925926,6.688888888888889,8.905555555555555,5.055555555555555,5.833333333333333,5.280864197530864,4.298148148148148,2.7888888888888888,2.435185185185185,2.4027777777777777,6.03125,5.211805555555555,6.111111111111111,9.398148148148149,6.412037037037037,6.484567901234568,5.197916666666667,5.378472222222222,5.634920634920635,4.746031746031746,4.158730158730158,0.9513888888888888,7.618055555555555,10.645833333333334,1.784722222222222,9.314814814814815,11.231481481481481,3.5039682539682535,10.949074074074073,11.231481481481481,5.939814814814815,4.49537037037037,9.322222222222223,3.666666666666667,10.1875,2.7870370370370368,5.791666666666666,11.226851851851851,8.189814814814815,9.257936507936508,10.25,2.4444444444444446,7.904320987654321,8.63888888888889,6.061728395061728,5.176713947990544,3.7819148936170213,4.592789598108747
V3-01.08.2024-C1SN.T81.csv,2.3796296296296293,2.5166666666666666,9.185185185185185,3.619047619047619,10.393518518518519,9.972222222222221,3.311111111111111,8.42361111111111,8.29861111111111,3.3333333333333335,2.941919191919192,7.463888888888889,3.888888888888889,7.527777777777778,7.85,4.8734567901234565,4.368055555555555,4.3125,3.3856209150326797,3.4166666666666665,1.7795138888888888,2.1543209876543212,6.708333333333333,2.3506944444444446,4.958333333333333,10.273148148148149,2.7962962962962963,4.607638888888889,7.027777777777778,6.940476190476191,2.716666666666667,8.866666666666667,9.541666666666668,1.8888888888888888,5.393518518518518,8.238888888888889,1.7083333333333335,7.104166666666667,9.597222222222223,1.9768518518518519,11.078703703703702,12.287037037037036,4.083333333333333,8.967592592592592,1.6722222222222223,3.166666666666667,9.333333333333334,10.52777777777778,2.011904761904762,12.420634920634921,5.956349206349206,6.24537037037037,12.772222222222222,11.82777777777778,7.845959595959596,6.919444444444444,4.2250000000000005,7.078125,6.798611111111111,7.501736111111112
V3-01.08.2024-C1SN.V12.csv,4.985042735042735,6.939814814814815,7.173611111111112,2.9722222222222223,10.601851851851851,8.722222222222223,5.4,9.57638888888889,3.7777777777777777,5.088888888888889,7.299382716049383,4.160493827160494,4.958333333333333,5.506944444444445,2.234126984126984,4.8805555555555555,4.816666666666666,3.588888888888889,3.44281045751634,3.3758169934640523,2.821895424836601,4.2444444444444445,3.5925925925925926,2.441358024691358,5.705555555555556,12.183333333333334,8.284722222222221,5.503472222222221,12.595238095238095,3.932539682539683,7.133333333333334,11.177777777777779,6.638888888888889,1.9675925925925926,4.65,8.166666666666668,0.8944444444444445,7.840277777777778,10.222222222222221,4.268518518518519,13.777777777777779,12.124999999999998,4.611111111111111,6.8277777777777775,6.661111111111111,2.2222222222222223,10.907407407407408,8.824074074074074,6.021604938271605,7.552083333333333,4.802083333333333,6.155555555555555,14.877777777777778,10.15,5.061111111111111,10.966049382716049,6.265432098765432,5.858187134502924,7.0511695906432745,5.735380116959065
V3-01.08.2024-C1SN.V15.csv,1.8849206349206349,5.156746031746032,9.217948717948717,3.0992063492063493,8.988095238095239,7.546296296296297,4.097222222222222,8.86111111111111,5.590277777777778,8.523809523809524,6.238095238095238,7.472222222222222,2.949074074074074,6.072222222222222,7.855555555555556,4.290123456790123,5.37962962962963,5.125,3.953125,3.4444444444444446,3.2814814814814812,2.496913580246914,6.4375,2.9444444444444446,7.657407407407407,10.322222222222221,4.588888888888889,8.351851851851851,11.175925925925926,4.483333333333334,4.338888888888889,10.354166666666668,10.784722222222221,2.9555555555555557,3.161111111111111,10.155555555555557,3.0277777777777777,9.36111111111111,9.203703703703702,4.0625,10.45486111111111,5.045138888888889,3.2222222222222223,8.194444444444443,10.881944444444445,2.5277777777777777,7.527777777777778,10.416666666666668,4.757936507936508,11.261904761904761,7.055555555555555,7.972222222222222,10.425925925925926,10.351851851851851,3.8271604938271606,10.935185185185185,7.648148148148149,7.570987654320988,8.131172839506172,4.228395061728395
V3-01.08.2024-C1SN.V42.csv,1.2648148148148148,3.638888888888889,8.505952380952381,4.571428571428571,10.86574074074074,11.046296296296296,3.477777777777778,10.715277777777779,4.659722222222222,5.564814814814815,4.885416666666667,5.881944444444445,1.7166666666666668,8.011111111111111,9.618055555555555,3.2993827160493825,5.538194444444445,5.253472222222222,3.8055555555555554,5.287878787878788,4.263888888888889,3.5104166666666665,7.781249999999999,1.527777777777778,7.412037037037037,11.988888888888889,3.661111111111111,3.28125,11.281746031746032,6.1190476190476195,8.711111111111112,2.1875,10.937500000000002,2.033333333333333,5.069444444444445,12.319444444444443,1.05,3.0055555555555555,12.708333333333334,3.7083333333333335,13.055555555555555,3.3452380952380953,3.076388888888889,10.631944444444445,12.453703703703702,3.5166666666666666,6.15,4.527777777777778,3.8854166666666665,9.615079365079366,7.563492063492063,7.066666666666666,13.855555555555556,11.479166666666668,6.768518518518518,7.901515151515151,4.7853535353535355,6.317204301075269,5.211469534050179,3.4372759856630823
V3-01.08.2024-C1SN.V43.csv,1.9027777777777777,4.192460317460317,9.285714285714285,3.547619047619048,9.425925925925926,9.782407407407408,2.5416666666666665,8.770833333333334,8.222222222222221,5.319444444444445,4.652777777777778,7.642361111111112,3.555555555555556,7.133333333333334,8.777777777777779,5.15,4.930555555555555,3.2694444444444444,4.333333333333333,3.6645299145299144,2.636574074074074,2.3005050505050506,4.7727272727272725,2.763888888888889,5.986111111111112,8.88888888888889,3.462962962962963,4.012345679012346,5.317901234567901,7.527777777777778,4.948412698412699,8.5,4.574074074074074,3.259259259259259,1.2166666666666666,10.483333333333333,1.4930555555555556,3.729166666666667,11.215277777777777,3.0198412698412698,11.587962962962964,10.86111111111111,4.666666666666667,10.060185185185185,3.7824074074074074,2.111111111111111,8.268518518518519,11.092592592592593,2.2222222222222223,12.342592592592592,10.606481481481483,6.962962962962964,13.291666666666666,10.972222222222223,8.472222222222223,6.947222222222223,6.012345679012346,7.428819444444445,7.774074074074074,7.803703703703704
V3-01.08.2024-C1SN.V48.csv,1.4428104575163399,3.435763888888889,8.734375,2.7694444444444444,3.935185185185185,5.824074074074074,1.4722222222222223,10.819444444444445,8.87962962962963,5.628472222222222,6.569444444444445,5.746031746031746,3.072222222222222,7.625,9.590277777777777,5.086111111111111,4.680555555555555,5.358333333333333,5.444444444444444,3.5,3.025462962962963,3.0034722222222223,4.402777777777778,5.805555555555555,8.255555555555556,11.516666666666667,6.111111111111111,9.630952380952381,9.198412698412698,2.0324074074074074,3.9111111111111114,7.854166666666668,12.98611111111111,3.013888888888889,8.972222222222221,12.555555555555555,2.2152777777777777,3.888888888888889,12.416666666666668,4.069444444444445,12.872222222222222,12.5,5.277777777777778,9.305555555555555,13.685185185185185,3.8666666666666667,4.016666666666667,7.381944444444445,5.23015873015873,13.305555555555555,6.3657407407407405,6.578703703703704,13.033333333333333,12.538888888888888,5.521604938271605,12.021604938271606,7.239583333333334,10.37673611111111,6.071180555555555,6.166666666666667
V3-01.08.2024-C1SN.V49.csv,2.9444444444444446,4.127450980392157,10.673202614379086,3.694444444444444,10.325,10.222222222222221,4.6309523809523805,9.796296296296296,6.333333333333333,5.37037037037037,4.921296296296297,7.247685185185185,4.090277777777778,7.742063492063492,8.873015873015873,5.265873015873016,5.434523809523809,3.9781746031746033,3.20679012345679,2.2051282051282053,3.810897435897436,2.576388888888889,7.849537037037037,3.3680555555555554,9,12.61111111111111,5.2976190476190474,7.731481481481481,9.502314814814815,5.032828282828283,6.146464646464646,5.027777777777778,5.097222222222222,2.6865079365079363,3.5198412698412698,11.182539682539682,2.1481481481481484,7.87962962962963,10.00925925925926,4.108585858585858,11.717171717171716,9.061111111111112,5.095679012345679,8.84375,6.190972222222222,4.333333333333333,6.847222222222222,6.185185185185185,6.386363636363637,12.595959595959595,4.802777777777778,8.666666666666666,14.13888888888889,12.392857142857144,7.966666666666667,9.573412698412698,6.4563492063492065,8.03525641025641,5.784722222222222,5.110042735042735
V4-01.08.2024-C1SN.M07.csv,0.9878472222222222,3.3125,8.757407407407408,2.4722222222222223,10.083333333333334,4.78125,2.6018518518518516,7.305555555555555,5.133333333333333,6.017361111111111,5.951388888888889,4.243055555555555,1.6481481481481481,5.828703703703704,7,5.116666666666667,6.163888888888889,5.188271604938271,5.097222222222222,2.466666666666667,2.761111111111111,3.6458333333333335,3.0787037037037037,1.8773148148148149,6.949074074074074,8.365740740740742,4.661111111111111,5.090277777777778,10.686507936507937,5.23015873015873,7.356481481481482,7.462962962962963,4.101851851851852,1.8166666666666667,5.855555555555555,7.183333333333334,3.0238095238095237,4.819444444444445,3.763888888888889,5.813492063492063,11.337301587301587,10.421296296296296,4.731481481481481,6.837962962962963,5.283333333333333,3.783333333333333,5.916666666666667,5.402777777777778,5.575396825396825,11.652777777777779,10.50462962962963,7.646825396825396,8.884920634920634,5.902777777777778,7.1722222222222225,7.65,6.169753086419753,7.248611111111111,5.0891812865497075,4.058479532163743
V4-01.08.2024-C1SN.M31.csv,2.161764705882353,4.13562091503268,8.49673202614379,2.7592592592592595,9.601851851851853,8.588888888888889,2.7083333333333335,3.1666666666666665,10.13888888888889,4.219135802469135,4.148148148148148,8.208333333333332,1.5185185185185184,7.811111111111111,8.405555555555555,5.483333333333333,5.475,4.7746913580246915,2.718888888888889,1.3506944444444444,2.148148148148148,2.4185185185185185,2.1507936507936507,2.807539682539683,8.53968253968254,9.856481481481481,0.7546296296296297,3.0123456790123457,4.351851851851852,8.256172839506172,4.729166666666667,3.626984126984127,7.476190476190476,3.261111111111111,2.763888888888889,12.243055555555557,1.7430555555555556,7.604166666666667,10.12037037037037,3.6269841269841274,13.285714285714286,6.42063492063492,3.888888888888889,9.86111111111111,10.604166666666666,2.2333333333333334,3.9652777777777777,11.0625,5.027777777777778,11.481481481481481,9.898148148148149,1.4444444444444444,11.809027777777777,6.052083333333333,7.657407407407407,5.2146464646464645,4.512626262626263,7.095029239766082,4.807017543859649,5.554093567251462
V4-01.08.2024-C1SN.T10.csv,1.3388888888888888,3.6296296296296298,9.101851851851851,2.6746031746031744,8.321428571428571,9.384920634920634,1.7444444444444445,8.672222222222222,5.409722222222222,6.01984126984127,7.384920634920634,5.3730158730158735,4.675925925925926,6.783333333333333,6.816666666666666,4.682098765432099,5.0246913580246915,4.666666666666667,4.503086419753086,1.3218954248366013,2.284313725490196,2.3694444444444445,4.734567901234568,3.5339506172839505,5.027777777777778,7.642361111111112,3.4444444444444446,5.455555555555556,3.263888888888889,7.447530864197531,1.8944444444444444,8.605555555555556,9.894444444444444,2.576388888888889,8.604166666666666,10.518518518518519,0.9444444444444444,7.736111111111111,10.833333333333334,3.503968253968254,10.515873015873016,11.222222222222221,4.125,10.166666666666666,10.319444444444443,3.2685185185185186,9.777777777777779,8.314814814814815,7.114583333333333,9.428571428571429,4.059523809523809,8.768518518518519,10.532407407407408,5.189814814814815,8.125,8.155555555555555,4.6722222222222225,8.166666666666666,5.68859649122807,5.304093567251462
V4-01.08.2024-C1SN.T81.csv,1.3732638888888888,4.166666666666667,7.838541666666667,1.2380952380952381,7.130952380952381,8.523809523809524,3.538888888888889,8.022222222222222,3.772222222222222,5.268518518518518,5.188271604938271,4.434027777777778,3.8796296296296298,6.601851851851852,6.527777777777778,4.684027777777778,5.065972222222222,3.7976190476190474,2.8796296296296298,3.7847222222222223,2.412037037037037,2.1840277777777777,5.336805555555555,1.8784722222222223,7.071428571428571,7.9259259259259265,1.8055555555555556,5.705555555555556,3.54320987654321,5.033950617283951,2.4212962962962963,7.74537037037037,7.101851851851851,2.7824074074074074,3.577777777777778,8.188888888888888,2.1527777777777777,8.944444444444445,7.888888888888888,2.9652777777777777,9.100694444444445,5.96875,4.263888888888889,8.066666666666666,4.572222222222222,3.939814814814815,6.538888888888889,4.361111111111111,4.767361111111111,9.354166666666668,5.5396825396825395,4.984126984126984,9.675925925925926,9.912037037037038,3.7628205128205128,7.194444444444445,4.433760683760684,5.8088235294117645,5.936274509803922,5.888888888888889
V4-01.08.2024-C1SN.V12.csv,2.3222222222222224,4.159259259259259,9.025925925925925,2.8854166666666665,8.4375,8.73015873015873,3.9375,9.88888888888889,6.657407407407407,6.309027777777778,5.051587301587301,8.880952380952381,2.5436507936507935,7.578703703703704,6.981481481481482,5.16358024691358,5.404320987654321,3.451388888888889,5.727430555555555,3.9537037037037037,2.0925925925925926,2.623456790123457,7.833333333333334,1.5416666666666667,6.420634920634921,9.78968253968254,3.6018518518518516,5.503472222222222,8.927083333333334,7.1269841269841265,7.425925925925926,3.5046296296296298,7.601851851851852,4.182539682539683,2.976851851851852,7.398148148148149,2.4444444444444446,8.027777777777779,8.13888888888889,4.486111111111112,9.95486111111111,4.628472222222222,4.107142857142858,7.888888888888889,3.5879629629629632,4.25,7.541666666666667,3.1666666666666665,4.555555555555555,11.50462962962963,8.648148148148149,3.1865079365079367,10.3015873015873,9.699074074074074,5.987654320987654,10.515432098765432,6.8580246913580245,6.099206349206349,4.578042328042328,5.12962962962963
V4-01.08.2024-C1SN.V15.csv,1.5796296296296297,3.887037037037037,9.299603174603174,5.416666666666667,9.15873015873016,7.2103174603174605,2.8333333333333335,7.9222222222222225,7.277777777777778,6.801587301587302,9.972222222222221,8.449074074074074,3.625,5.7555555555555555,7.461111111111111,4.388888888888889,4.888888888888889,4.072222222222222,3.855820105820106,2.054232804232804,1.9555555555555555,2.238888888888889,5.197530864197531,4.348765432098766,5.468253968253968,10.773148148148147,7,7.072222222222223,2.577777777777778,8.135802469135802,8.777777777777779,10.101851851851851,11.38888888888889,3.3777777777777778,10.291666666666668,4.770833333333333,2.3055555555555554,8.708333333333332,10.185185185185185,3.208333333333333,9.76388888888889,10.928571428571427,5.103174603174603,4.6230158730158735,3.9444444444444446,2.4722222222222223,8.444444444444445,4.694444444444445,5.267361111111111,10.225694444444445,4.027777777777778,6.462962962962963,10.50925925925926,10.238888888888889,5.181623931623932,7.869658119658119,2.8162393162393164,5.498611111111111,6.027777777777778,6.0453216374269
V4-01.08.2024-C1SN.V42.csv,1.2743055555555556,3.4166666666666665,8.09201388888889,2.560185185185185,9.125,10.726851851851851,2.6527777777777777,10.5,8.287037037037038,3.8981481481481484,4.583333333333334,8.697916666666666,2.087962962962963,8.027777777777779,5.824074074074074,4.9527777777777775,4.305555555555555,3.091666666666667,3.152173913043478,1.9242424242424243,1.5606060606060606,3.113888888888889,6.450617283950617,1.2253086419753085,6.402777777777778,11.069444444444445,6.633333333333333,5.169753086419753,9.753086419753085,2.1319444444444446,3.2896825396825395,7.166666666666667,6.035714285714286,1.7222222222222223,2.55,9.766666666666666,2.0555555555555554,4.430555555555556,11.666666666666668,4.625,12.65,14.705555555555556,3.8888888888888893,7.383333333333333,7.722222222222221,3.5,10.1875,2.201388888888889,4.908730158730159,12.98015873015873,4.4523809523809526,5.455555555555555,14.516666666666667,12.51388888888889,7.518518518518518,8.953703703703704,7.08641975308642,6.342171717171717,6.084656084656085,4.394179894179894
V4-01.08.2024-C1SN.V43.csv,2.2549019607843137,4.086805555555555,7.65625,2.21875,8.23015873015873,9.71031746031746,2.9611111111111112,8.555555555555557,8.76388888888889,3.6820987654320985,2.8796296296296298,8.432098765432098,3.4944444444444445,7.844444444444444,8.777777777777779,4.935185185185185,6.100694444444445,5.059027777777778,3.857638888888889,1.8975694444444444,1.7314814814814814,2.362962962962963,2.7981481481481483,4.708333333333333,6.785714285714286,9.634920634920634,2.9027777777777777,4.26984126984127,13.027777777777779,6.773148148148148,2.5388888888888888,9.066666666666666,9.868055555555555,2.8333333333333335,4.298611111111111,11.208333333333334,4.022222222222222,6.488888888888889,8.770833333333334,4.615079365079365,12.857142857142858,4.902777777777778,4.407407407407407,8.433333333333334,4.688888888888888,4,5.703703703703703,12.240740740740742,2.265432098765432,10,5.763888888888888,7.4944444444444445,12.1,9.655555555555555,7.2272727272727275,6.613636363636364,4.792929292929293,7.001262626262626,3.301767676767677,4.804232804232805
V4-01.08.2024-C1SN.V48.csv,1.3194444444444444,4.087301587301587,8.85515873015873,4.313492063492064,9.462962962962964,8.5,2.7555555555555555,8.416666666666666,7.694444444444445,4.521604938271605,4.169753086419753,6.91358024691358,3.3402777777777777,7.743055555555555,10.256944444444445,5.5,5.47008547008547,5.786324786324786,4.18287037037037,4.666666666666666,2.643939393939394,3.4618055555555554,7.871527777777778,2.7430555555555554,6.013888888888889,10.777777777777777,8.616666666666667,6.827160493827161,5.422839506172839,3.5925925925925926,5.154761904761905,3.6706349206349205,5.62962962962963,3.0925925925925926,8.731481481481481,13.703703703703702,3.5347222222222223,10.24074074074074,13.518518518518519,4.944444444444445,14.38888888888889,13.488888888888889,4.944444444444445,9.215277777777779,13.759259259259258,3.7847222222222223,8.175925925925926,8.555555555555554,5.055555555555555,12.597222222222223,9.24074074074074,5.282407407407407,13.458333333333334,7.819444444444445,7.219135802469136,10.320987654320987,6.864583333333334,8.118421052631579,5.737654320987654,6.121913580246914
V4-01.08.2024-C1SN.V49.csv,2.2328042328042326,5.1819444444444445,9.616666666666667,2.0277777777777777,8.694444444444445,10.604938271604938,3.761111111111111,10.033333333333333,10.405555555555555,6.476851851851852,5.810185185185185,6.553030303030304,3.7534722222222223,7.420138888888889,7.006944444444445,4.732142857142857,5.376068376068376,3.173076923076923,4.40625,2.8442028985507246,2.0567632850241546,2.594017094017094,6.349537037037037,4.738425925925926,5.242063492063492,11.543650793650794,8.222222222222221,5.3769841269841265,6.1068376068376065,8.36965811965812,4.354166666666667,7.630952380952381,11.480158730158731,3.888888888888889,4.178571428571429,11.180555555555555,2.5555555555555554,6.259259259259259,13.177777777777777,5.992424242424242,12.502777777777778,7.638888888888889,2.9318181818181817,7.122222222222222,5.461111111111111,1.6493055555555556,7.138888888888889,5.380952380952381,5.7853535353535355,13.277777777777777,5.569444444444444,6.496913580246914,12.824074074074074,8.354938271604938,8.231481481481481,7.6537037037037035,6.290740740740741,6.11522633744856,7.20164609053498,5.2746913580246915
V5-01.08.2024-C1SN.M07.csv,2.001984126984127,3.8412698412698414,9.23931623931624,3.5674603174603177,10.01984126984127,6.218253968253968,0.9861111111111112,6.201388888888889,11.729166666666666,6.211805555555555,6.902777777777779,4.517361111111112,4.0092592592592595,3.0046296296296298,8.700000000000001,5.097222222222222,6.489583333333334,4.865079365079365,5.029761904761905,3.6965811965811968,2.9444444444444446,2.382716049382716,4.851851851851852,4.416666666666667,6.6990740740740735,10.133333333333333,6.616666666666666,7.1265432098765435,4.753472222222222,8.739583333333334,7.064814814814815,2.9814814814814814,9.422222222222222,3.7277777777777774,2.6597222222222223,12.229166666666666,2.048611111111111,2.1666666666666665,12.819444444444445,4.444444444444445,10.738095238095239,6.5476190476190474,4.939814814814815,7.472222222222222,5.2444444444444445,3.2888888888888888,10.673611111111112,2.0347222222222223,3.8666666666666667,13.266666666666667,12.983333333333334,5.175925925925926,15.105555555555556,12.350000000000001,5.472222222222221,14.206349206349206,11.99074074074074,6.412037037037037,5.604938271604938,5.333333333333333
V5-01.08.2024-C1SN.M31.csv,1.846153846153846,4.5747863247863245,12.036324786324787,2.675925925925926,8.398148148148147,10.847222222222223,3.263888888888889,10.842592592592592,9.768518518518519,4.325757575757576,5.1305555555555555,5.541666666666667,3.6527777777777777,8.63888888888889,9.67361111111111,5.333333333333334,5.8125,4.826388888888889,3.2857142857142856,4.705128205128205,2.7243589743589745,2.1565656565656566,5.5777777777777775,1.8277777777777777,6.923611111111111,6.428571428571428,1.9007936507936507,4.363425925925926,5.3510101010101,3.1843434343434343,3.4768518518518516,7.472222222222222,8.161111111111111,3.0787037037037037,3.888888888888889,8.977777777777778,1.0694444444444444,6.7407407407407405,12.824074074074073,3.0436507936507935,10.162037037037038,13.407407407407408,3.6,7.305555555555555,10.430555555555555,2.7555555555555555,5.716666666666667,4.680555555555555,3.4682539682539684,11.043650793650794,8.84920634920635,5.773809523809524,11.84920634920635,3.9523809523809526,7.686111111111111,9.253086419753087,6.077160493827161,6.507309941520468,5.878654970760234,6.162037037037037
V5-01.08.2024-C1SN.T10.csv,1.1277777777777778,4.407407407407407,8.148809523809524,2.185185185185185,3.7037037037037037,9.67361111111111,4.166666666666666,11.37037037037037,11.472222222222221,4.555555555555555,4.333333333333333,8.496527777777779,4.733333333333333,9.044444444444444,5.127777777777777,1.8972222222222221,3.311111111111111,5.910493827160494,5.075757575757576,4.303030303030303,3.3944444444444444,2.202380952380952,4.444444444444445,6.392857142857142,6.791666666666666,9.912037037037036,6.555555555555556,4.324074074074074,9.100694444444445,3.7152777777777772,3.077777777777778,10.354166666666668,10.770833333333334,2.305555555555556,8.75,10.583333333333334,3.2569444444444446,7.013888888888889,11.36111111111111,6.646825396825397,11.091269841269842,7.178571428571429,5.912037037037037,10.172222222222222,2.0444444444444443,3.6319444444444446,8.125,4.270833333333333,4.28125,11.476190476190476,6.261904761904762,7.513888888888889,11.21111111111111,9.8,8.11111111111111,5.1893939393939394,6.533333333333334,6.675925925925926,6.725925925925926,6.161111111111111
V5-01.08.2024-C1SN.T81.csv,1.4930555555555556,3.3090277777777777,7.67962962962963,1.9691358024691359,7.972222222222222,3.9305555555555554,6.038888888888889,7.819444444444445,3.0555555555555554,5.190972222222222,5.784722222222222,5.26984126984127,4.983333333333333,7.041666666666666,7.840277777777778,5.491666666666667,3.8666666666666667,4.3277777777777775,1.837037037037037,5.342592592592593,2.2055555555555557,2.399305555555556,4.920138888888889,4.684027777777778,5.236111111111111,7.256944444444445,1.5902777777777777,6.397222222222222,2.5462962962962963,6.095679012345679,7.842592592592593,7.116666666666666,3.533333333333333,3.3777777777777778,7.972222222222222,2.5,6.37962962962963,3.3666666666666667,3.261111111111111,5.726851851851851,9.86111111111111,8.592592592592592,4.421296296296297,6.152777777777779,5.972222222222222,1.9722222222222223,5.2,5.261111111111111,5.111111111111111,9.242063492063492,6.277777777777778,8.104166666666666,7.322916666666667,4.416666666666667,6.45,8.363888888888889,4.927777777777778,6.643055555555556,4.886111111111111,4.37719298245614
V5-01.08.2024-C1SN.V12.csv,2.375,3.202380952380952,9.551282051282051,3.8412698412698414,10.988095238095239,8.63888888888889,4.076388888888889,9.902777777777779,6.824074074074074,6.281746031746032,4.916666666666667,8.11574074074074,4.027777777777778,7.1722222222222225,7.15,3.6141975308641974,3.8580246913580245,3.6635802469135803,5.347222222222221,5.910493827160494,3.259259259259259,2.0555555555555554,5.395833333333333,5.010416666666667,5.809523809523809,9.152777777777779,3.162037037037037,5.208333333333333,7.0476190476190474,7.781746031746032,7.824074074074074,7.476851851851852,4.8657407407407405,2.511111111111111,5.144444444444445,9.256944444444446,4.35,7.094444444444445,3.55,6.40625,10.4375,3.4126984126984126,2.9944444444444445,9.594444444444443,9.979166666666666,3.5,7.944444444444445,6.7592592592592595,6.180555555555555,11.961111111111112,9.588888888888889,4.709876543209877,10.45138888888889,3.9131944444444446,7.652777777777778,7.703703703703704,7.574074074074074,4.782407407407407,7.24537037037037,5.601307189542483
V5-01.08.2024-C1SN.V15.csv,1.5572916666666667,2.4878472222222223,9.283333333333333,2.673611111111111,6.482638888888889,11.940972222222221,1.8333333333333333,8.291666666666668,10.368055555555555,5.809523809523809,8.13888888888889,9.152777777777779,3.4277777777777776,7.7555555555555555,8.79861111111111,4.929012345679013,5.12037037037037,4.435185185185185,4.076923076923077,5.14957264957265,2.0598290598290596,2.0634920634920637,7.150793650793651,3.742063492063492,4.400793650793651,11.126984126984127,1.8287037037037037,7.003086419753086,4.262345679012346,6.811728395061729,2.916666666666667,7.794444444444444,10.372222222222222,1.369047619047619,2.6865079365079367,10.74537037037037,2.25,8.296296296296296,13.018518518518519,2.0987654320987654,11.440972222222223,6.114583333333333,4.736111111111111,8.594444444444445,5.105555555555555,4.538888888888889,5.465277777777778,5.472222222222223,6.662698412698413,14.876984126984127,3.6865079365079363,8.444444444444445,14.13425925925926,3.1222222222222222,7.145833333333334,4.724537037037037,5,6.151234567901235,7.162037037037037,5.231481481481482
V5-01.08.2024-C1SN.V42.csv,1.9,4.863095238095238,8.642857142857142,2.2314814814814814,9.61111111111111,8.976851851851851,2.145833333333333,8.722222222222223,8.451388888888888,4.71875,5.149305555555555,8.586805555555555,4.072222222222222,7.616666666666666,8.583333333333334,5.083333333333333,6.719135802469136,5.425925925925926,4.140873015873016,4.745726495726496,2.438034188034188,2.4409722222222223,7.086805555555555,2.8819444444444446,7.095238095238095,10.257936507936508,3.5185185185185186,7.472222222222221,5.476190476190476,5.765873015873016,7.205555555555556,9.131944444444445,7.472222222222222,2.6296296296296298,3.8796296296296298,6.898148148148148,2.4583333333333335,9.62037037037037,10.092592592592592,4.398148148148148,13.294444444444444,13.244444444444445,4.893518518518518,6.961111111111111,6.5777777777777775,3.7944444444444443,6.875,5.5,6.325396825396826,11.234126984126984,4.810185185185185,7.634920634920634,11.063492063492063,3.051587301587302,7.655555555555556,7.122222222222222,5.622222222222222,5.248538011695906,7.290123456790123,5.8580246913580245
V5-01.08.2024-C1SN.V43.csv,1.8480392156862746,5.676470588235294,7.681372549019607,2.7037037037037037,10.541666666666666,9.537037037037038,2.9097222222222223,10.291666666666664,8.222222222222221,5.649305555555555,5.591269841269842,10.619047619047619,3.2222222222222223,7.854166666666666,10.069444444444445,4.476190476190476,7.26984126984127,5.59920634920635,4.819444444444445,3.2281746031746033,2.7718253968253967,2.3819444444444446,4.326388888888889,5.930555555555555,7.268518518518519,11.2,4.9222222222222225,6.690972222222222,6.023809523809524,8.095238095238095,5.430555555555555,11.583333333333332,8.48611111111111,2.4444444444444446,1.4388888888888889,10.522222222222222,2.9305555555555554,8.11111111111111,11.722222222222221,5.314814814814816,10.962962962962962,10.066666666666666,5.272222222222222,10.755555555555556,3.888888888888889,4.104166666666667,9.784722222222221,10.472222222222221,5.0396825396825395,11.674603174603174,5.231481481481481,6.0777777777777775,11.172222222222222,11.066666666666666,7.313888888888889,9.697222222222223,5.563888888888889,8.515873015873016,7.765873015873016,5.892857142857143
V5-01.08.2024-C1SN.V48.csv,1.4737654320987654,2.964506172839506,7.6080246913580245,3.810185185185185,10.412037037037036,10.544444444444444,2.6875,10.472222222222221,9.175925925925926,6.095238095238095,8.341269841269842,8.532407407407407,3.966666666666667,7.561111111111111,9.216666666666667,5.127777777777777,5.338888888888889,3.05,3.9411764705882355,3.2173202614379086,1.9052287581699345,1.9270833333333333,5.416666666666667,5.65625,7.268518518518518,6.277777777777778,1.3819444444444444,4.447530864197531,5.228395061728395,8.45138888888889,2.8833333333333333,9.659722222222221,11.354166666666666,2.939814814814815,10.13888888888889,3.3722222222222222,4.072222222222222,8.493055555555555,3.541666666666667,3.333333333333333,11.481481481481481,12.972222222222221,5.046296296296297,7.222222222222222,4.018518518518518,3.1722222222222225,5.888888888888889,6,4.680555555555555,11.416666666666668,10.38888888888889,6.107142857142857,11.682539682539682,5.87037037037037,6.232323232323233,6.76010101010101,5.378787878787879,6.592105263157895,6.4035087719298245,5.930555555555555
V5-01.08.2024-C1SN.V49.csv,1.3786549707602338,5.25462962962963,9.955246913580247,2.611111111111111,9.882716049382715,9.11111111111111,3.3240740740740744,10.800925925925926,9.13425925925926,7.608333333333333,5.633333333333333,8.066666666666666,3.805555555555556,8.626984126984127,10.126984126984127,3.9277777777777776,7.480555555555556,4.980555555555556,4.7630718954248366,3.9362745098039214,4.2026143790849675,2.871794871794872,3.931623931623932,4.9282407407407405,6.569444444444445,9.483333333333334,2.6512345679012346,7.622222222222222,9.518518518518519,7.660493827160494,4.876262626262626,9.727777777777778,1.9055555555555557,4.925925925925926,7.940972222222221,2.204861111111111,2.884920634920635,8.063492063492063,6.486111111111111,3.5235042735042734,9.703703703703704,8.560185185185185,2.404320987654321,5.728395061728396,9.598765432098764,2.2604166666666665,5.826388888888889,7.071428571428571,5.472222222222222,9.901041666666666,5.795138888888889,5.111111111111111,10.644444444444444,9.18611111111111,5.404320987654321,7.932098765432099,5.529320987654321,7.5010683760683765,6.346666666666667,5.01
V6-01.08.2024-C1SN.M07.csv,1.3774509803921569,3.9010416666666665,8.789930555555555,3.8095238095238098,9.253968253968255,9.842592592592593,3.319444444444444,9.881944444444445,7.2407407407407405,7.65625,9.865079365079366,3.4007936507936507,5.433333333333334,7.888888888888888,8.381944444444445,4.53125,6.309027777777778,4.908730158730159,5.638888888888889,3.9393939393939394,3.444444444444444,2.7103174603174605,9.652777777777777,2.555555555555556,7.234126984126984,11.027777777777777,3.287037037037037,5.533950617283951,4.87962962962963,8.166666666666668,9.37037037037037,3.888888888888889,6.105555555555556,4.819444444444445,4.25462962962963,6.907407407407408,4.055555555555555,10.26388888888889,1.527777777777778,4.125,10.995370370370372,11.74537037037037,4.569444444444445,6.041666666666667,4.0092592592592595,3.6555555555555554,4.75,7.423611111111111,6.0436507936507935,11.515873015873016,4.055555555555555,6.142361111111111,10.511904761904761,4.924603174603175,7.376262626262626,6.282828282828283,5.475,5.006944444444445,4.445601851851852,4.916666666666667
V6-01.08.2024-C1SN.M31.csv,1.7666666666666666,4.016666666666667,8.761904761904761,2.8531746031746033,10.75925925925926,10.601851851851851,3.701388888888889,10.481481481481481,10.5,5.709876543209877,6.512345679012346,3.986111111111111,3.9166666666666665,8.738888888888889,10.42361111111111,4.533333333333333,4.6080246913580245,4.885802469135802,4.3,2.7981481481481483,3.111111111111111,2.234126984126984,7.865079365079365,3.1587301587301586,6.055555555555555,9.56111111111111,6.383333333333333,4.3919753086419755,3.8703703703703707,8.722222222222221,5.472222222222222,4.7444444444444445,9.633333333333335,2.611111111111111,5.805555555555555,13.138888888888888,3.011111111111111,11.11111111111111,3.020833333333333,3.023148148148148,10.356481481481483,12.768518518518517,4.177777777777778,11.477777777777778,3.3541666666666665,4.7592592592592595,6.435185185185185,13.527777777777777,2.7268518518518516,12.472222222222221,12.097222222222221,5.288888888888889,11.916666666666668,12.872222222222222,6.403846153846154,5.9375,4.958333333333334,6.516666666666667,4.759722222222222,6.35233918128655
V6-01.08.2024-C1SN.T10.csv,2.074786324786325,3.6132478632478633,9.73076923076923,3.234126984126984,7.174603174603175,12.282407407407408,2.729166666666667,9.368055555555555,9.694444444444445,4.7444444444444445,5.9944444444444445,4.885802469135802,4.416666666666666,8.729166666666668,11.12962962962963,4.833333333333334,7.291666666666667,5.328703703703703,4.097222222222222,6.525,3.623456790123457,4.571428571428571,8.38888888888889,1.0787037037037037,7.0436507936507935,10.282407407407408,2.939814814814815,8.384920634920634,6.148148148148148,7.314814814814815,5.074074074074074,2.5046296296296298,9.041666666666666,2.7333333333333334,2.45,10.738888888888889,1.7291666666666665,7.5625,11.314814814814815,3.9583333333333335,11.097222222222223,7.646825396825397,3.433333333333333,9.402777777777777,11.32638888888889,3.990740740740741,10.037037037037038,11.194444444444445,7.065972222222222,11.448412698412698,5.428571428571429,3.984126984126984,11.15079365079365,6.011904761904762,8.255555555555555,6.711111111111111,6.286111111111111,8.15079365079365,6.426587301587301,7.252136752136752
V6-01.08.2024-C1SN.T81.csv,1.0375816993464053,4.065359477124183,5.766339869281046,2.3958333333333335,8.041666666666666,6.9375,4.233333333333333,8.57638888888889,4.145833333333333,4.290123456790123,4.121527777777778,7.447916666666666,5.972222222222222,7.238888888888889,8.316666666666666,5.113888888888889,4.203703703703703,4.012345679012346,3.876068376068376,4.384615384615385,2.480769230769231,2.4365079365079367,6.424603174603175,2.9682539682539684,6.75462962962963,9.56111111111111,4.594444444444445,5.382716049382716,7.322916666666667,6.864583333333334,8.55,8.422222222222222,5.472222222222222,3.0069444444444446,10.57638888888889,5.159722222222222,4.798611111111111,8.49074074074074,8.61111111111111,6.476190476190476,10.654761904761903,5.285714285714286,8.63888888888889,9.333333333333332,10.046296296296296,3.35,10.368055555555555,2.201388888888889,8.703703703703704,10.38425925925926,5.694444444444445,3.3368055555555554,10.936507936507937,6.146825396825397,6.864583333333333,10.197916666666666,7.934027777777778,6.747076023391813,6.092105263157895,4.824561403508772
V6-01.08.2024-C1SN.V12.csv,0.43148148148148147,3.599206349206349,9.748015873015873,2.5,7.4675925925925934,11.356481481481481,2.916666666666667,11.222222222222223,8.342592592592593,4.435185185185185,4.152777777777778,8.600694444444445,4.060185185185185,8.377777777777778,7.5777777777777775,4.597222222222222,5.979166666666666,2.3020833333333335,4.8657407407407405,4.16919191919192,2.542929292929293,2.2916666666666665,7.559027777777778,3.6354166666666665,4.239583333333333,7.378472222222222,2.944444444444444,9.333333333333334,4.027777777777778,9.222222222222223,2.9555555555555557,11.256944444444445,11.979166666666666,2.8944444444444444,4.088888888888889,10.716666666666665,2.048611111111111,4.916666666666667,13.305555555555555,5.587962962962963,13.819444444444445,6.884259259259259,4.444444444444445,8.683333333333334,7.016666666666667,1.5,8.027777777777779,5.909722222222222,5.388888888888888,13.953703703703704,8.527777777777777,10.046296296296296,10.62962962962963,5.166666666666667,6.8580246913580245,11.540123456790123,6.71875,6.4830246913580245,6.856209150326798,5.086601307189542
V6-01.08.2024-C1SN.V15.csv,1.7203703703703703,2.9944444444444445,9.321428571428571,2.9722222222222223,10.064814814814815,12.694444444444445,3.6597222222222223,10.270833333333332,10.5625,6.715277777777778,7.611111111111111,4.215277777777778,3.3444444444444446,8.07638888888889,9.416666666666666,4.984567901234568,6.901234567901235,4.916666666666667,2.869281045751634,3.0277777777777777,2.803819444444444,2.8083333333333336,7.138888888888888,3.947530864197531,6.7555555555555555,12.438888888888888,5.604166666666666,8.753968253968253,5.3657407407407405,8.13425925925926,3.365740740740741,10.61111111111111,4.592592592592593,4.061111111111111,3.2777777777777777,8.95,2.611111111111111,5.201388888888889,13.620370370370372,2.5793650793650795,6,16.171296296296298,4.9222222222222225,8.761111111111111,5.127777777777777,3.1296296296296298,7.824074074074074,12.601851851851851,3.7916666666666665,5.881944444444445,12.825396825396824,6.226851851851851,10.578703703703704,9.601851851851851,5.18287037037037,7.421296296296296,6.679292929292929,4.9125,7.036111111111111,5.388888888888889
V6-01.08.2024-C1SN.V42.csv,1.8169934640522876,4.262152777777778,7.166666666666666,2.4618055555555554,9.591269841269842,7.595238095238095,3.861111111111111,11.125,8.243055555555557,6.098765432098765,5.861111111111112,4.454861111111111,2.7291666666666665,8.215277777777779,9.881944444444445,5.4413580246913575,7.160493827160494,4.840277777777778,4.743589743589744,5.534188034188034,3.1967592592592595,3.351851851851852,5.932098765432099,1.0740740740740742,6.898148148148148,10.994444444444444,5.7555555555555555,5.576388888888889,5.25,7.84920634920635,2.333333333333333,4.853174603174604,8.537037037037036,3.327777777777778,9.916666666666666,2.743055555555556,3.513888888888889,7.8842592592592595,2.783333333333333,3.261111111111111,12.85,16.40277777777778,4.180555555555555,8.453703703703704,5.2407407407407405,2.9027777777777777,8.383333333333333,4.55,4.166666666666667,14.222222222222221,7.5092592592592595,2.2896825396825395,14.898148148148149,7.805555555555555,5.983333333333333,11.16358024691358,6.243827160493828,6.2347222222222225,5.0055555555555555,5.7821637426900585
V6-01.08.2024-C1SN.V43.csv,2.155982905982906,3.551282051282051,9.621794871794872,2.9791666666666665,4.767361111111112,9.623015873015873,2.2569444444444446,10.284722222222221,7.652777777777779,4.614583333333333,4.2063492063492065,10.218253968253968,3.8796296296296298,7.55,9.383333333333333,4.496527777777778,6.448412698412699,4.563492063492063,5.905092592592593,4.159722222222222,2.1338383838383836,2.4652777777777777,7.711805555555555,2.0595238095238093,4.083333333333333,11.911111111111111,7.840277777777778,4.430555555555555,3.844444444444444,8.24074074074074,3.0092592592592595,7.7407407407407405,6.523148148148149,3.0925925925925926,1.1722222222222223,10.766666666666667,3.85,9.993055555555555,2.8958333333333335,1.7291666666666665,9.130952380952381,11.234126984126984,5.222222222222221,10.208333333333334,9.763888888888888,3.509259259259259,4.383333333333334,4.633333333333334,5.458333333333333,9.302083333333334,4.761904761904762,6.845238095238096,10.726190476190476,7.467592592592593,6.923076923076923,6.047008547008547,4.761574074074074,3.853535353535354,4.66919191919192,5.021464646464646
V6-01.08.2024-C1SN.V48.csv,2.3648148148148147,4.079365079365079,8.200396825396826,2.4691358024691357,8.21875,9.225694444444445,2.188888888888889,9.71111111111111,6.9,5.472222222222222,4.768518518518518,5.496913580246914,3.861111111111111,8.366666666666667,7.180555555555555,5.179292929292929,4.335858585858586,4.525,2.892156862745098,7.950980392156863,2.588235294117647,3.1049382716049383,7.4753086419753085,2.0617283950617282,6.238095238095238,10.685185185185185,2.5925925925925926,3.4126984126984126,9.634920634920634,7.261904761904762,8.597222222222223,3.231481481481482,9.655555555555555,2.6444444444444444,4.527777777777778,11.25,2.1203703703703702,5.861111111111112,3.648148148148148,4.836805555555555,12,4.880952380952381,4.148148148148148,10.32777777777778,4.266666666666667,2.8333333333333335,6.777777777777778,11.805555555555555,4.152777777777778,11.648148148148147,10.333333333333334,2.5166666666666666,13.677777777777777,12.738888888888889,5.886111111111111,9.82716049382716,7.944444444444444,5.130434782608695,4.803140096618358,4.78743961352657
V6-01.08.2024-C1SN.V49.csv,2.259259259259259,5.777777777777778,9.191176470588236,5.23989898989899,9.59090909090909,8.669444444444446,4.316666666666666,10.377777777777778,9.61111111111111,3.8095238095238098,5.9603174603174605,4.906746031746032,3.108024691358025,6.410493827160494,8.802083333333334,4.711538461538462,3.497863247863248,4.375,3.484722222222222,2.726608187134503,4.697368421052632,2.9572649572649574,5.444444444444445,4.305555555555555,4.765151515151516,9.591666666666667,3.1694444444444443,8.797979797979798,6.154040404040404,7.878787878787879,4.438271604938271,5.787037037037037,9.135416666666666,2.447530864197531,2.9382716049382713,10,2.4953703703703702,5.736111111111111,11.333333333333334,5.383333333333334,10.913888888888888,10.737654320987653,5.197222222222222,6.6759259259259265,5.194444444444445,1.650793650793651,7.146825396825397,6.388888888888888,4.131481481481481,9.948412698412698,3.617063492063492,8.133333333333333,9.544444444444444,7.873456790123457,6.043055555555556,6.66374269005848,5.252923976608187,6.932098765432099,6.224279835390947,4.36522633744856
V7-01.08.2024-C1SN.M07.csv,1.25,3.846296296296296,8.71031746031746,2.314814814814815,7.962962962962963,10.494444444444444,4.402777777777778,10.444444444444445,8.546296296296296,4.7407407407407405,4.654320987654321,8.71604938271605,4.571428571428571,5.964285714285714,2.115740740740741,4.354166666666666,7.0476190476190474,5.861111111111111,5.106060606060606,3.8762626262626263,3.9444444444444446,2.9305555555555554,5.111111111111111,6.912037037037037,5.101851851851852,12.541666666666668,5.783333333333333,7.489583333333333,5.611111111111111,5.698412698412699,8.838888888888889,3.611111111111111,10.472222222222221,2.7555555555555555,4.777777777777778,11.027777777777777,1.6944444444444444,2.333333333333333,11.409722222222221,3.738095238095238,11.158730158730158,9.148148148148147,4.354166666666666,8.208333333333334,11.45138888888889,2.9611111111111112,4.284722222222222,9.993055555555555,3.1031746031746033,11.095238095238095,8.73611111111111,6.784722222222222,10.305555555555555,5.7103174603174605,7.229166666666667,12.319444444444445,10.107142857142858,6.298941798941799,4.0152777777777775,5.147222222222222
V7-01.08.2024-C1SN.M31.csv,1.494047619047619,4.430555555555555,9.121794871794872,3.8472222222222223,8.712962962962964,10.25462962962963,3.5055555555555555,10.744444444444444,4.673611111111111,4.4907407407407405,3.7569444444444446,9.48263888888889,6.229166666666666,9.70138888888889,8.756944444444445,3.7098765432098766,5.697530864197531,4.8919753086419755,4.492063492063492,4.357142857142857,3.257936507936508,2.1944444444444446,4.216049382716049,4.959876543209877,8.097222222222223,11.572222222222223,5.238888888888889,6.119047619047619,7.3730158730158735,7.734126984126983,3.8680555555555554,10.42361111111111,11.07638888888889,3.7055555555555557,4.534722222222221,11.027777777777779,2.7037037037037037,7.622222222222223,3.988888888888889,3.675925925925926,10.351851851851851,12.537037037037038,5.0055555555555555,7.766666666666667,5.75,3.477777777777778,6.395833333333333,6.472222222222222,5.833333333333333,11.384259259259258,8.027777777777779,8.394444444444444,11.872222222222224,9.63888888888889,7.833333333333333,6.813131313131313,4.782828282828283,7.048941798941799,4.23015873015873,4.7236111111111105
V7-01.08.2024-C1SN.T10.csv,1.8115079365079365,4.814102564102564,10.371794871794872,3.2569444444444446,7.416666666666667,11.333333333333332,2.2916666666666665,9.833333333333334,11.935185185185185,5.122222222222222,4.666666666666666,5.175925925925926,4.256944444444445,9.256944444444445,10.62037037037037,6.864583333333333,6.350694444444445,4.305555555555555,4.551282051282051,4.638888888888889,2.8402777777777777,2.558641975308642,6.126543209876543,2.6450617283950617,6.6269841269841265,9.75462962962963,4.9907407407407405,7.17063492063492,5.805555555555555,6.349206349206349,4.898148148148148,10.322222222222223,9.827777777777778,1.7037037037037037,10.462962962962962,11.36111111111111,5.488888888888888,5.0625,6.458333333333334,2.84375,11.347222222222223,4.135416666666667,4.855555555555555,10.655555555555557,4.333333333333334,4.1611111111111105,6.205555555555556,3.6,7.506944444444445,8.947916666666666,3.9603174603174605,5.944444444444445,10.877777777777776,11.222222222222221,5.978395061728395,10.907407407407407,7.864583333333333,7.558479532163743,5.966374269005848,4.152777777777778
V7-01.08.2024-C1SN.V15.csv,1.753472222222222,4.28125,8.185185185185185,2.177083333333333,9.378472222222223,9.684027777777779,4.319444444444445,9.92361111111111,5.990740740740741,5.697530864197531,7.524305555555555,3.6909722222222223,3.5925925925925926,8.316666666666666,5.616666666666667,4.611111111111111,4.314814814814815,4.151234567901235,5.420138888888889,2.7888888888888888,2.0074074074074075,2.65625,8.46875,1.6493055555555556,8.097222222222221,10.550925925925926,5.311111111111111,3.4895833333333335,6.670138888888889,8.850694444444445,7.372222222222222,11.922222222222222,1.5833333333333333,2.7222222222222223,11.03888888888889,2.3666666666666667,3.922222222222222,8.655555555555555,1.6875,3.8333333333333335,15.402777777777779,5.175925925925926,3.9833333333333334,7.7986111111111125,13.590277777777779,3.2314814814814814,8.212962962962964,9.564814814814815,4.916666666666667,15.11574074074074,7.98888888888889,3.3888888888888893,15.2,11.955555555555556,8.661111111111111,8.419444444444444,5.005555555555556,6.713450292397661,5.849415204678363,4.6725146198830405
V7-01.08.2024-C1SN.V42.csv,2.140740740740741,4.457407407407407,9.311111111111112,3.486111111111111,10.99537037037037,9.662037037037038,4.347222222222222,11.777777777777777,7.768518518518518,6.638888888888888,4.8842592592592595,9.458333333333332,3.2666666666666666,7.694444444444445,10.409722222222223,4.752777777777778,7.052469135802469,5.567901234567901,5.9141414141414135,4.590909090909091,2.9722222222222223,3.920138888888889,8.92361111111111,2.246031746031746,6.75462962962963,10.87962962962963,4.796296296296296,4.7253086419753085,7.765432098765432,2.8194444444444446,2.7896825396825395,7.325396825396825,4.146825396825397,3.161111111111111,10.127777777777778,2.743055555555556,2.605555555555555,9.3125,6.1875,1.4506172839506173,10.006172839506172,6.364197530864198,4.393518518518518,6.888888888888888,4.816666666666666,3.2888888888888888,6.866666666666667,4.927777777777778,5.513888888888888,9.48611111111111,4.154761904761905,8.180555555555555,12.106481481481481,3.9907407407407405,7.708333333333333,8.003086419753085,6.4413580246913575,6.671296296296297,6.318627450980392,8.470588235294118
V7-01.08.2024-C1SN.V43.csv,3.137037037037037,6.533333333333333,7.125925925925926,6.435185185185185,9.546296296296296,7.638888888888888,3.261111111111111,8.066666666666666,6.881944444444445,5.006172839506173,3.0185185185185186,8.875,3.25,8.493055555555555,11.01388888888889,5.385802469135802,5.836805555555555,4.388888888888889,3.023148148148148,7.736111111111111,8,3.053240740740741,3.371212121212121,6.055555555555555,7.211111111111111,10.511111111111113,6.783333333333333,8.087962962962962,11.125,5.986111111111112,9.756944444444445,10.444444444444445,10.659722222222221,2.5555555555555554,7.673611111111111,8.70138888888889,2.5902777777777777,9.979166666666666,9.518518518518517,5.143518518518518,10.655555555555555,10.894444444444444,4.166666666666667,9.038888888888888,8.92361111111111,2.6805555555555554,7.694444444444445,10.925925925925926,6.218253968253968,10.550925925925927,7.430555555555555,7.933333333333333,10.844444444444445,10.761111111111111,5.715277777777779,12.29513888888889,9.96875,8.969298245614036,4.257309941520468,4.646604938271604
V7-01.08.2024-C1SN.V49.csv,2.169753086419753,6.595679012345679,8.990196078431373,3.002136752136752,7.256410256410256,8.694444444444445,4.154761904761905,9.869047619047619,5.6759259259259265,7.128787878787879,6.072222222222222,7.894444444444444,4.920634920634921,8.273148148148149,9.592592592592592,4.530092592592593,6.965277777777778,5.3106060606060606,4.928030303030303,3.823232323232323,1.4047619047619047,5.527777777777778,6.111111111111112,2.9916666666666667,6.37962962962963,10.169753086419753,7.228395061728396,5.025793650793651,5.801282051282051,7.8076923076923075,7.537037037037037,7.451388888888889,4.788194444444445,4.15625,3.337301587301587,10.5,3.2407407407407405,7.378472222222221,3.923611111111111,5.626068376068376,10.784722222222221,5.375,3.1875,9.583333333333334,10.317460317460318,2.175925925925926,6.560185185185185,10.46111111111111,6.50462962962963,10.449074074074074,4.456018518518518,8.265432098765432,10.385802469135804,11.100694444444445,7.375,9.22037037037037,6.162962962962963,6.75095785440613,6.50095785440613,5.1819923371647505
